title,category,date_text,date_start,date_end,comune,region,region_slug,area,area_slug,url,description,indirizzo,prezzo,lat,lon
SagrafavoriteArrostiland,,6 aprile 2026,2026-04-06,2026-04-06,Mosciano Sant'Angelo,Abruzzo,abruzzo,Costa dei Trabocchi,costa-dei-trabocchi,https://sagr.it/abruzzo/costa-dei-trabocchi/eventi/arrostiland,,,,,
SagrafavoriteDivinamente Abruzzo,,11 aprile - 20 aprile 2026,2026-04-11,2026-04-20,Montesilvano,Abruzzo,abruzzo,Costa dei Trabocchi,costa-dei-trabocchi,https://sagr.it/abruzzo/costa-dei-trabocchi/eventi/divinamente-abruzzo,,,,,
FierafavoriteFiera dell’Agricoltura Lanciano,,17 aprile - 19 aprile 2026,2026-04-17,2026-04-19,Lanciano,Abruzzo,abruzzo,Costa dei Trabocchi,costa-dei-trabocchi,https://sagr.it/abruzzo/costa-dei-trabocchi/eventi/fiera-dell-agricoltura-lanciano,,,,,
SagrafavoriteFestival del carciofo,,24 aprile - 3 maggio 2026,2026-04-24,2026-05-03,Cupello,Abruzzo,abruzzo,Costa dei Trabocchi,costa-dei-trabocchi,https://sagr.it/abruzzo/costa-dei-trabocchi/eventi/festival-del-carciofo,,,,,
SagrafavoriteVinorum Festival del Vino d&rsquo;Abruzzo,,15 maggio - 17 maggio 2026,2026-05-15,2026-05-17,Pescara,Abruzzo,abruzzo,Costa dei Trabocchi,costa-dei-trabocchi,https://sagr.it/abruzzo/costa-dei-trabocchi/eventi/vinorum-festival-del-vino-d-abruzzo-2,,,,,
SagrafavoriteFrancavilla Fiori e Fragole,,16 maggio - 17 maggio 2026,2026-05-16,2026-05-17,Francavilla al Mare,Abruzzo,abruzzo,Costa dei Trabocchi,costa-dei-trabocchi,https://sagr.it/abruzzo/costa-dei-trabocchi/eventi/francavilla-fiori-e-fragole,,,,,
SagrafavoriteAssaggia Tortona,,22 maggio - 24 maggio 2026,2026-05-22,2026-05-24,Tortona,Abruzzo,abruzzo,Costa dei Trabocchi,costa-dei-trabocchi,https://sagr.it/abruzzo/costa-dei-trabocchi/eventi/assaggia-tortona,,,,,
SagrafavoriteBorgo diVino in Tour Città Sant&rsquo;Angelo,,12 giugno - 14 giugno 2026,2026-06-12,2026-06-14,Città Sant'Angelo,Abruzzo,abruzzo,Costa dei Trabocchi,costa-dei-trabocchi,https://sagr.it/abruzzo/costa-dei-trabocchi/eventi/borgo-divino-in-tour-citta-sant-angelo,,,,,
SagrafavoriteUn Castello di Birra,,17 giugno - 21 giugno 2026,2026-06-17,2026-06-21,Sant'Omero,Abruzzo,abruzzo,Costa dei Trabocchi,costa-dei-trabocchi,https://sagr.it/abruzzo/costa-dei-trabocchi/eventi/un-castello-di-birra,,,,,
SagrafavoriteSagra della Pizza Scima,,25 giugno - 27 giugno 2026,2026-06-25,2026-06-27,Casoli,Abruzzo,abruzzo,Costa dei Trabocchi,costa-dei-trabocchi,https://sagr.it/abruzzo/costa-dei-trabocchi/eventi/sagra-della-pizza-scima,,,,,
SagrafavoriteSerata della sfogliatella,,27 giugno 2026,2026-06-27,2026-06-27,Villalfonsina,Abruzzo,abruzzo,Costa dei Trabocchi,costa-dei-trabocchi,https://sagr.it/abruzzo/costa-dei-trabocchi/eventi/serata-della-sfogliatella,,,,,
SagrafavoriteSagra Pizza Fritta e Arrosticini,,3 luglio - 5 luglio 2026,2026-07-03,2026-07-05,Turrivalignani,Abruzzo,abruzzo,Costa dei Trabocchi,costa-dei-trabocchi,https://sagr.it/abruzzo/costa-dei-trabocchi/eventi/sagra-pizza-fritta-e-arrosticini-mqt9i1j3,,,,,
SagrafavoriteSagra delle Fregnacce,,3 luglio - 6 luglio 2026,2026-07-03,2026-07-06,Bivio Campli,Abruzzo,abruzzo,Costa dei Trabocchi,costa-dei-trabocchi,https://sagr.it/abruzzo/costa-dei-trabocchi/eventi/sagra-delle-fregnacce,,,,,
SagrafavoriteSagra pizza fritta e arrosticini,,4 luglio - 6 luglio 2026,2026-07-04,2026-07-06,Pescarina,Abruzzo,abruzzo,Costa dei Trabocchi,costa-dei-trabocchi,https://sagr.it/abruzzo/costa-dei-trabocchi/eventi/sagra-pizza-fritta-e-arrosticini,,,,,
SagrafavoriteSagra del tartufo,,7 luglio - 13 luglio 2026,2026-07-07,2026-07-13,Campovalano,Abruzzo,abruzzo,Costa dei Trabocchi,costa-dei-trabocchi,https://sagr.it/abruzzo/costa-dei-trabocchi/eventi/sagra-del-tartufo-mobz22q5,,,,,
SagrafavoritePinta tra i dipinti,,8 luglio - 12 luglio 2026,2026-07-08,2026-07-12,Casoli,Abruzzo,abruzzo,Costa dei Trabocchi,costa-dei-trabocchi,https://sagr.it/abruzzo/costa-dei-trabocchi/eventi/pinta-tra-i-dipinti,,,,,
FestivalfavoriteFestival del Salterello,,9 luglio 2026,2026-07-09,2026-07-09,Giulianova,Abruzzo,abruzzo,Costa dei Trabocchi,costa-dei-trabocchi,https://sagr.it/abruzzo/costa-dei-trabocchi/eventi/festival-del-salterello,,,,,
SagrafavoriteUn Borgo di Birra,,13 luglio - 19 luglio 2026,2026-07-13,2026-07-19,Civitella del Tronto,Abruzzo,abruzzo,Costa dei Trabocchi,costa-dei-trabocchi,https://sagr.it/abruzzo/costa-dei-trabocchi/eventi/un-borgo-di-birra,,,,,
SagrafavoriteGin & Tonic Festival Montesilvano,,17 luglio - 19 luglio 2026,2026-07-17,2026-07-19,Montesilvano,Abruzzo,abruzzo,Costa dei Trabocchi,costa-dei-trabocchi,https://sagr.it/abruzzo/costa-dei-trabocchi/eventi/gin-tonic-festival-montesilvano,,,,,
SagrafavoriteSagra del baccalà,,20 luglio - 26 luglio 2026,2026-07-20,2026-07-26,Sant'Omero,Abruzzo,abruzzo,Costa dei Trabocchi,costa-dei-trabocchi,https://sagr.it/abruzzo/costa-dei-trabocchi/eventi/sagra-del-baccala,,,,,
SagrafavoriteSagra dei cingoli di Cellino,,22 luglio - 26 luglio 2026,2026-07-22,2026-07-26,Cellino Attanasio,Abruzzo,abruzzo,Costa dei Trabocchi,costa-dei-trabocchi,https://sagr.it/abruzzo/costa-dei-trabocchi/eventi/sagra-dei-cingoli-di-cellino,,,,,
SagrafavoriteTacchinando by Night - La sagra del tacchino alla canzanese,,22 luglio - 27 luglio 2026,2026-07-22,2026-07-27,Canzano,Abruzzo,abruzzo,Costa dei Trabocchi,costa-dei-trabocchi,https://sagr.it/abruzzo/costa-dei-trabocchi/eventi/tacchinando-by-night-la-sagra-del-tacchino-alla-canzanese,,,,,
SagrafavoriteSagra delle pallotte cace e ove,,25 luglio - 27 luglio 2026,2026-07-25,2026-07-27,Santa Maria Imbaro,Abruzzo,abruzzo,Costa dei Trabocchi,costa-dei-trabocchi,https://sagr.it/abruzzo/costa-dei-trabocchi/eventi/sagra-delle-pallotte-cace-e-ove,,,,,
SagrafavoriteSagra di Controguerra,,28 luglio - 2 agosto 2026,2026-07-28,2026-08-02,Controguerra,Abruzzo,abruzzo,Costa dei Trabocchi,costa-dei-trabocchi,https://sagr.it/abruzzo/costa-dei-trabocchi/eventi/sagra-di-controguerra,,,,,
SagrafavoriteMostra dei vini,,1 agosto - 3 agosto 2026,2026-08-01,2026-08-03,Montepagano,Abruzzo,abruzzo,Costa dei Trabocchi,costa-dei-trabocchi,https://sagr.it/abruzzo/costa-dei-trabocchi/eventi/mostra-dei-vini,,,,,
SagrafavoriteSagra del maccheroncino di Saragolla,,1 agosto - 8 agosto 2026,2026-08-01,2026-08-08,Garrufo,Abruzzo,abruzzo,Costa dei Trabocchi,costa-dei-trabocchi,https://sagr.it/abruzzo/costa-dei-trabocchi/eventi/sagra-del-maccheroncino-di-saragolla,,,,,
SagrafavoriteSagra del pane casereccio,,1 agosto - 3 agosto 2026,2026-08-01,2026-08-03,Penna Sant'Andrea,Abruzzo,abruzzo,Costa dei Trabocchi,costa-dei-trabocchi,https://sagr.it/abruzzo/costa-dei-trabocchi/eventi/sagra-del-pane-casereccio,,,,,
SagrafavoriteFara cipollara,,2 agosto - 3 agosto 2026,2026-08-02,2026-08-03,Fara Filiorum Petri,Abruzzo,abruzzo,Costa dei Trabocchi,costa-dei-trabocchi,https://sagr.it/abruzzo/costa-dei-trabocchi/eventi/fara-cipollara,,,,,
SagrafavoriteSagra del Timballo,,2 agosto - 3 agosto 2026,2026-08-02,2026-08-03,Tossicia,Abruzzo,abruzzo,Costa dei Trabocchi,costa-dei-trabocchi,https://sagr.it/abruzzo/costa-dei-trabocchi/eventi/sagra-del-timballo,,,,,
SagrafavoriteSagra pipindune e ove,,2 agosto - 5 agosto 2026,2026-08-02,2026-08-05,Collecorvino,Abruzzo,abruzzo,Costa dei Trabocchi,costa-dei-trabocchi,https://sagr.it/abruzzo/costa-dei-trabocchi/eventi/sagra-pipindune-e-ove,,,,,
SagrafavoriteMagna Majella,,3 agosto 2026,2026-08-03,2026-08-03,Serramonacesca,Abruzzo,abruzzo,Costa dei Trabocchi,costa-dei-trabocchi,https://sagr.it/abruzzo/costa-dei-trabocchi/eventi/magna-majella,,,,,
SagrafavoriteSagra del Prosciutto Abruzzese e Festival del Du'bbotte,,6 agosto - 10 agosto 2026,2026-08-06,2026-08-10,Basciano,Abruzzo,abruzzo,Costa dei Trabocchi,costa-dei-trabocchi,https://sagr.it/abruzzo/costa-dei-trabocchi/eventi/sagra-del-prosciutto-abruzzese-e-festival-del-du-bbotte,,,,,
SagrafavoriteFestival del peperoncino piccante,,8 agosto - 11 agosto 2026,2026-08-08,2026-08-11,Filetto,Abruzzo,abruzzo,Costa dei Trabocchi,costa-dei-trabocchi,https://sagr.it/abruzzo/costa-dei-trabocchi/eventi/festival-del-peperoncino-piccante,,,,,
SagrafavoritePecorino & Pecorini,,8 agosto - 10 agosto 2026,2026-08-08,2026-08-10,Farindola,Abruzzo,abruzzo,Costa dei Trabocchi,costa-dei-trabocchi,https://sagr.it/abruzzo/costa-dei-trabocchi/eventi/pecorino-pecorini,,,,,
SagrafavoriteFestival dell'arrosticino,,9 agosto - 10 agosto 2026,2026-08-09,2026-08-10,Villa Celiera,Abruzzo,abruzzo,Costa dei Trabocchi,costa-dei-trabocchi,https://sagr.it/abruzzo/costa-dei-trabocchi/eventi/festival-dell-arrosticino,,,,,
RievocazionefavoriteLe Ruelle di lu Paese - Saperi e Sapori della Transumanza,,11 agosto - 12 agosto 2026,2026-08-11,2026-08-12,Scerni,Abruzzo,abruzzo,Costa dei Trabocchi,costa-dei-trabocchi,https://sagr.it/abruzzo/costa-dei-trabocchi/eventi/le-ruelle-di-lu-paese-saperi-e-sapori-della-transumanza,,,,,
SagrafavoriteSagra dei cavatelli,,11 agosto 2026,2026-08-11,2026-08-11,Tufillo,Abruzzo,abruzzo,Costa dei Trabocchi,costa-dei-trabocchi,https://sagr.it/abruzzo/costa-dei-trabocchi/eventi/sagra-dei-cavatelli,,,,,
"SagrafavoriteSagra di Torano Nuovo, paese del gusto",,12 agosto - 17 agosto 2026,2026-08-12,2026-08-17,Torano Nuovo,Abruzzo,abruzzo,Costa dei Trabocchi,costa-dei-trabocchi,https://sagr.it/abruzzo/costa-dei-trabocchi/eventi/sagra-di-torano-nuovo-paese-del-gusto,,,,,
SagrafavoriteBorgo di Gusto,,13 agosto 2026,2026-08-13,2026-08-13,Civitaluparella,Abruzzo,abruzzo,Costa dei Trabocchi,costa-dei-trabocchi,https://sagr.it/abruzzo/costa-dei-trabocchi/eventi/borgo-di-gusto,,,,,
SagrafavoriteFesta del lì squacciafichere,,13 agosto 2026,2026-08-13,2026-08-13,Atessa,Abruzzo,abruzzo,Costa dei Trabocchi,costa-dei-trabocchi,https://sagr.it/abruzzo/costa-dei-trabocchi/eventi/festa-del-li-squacciafichere,,,,,
SagrafavoriteSagra della ventricina,,13 agosto - 14 agosto 2026,2026-08-13,2026-08-14,Guilmi,Abruzzo,abruzzo,Costa dei Trabocchi,costa-dei-trabocchi,https://sagr.it/abruzzo/costa-dei-trabocchi/eventi/sagra-della-ventricina,,,,,
SagrafavoriteSagra dell'arrosticino e del formaggio fritto,,16 agosto - 19 agosto 2026,2026-08-16,2026-08-19,Isola del Gran Sasso d'Italia,Abruzzo,abruzzo,Costa dei Trabocchi,costa-dei-trabocchi,https://sagr.it/abruzzo/costa-dei-trabocchi/eventi/sagra-dell-arrosticino-e-del-formaggio-fritto,,,,,
SagrafavoriteSagra della capra alla neretese,,17 agosto - 23 agosto 2026,2026-08-17,2026-08-23,Nereto,Abruzzo,abruzzo,Costa dei Trabocchi,costa-dei-trabocchi,https://sagr.it/abruzzo/costa-dei-trabocchi/eventi/sagra-della-capra-alla-neretese,,,,,
SagrafavoriteSagra delle 'ndrocchie,,17 agosto 2026,2026-08-17,2026-08-17,Cupello,Abruzzo,abruzzo,Costa dei Trabocchi,costa-dei-trabocchi,https://sagr.it/abruzzo/costa-dei-trabocchi/eventi/sagra-delle-ndrocchie,,,,,
SagrafavoriteSagra della porchetta italica,,19 agosto - 24 agosto 2026,2026-08-19,2026-08-24,Campli,Abruzzo,abruzzo,Costa dei Trabocchi,costa-dei-trabocchi,https://sagr.it/abruzzo/costa-dei-trabocchi/eventi/sagra-della-porchetta-italica,,,,,
SagrafavoriteSagra della mortadella alla brace,,20 agosto - 22 agosto 2026,2026-08-20,2026-08-22,Colledoro,Abruzzo,abruzzo,Costa dei Trabocchi,costa-dei-trabocchi,https://sagr.it/abruzzo/costa-dei-trabocchi/eventi/sagra-della-mortadella-alla-brace,,,,,
SagrafavoriteSagra delle fregnacce ed arrosticini,,20 agosto - 23 agosto 2026,2026-08-20,2026-08-23,Cermignano,Abruzzo,abruzzo,Costa dei Trabocchi,costa-dei-trabocchi,https://sagr.it/abruzzo/costa-dei-trabocchi/eventi/sagra-delle-fregnacce-ed-arrosticini,,,,,
Evento culturalefavoriteStrà Festival Degli Artisti Di Strada,,22 agosto - 23 agosto 2026,2026-08-22,2026-08-23,Collecorvino,Abruzzo,abruzzo,Costa dei Trabocchi,costa-dei-trabocchi,https://sagr.it/abruzzo/costa-dei-trabocchi/eventi/stra-festival-degli-artisti-di-strada,,,,,
SagrafavoriteFestival del peperone dolce di Altino,,22 agosto - 23 agosto 2026,2026-08-22,2026-08-23,Altino,Abruzzo,abruzzo,Costa dei Trabocchi,costa-dei-trabocchi,https://sagr.it/abruzzo/costa-dei-trabocchi/eventi/festival-del-peperone-dolce-di-altino,,,,,
SagrafavoriteSagra della porchetta lentellesse,,23 agosto 2026,2026-08-23,2026-08-23,Lentella,Abruzzo,abruzzo,Costa dei Trabocchi,costa-dei-trabocchi,https://sagr.it/abruzzo/costa-dei-trabocchi/eventi/sagra-della-porchetta-lentellesse,,,,,
SagrafavoriteSagra dell’uva,,14 settembre 2026,2026-09-14,2026-09-14,Città Sant'Angelo,Abruzzo,abruzzo,Costa dei Trabocchi,costa-dei-trabocchi,https://sagr.it/abruzzo/costa-dei-trabocchi/eventi/sagra-dell-uva-mqbexphg,,,,,
SagrafavoriteFesta dell’Uva e Vino Montonico,,2 ottobre - 5 ottobre 2026,2026-10-02,2026-10-05,Bisenti,Abruzzo,abruzzo,Costa dei Trabocchi,costa-dei-trabocchi,https://sagr.it/abruzzo/costa-dei-trabocchi/eventi/festa-dell-uva-e-vino-montonico,,,,,
SagrafavoriteMostra mercato del tartufo,,3 ottobre - 5 ottobre 2026,2026-10-03,2026-10-05,Quadri,Abruzzo,abruzzo,Costa dei Trabocchi,costa-dei-trabocchi,https://sagr.it/abruzzo/costa-dei-trabocchi/eventi/mostra-mercato-del-tartufo,,,,,
SagrafavoriteNovello al castello – Festa del vino,,7 novembre - 8 novembre 2026,2026-11-07,2026-11-08,Catignano,Abruzzo,abruzzo,Costa dei Trabocchi,costa-dei-trabocchi,https://sagr.it/abruzzo/costa-dei-trabocchi/eventi/novello-al-castello-festa-del-vino,,,,,
SagrafavoriteNovello e Castagne,,7 novembre - 9 novembre 2026,2026-11-07,2026-11-09,Miglianico,Abruzzo,abruzzo,Costa dei Trabocchi,costa-dei-trabocchi,https://sagr.it/abruzzo/costa-dei-trabocchi/eventi/novello-e-castagne,,,,,
"SagrafavoriteFesta del Vino Novello, Castagne e Olio nuovo",,8 novembre - 9 novembre 2026,2026-11-08,2026-11-09,Treglio,Abruzzo,abruzzo,Costa dei Trabocchi,costa-dei-trabocchi,https://sagr.it/abruzzo/costa-dei-trabocchi/eventi/festa-del-vino-novello-castagne-e-olio-nuovo,,,,,
SagrafavoriteProsit Poluthar,,15 novembre 2026,2026-11-15,2026-11-15,Pollutri,Abruzzo,abruzzo,Costa dei Trabocchi,costa-dei-trabocchi,https://sagr.it/abruzzo/costa-dei-trabocchi/eventi/prosit-poluthar,,,,,
SagrafavoriteFesta dell’olio nuovo,,6 dicembre - 8 dicembre 2026,2026-12-06,2026-12-08,Frisa,Abruzzo,abruzzo,Costa dei Trabocchi,costa-dei-trabocchi,https://sagr.it/abruzzo/costa-dei-trabocchi/eventi/festa-dell-olio-nuovo,,,,,
Evento culturalefavoriteNotte dei Faugni,,7 dicembre - 8 dicembre 2026,2026-12-07,2026-12-08,Atri,Abruzzo,abruzzo,Costa dei Trabocchi,costa-dei-trabocchi,https://sagr.it/abruzzo/costa-dei-trabocchi/eventi/notte-dei-faugni,,,,,
SagrafavoriteFesta del Sedano Nero di Torricella Peligna,,11 dicembre - 13 dicembre 2026,2026-12-11,2026-12-13,Torricella Peligna,Abruzzo,abruzzo,Costa dei Trabocchi,costa-dei-trabocchi,https://sagr.it/abruzzo/costa-dei-trabocchi/eventi/festa-del-sedano-nero-di-torricella-peligna,,,,,
Festa patronalefavoriteFesta delle Farchie,,16 gennaio 2027,2027-01-16,2027-01-16,Fara Filiorum Petri,Abruzzo,abruzzo,Costa dei Trabocchi,costa-dei-trabocchi,https://sagr.it/abruzzo/costa-dei-trabocchi/eventi/festa-delle-farchie,,,,,
Festa patronalefavoriteFesta di San Biagio,,1 febbraio - 3 febbraio 2027,2027-02-01,2027-02-03,Taranta Peligna,Abruzzo,abruzzo,Costa dei Trabocchi,costa-dei-trabocchi,https://sagr.it/abruzzo/costa-dei-trabocchi/eventi/festa-di-san-biagio,,,,,
SagrafavoriteVinorum - Festival del vino d'Abruzzo,,15 maggio - 17 maggio 2026,2026-05-15,2026-05-17,L'Aquila,Abruzzo,abruzzo,L Aquila e Gran Sasso,l-aquila-e-gran-sasso,https://sagr.it/abruzzo/l-aquila-e-gran-sasso/eventi/vinorum-festival-del-vino-d-abruzzo,,,,,
SagrafavoriteFesta della Pizza con Porchetta,,18 giugno - 21 giugno 2026,2026-06-18,2026-06-21,Isola del Gran Sasso,Abruzzo,abruzzo,L Aquila e Gran Sasso,l-aquila-e-gran-sasso,https://sagr.it/abruzzo/l-aquila-e-gran-sasso/eventi/festa-della-pizza-con-porchetta,,,,,
SagrafavoriteAbruzzo in Bolla,,20 giugno - 22 giugno 2026,2026-06-20,2026-06-22,L'Aquila,Abruzzo,abruzzo,L Aquila e Gran Sasso,l-aquila-e-gran-sasso,https://sagr.it/abruzzo/l-aquila-e-gran-sasso/eventi/abruzzo-in-bolla,,,,,
FestivalfavoriteAbbazie Summer,Festival,28 giugno - 5 agosto 2026,2026-06-28,2026-08-05,Valle delle Abbazie,Abruzzo,abruzzo,L Aquila e Gran Sasso,l-aquila-e-gran-sasso,https://sagr.it/abruzzo/l-aquila-e-gran-sasso/eventi/abbazie-summer-festival,,,,,
SagrafavoriteSagra della Pizza Fritta e degli Arrosticini,,3 luglio - 5 luglio 2026,2026-07-03,2026-07-05,Turrivalignani,Abruzzo,abruzzo,L Aquila e Gran Sasso,l-aquila-e-gran-sasso,https://sagr.it/abruzzo/l-aquila-e-gran-sasso/eventi/sagra-della-pizza-fritta-e-degli-arrosticini,,,,,
FierafavoriteFiera della pastorizia,,4 luglio - 6 luglio 2026,2026-07-04,2026-07-06,Crognaleto,Abruzzo,abruzzo,L Aquila e Gran Sasso,l-aquila-e-gran-sasso,https://sagr.it/abruzzo/l-aquila-e-gran-sasso/eventi/fiera-della-pastorizia,,,,,
SagrafavoriteSagra dell&rsquo;Aglio Rosso di Sulmona,,10 luglio - 11 luglio 2026,2026-07-10,2026-07-11,Prezza,Abruzzo,abruzzo,L Aquila e Gran Sasso,l-aquila-e-gran-sasso,https://sagr.it/abruzzo/l-aquila-e-gran-sasso/eventi/sagra-dell-aglio-rosso-di-sulmona-2,,,,,
SagrafavoriteSagra della Frittella Ornanese,,16 luglio - 19 luglio 2026,2026-07-16,2026-07-19,Colledara,Abruzzo,abruzzo,L Aquila e Gran Sasso,l-aquila-e-gran-sasso,https://sagr.it/abruzzo/l-aquila-e-gran-sasso/eventi/sagra-della-frittella-ornanese-mq1rreqh,,,,,
SagrafavoriteBirrart a Tagliacozzo,,17 luglio - 19 luglio 2026,2026-07-17,2026-07-19,Tagliacozzo,Abruzzo,abruzzo,L Aquila e Gran Sasso,l-aquila-e-gran-sasso,https://sagr.it/abruzzo/l-aquila-e-gran-sasso/eventi/birrart-a-tagliacozzo,,,,,
SagrafavoriteFesta della cococciata,,18 luglio 2026,2026-07-18,2026-07-18,Paterno,Abruzzo,abruzzo,L Aquila e Gran Sasso,l-aquila-e-gran-sasso,https://sagr.it/abruzzo/l-aquila-e-gran-sasso/eventi/festa-della-cococciata,,,,,
SagrafavoriteSagra della frittella ornanese,,24 luglio - 27 luglio 2026,2026-07-24,2026-07-27,Ornano Grande,Abruzzo,abruzzo,L Aquila e Gran Sasso,l-aquila-e-gran-sasso,https://sagr.it/abruzzo/l-aquila-e-gran-sasso/eventi/sagra-della-frittella-ornanese,,,,,
SagrafavoriteSagra degli orapi,,26 luglio 2026,2026-07-26,2026-07-26,Villetta Barrea,Abruzzo,abruzzo,L Aquila e Gran Sasso,l-aquila-e-gran-sasso,https://sagr.it/abruzzo/l-aquila-e-gran-sasso/eventi/sagra-degli-orapi,,,,,
SagrafavoriteVia delle Cantine,,26 luglio 2026,2026-07-26,2026-07-26,Rocca di Botte,Abruzzo,abruzzo,L Aquila e Gran Sasso,l-aquila-e-gran-sasso,https://sagr.it/abruzzo/l-aquila-e-gran-sasso/eventi/via-delle-cantine,,,,,
SagrafavoriteSagra del timballo teramano e prodotti tipici agroalimentari,,28 luglio - 3 agosto 2026,2026-07-28,2026-08-03,Campli,Abruzzo,abruzzo,L Aquila e Gran Sasso,l-aquila-e-gran-sasso,https://sagr.it/abruzzo/l-aquila-e-gran-sasso/eventi/sagra-del-timballo-teramano-e-prodotti-tipici-agroalimentari,,,,,
Evento culturalefavoriteFestival Internazionale di Mezza Estate,,31 luglio - 29 agosto 2026,2026-07-31,2026-08-29,Tagliacozzo,Abruzzo,abruzzo,L Aquila e Gran Sasso,l-aquila-e-gran-sasso,https://sagr.it/abruzzo/l-aquila-e-gran-sasso/eventi/festival-internazionale-di-mezza-estate,,,,,
SagrafavoritePecure allu cutture,,2 agosto 2026,2026-08-02,2026-08-02,Pacentro,Abruzzo,abruzzo,L Aquila e Gran Sasso,l-aquila-e-gran-sasso,https://sagr.it/abruzzo/l-aquila-e-gran-sasso/eventi/pecure-allu-cutture,,,,,
SagrafavoriteSagra della Pizza,,6 agosto - 8 agosto 2026,2026-08-06,2026-08-08,Cesaproba,Abruzzo,abruzzo,L Aquila e Gran Sasso,l-aquila-e-gran-sasso,https://sagr.it/abruzzo/l-aquila-e-gran-sasso/eventi/sagra-della-pizza,,,,,
SagrafavoriteFesta della Cicerchia,,10 agosto 2026,2026-08-10,2026-08-10,Castelvecchio Calvisio,Abruzzo,abruzzo,L Aquila e Gran Sasso,l-aquila-e-gran-sasso,https://sagr.it/abruzzo/l-aquila-e-gran-sasso/eventi/festa-della-cicerchia,,,,,
SagrafavoriteSagra della trippa cappellese,,11 agosto 2026,2026-08-11,2026-08-11,Cappelle dei Marsi,Abruzzo,abruzzo,L Aquila e Gran Sasso,l-aquila-e-gran-sasso,https://sagr.it/abruzzo/l-aquila-e-gran-sasso/eventi/sagra-della-trippa-cappellese,,,,,
SagrafavoriteSagra del porcino,,12 agosto - 13 agosto 2026,2026-08-12,2026-08-13,Castelvecchio di Sante Marie,Abruzzo,abruzzo,L Aquila e Gran Sasso,l-aquila-e-gran-sasso,https://sagr.it/abruzzo/l-aquila-e-gran-sasso/eventi/sagra-del-porcino,,,,,
SagrafavoriteSagra della Taccozza,,12 agosto 2026,2026-08-12,2026-08-12,Goriano Sicoli,Abruzzo,abruzzo,L Aquila e Gran Sasso,l-aquila-e-gran-sasso,https://sagr.it/abruzzo/l-aquila-e-gran-sasso/eventi/sagra-della-taccozza,,,,,
Evento culturalefavoriteFiera delle Forche,,15 agosto - 17 agosto 2026,2026-08-15,2026-08-17,Sant'Eusanio Forconese,Abruzzo,abruzzo,L Aquila e Gran Sasso,l-aquila-e-gran-sasso,https://sagr.it/abruzzo/l-aquila-e-gran-sasso/eventi/fiera-delle-forche,,,,,
SagrafavoriteSagra ijju cerijje,,16 agosto - 18 agosto 2026,2026-08-16,2026-08-18,Rocca di Cambio,Abruzzo,abruzzo,L Aquila e Gran Sasso,l-aquila-e-gran-sasso,https://sagr.it/abruzzo/l-aquila-e-gran-sasso/eventi/sagra-ijju-cerijje,,,,,
SagrafavoriteSagra della Croccante,,17 agosto 2026,2026-08-17,2026-08-17,Forme,Abruzzo,abruzzo,L Aquila e Gran Sasso,l-aquila-e-gran-sasso,https://sagr.it/abruzzo/l-aquila-e-gran-sasso/eventi/sagra-della-croccante,,,,,
SagrafavoriteSagra dello spiedino,,21 agosto - 23 agosto 2026,2026-08-21,2026-08-23,Montereale,Abruzzo,abruzzo,L Aquila e Gran Sasso,l-aquila-e-gran-sasso,https://sagr.it/abruzzo/l-aquila-e-gran-sasso/eventi/sagra-dello-spiedino,,,,,
SagrafavoriteSagra del Tartufo,,2 settembre - 14 settembre 2026,2026-09-02,2026-09-14,Campovalano,Abruzzo,abruzzo,L Aquila e Gran Sasso,l-aquila-e-gran-sasso,https://sagr.it/abruzzo/l-aquila-e-gran-sasso/eventi/sagra-del-tartufo,,,,,
SagrafavoriteSagra delle lenticchie,,6 settembre - 7 settembre 2026,2026-09-06,2026-09-07,Santo Stefano di Sessanio,Abruzzo,abruzzo,L Aquila e Gran Sasso,l-aquila-e-gran-sasso,https://sagr.it/abruzzo/l-aquila-e-gran-sasso/eventi/sagra-delle-lenticchie,,,,,
SagrafavoriteFestival diffuso dell’agroalimentare – Marsicaland,,12 settembre - 14 settembre 2026,2026-09-12,2026-09-14,Avezzano,Abruzzo,abruzzo,L Aquila e Gran Sasso,l-aquila-e-gran-sasso,https://sagr.it/abruzzo/l-aquila-e-gran-sasso/eventi/festival-diffuso-dell-agroalimentare-marsicaland,,,,,
SagrafavoriteLungo le Antiche Rue,,17 ottobre - 19 ottobre 2026,2026-10-17,2026-10-19,Civitella Roveto,Abruzzo,abruzzo,L Aquila e Gran Sasso,l-aquila-e-gran-sasso,https://sagr.it/abruzzo/l-aquila-e-gran-sasso/eventi/lungo-le-antiche-rue,,,,,
SagrafavoriteFesta della Castagna,,18 ottobre - 19 ottobre 2026,2026-10-18,2026-10-19,Carsoli,Abruzzo,abruzzo,L Aquila e Gran Sasso,l-aquila-e-gran-sasso,https://sagr.it/abruzzo/l-aquila-e-gran-sasso/eventi/festa-della-castagna-mqljomyx,,,,,
SagrafavoriteFesta della castagna di Intermesoli,,19 ottobre 2026,2026-10-19,2026-10-19,Intermesoli,Abruzzo,abruzzo,L Aquila e Gran Sasso,l-aquila-e-gran-sasso,https://sagr.it/abruzzo/l-aquila-e-gran-sasso/eventi/festa-della-castagna-di-intermesoli,,,,,
SagrafavoriteSagra della Castagna,,25 ottobre - 26 ottobre 2026,2026-10-25,2026-10-26,San Felice d'Ocre,Abruzzo,abruzzo,L Aquila e Gran Sasso,l-aquila-e-gran-sasso,https://sagr.it/abruzzo/l-aquila-e-gran-sasso/eventi/sagra-della-castagna-mqljon9u,,,,,
SagrafavoriteSagra della castagna roscetta,,25 ottobre - 26 ottobre 2026,2026-10-25,2026-10-26,Canistro,Abruzzo,abruzzo,L Aquila e Gran Sasso,l-aquila-e-gran-sasso,https://sagr.it/abruzzo/l-aquila-e-gran-sasso/eventi/sagra-della-castagna-roscetta,,,,,
SagrafavoriteDeguScanno,,8 novembre - 9 novembre 2026,2026-11-08,2026-11-09,Scanno,Abruzzo,abruzzo,L Aquila e Gran Sasso,l-aquila-e-gran-sasso,https://sagr.it/abruzzo/l-aquila-e-gran-sasso/eventi/deguscanno,,,,,
"SagrafavoriteFesta del vino cotto, castagne e sapori d’autunno",,8 novembre - 9 novembre 2026,2026-11-08,2026-11-09,RoccaMontepiano,Abruzzo,abruzzo,L Aquila e Gran Sasso,l-aquila-e-gran-sasso,https://sagr.it/abruzzo/l-aquila-e-gran-sasso/eventi/festa-del-vino-cotto-castagne-e-sapori-d-autunno,,,,,
SagrafavoriteFrantoi aperti in Valle Roveto,,8 novembre - 9 novembre 2026,2026-11-08,2026-11-09,San Vincenzo Valle Roveto,Abruzzo,abruzzo,L Aquila e Gran Sasso,l-aquila-e-gran-sasso,https://sagr.it/abruzzo/l-aquila-e-gran-sasso/eventi/frantoi-aperti-in-valle-roveto,,,,,
SagrafavoriteFiera Tartufi d’Abruzzo,,28 novembre - 30 novembre 2026,2026-11-28,2026-11-30,L'Aquila,Abruzzo,abruzzo,L Aquila e Gran Sasso,l-aquila-e-gran-sasso,https://sagr.it/abruzzo/l-aquila-e-gran-sasso/eventi/fiera-tartufi-d-abruzzo,,,,,
Festa patronalefavoriteSagra dei Ciusci di Sant’Antonio,,17 gennaio 2027,2027-01-17,2027-01-17,Roccavivi,Abruzzo,abruzzo,L Aquila e Gran Sasso,l-aquila-e-gran-sasso,https://sagr.it/abruzzo/l-aquila-e-gran-sasso/eventi/sagra-dei-ciusci-di-sant-antonio,,,,,
SagrafavoriteFragola Expo Basilicata,,25 aprile - 26 aprile 2026,2026-04-25,2026-04-26,Scanzano Jonico,Basilicata,basilicata,Matera e Sassi,matera-e-sassi,https://sagr.it/basilicata/matera-e-sassi/eventi/fragola-expo-basilicata,,,,,
SagrafavoriteFragola Expo Basilicata,,25 aprile - 26 aprile 2026,2026-04-25,2026-04-26,Policoro,Basilicata,basilicata,Matera e Sassi,matera-e-sassi,https://sagr.it/basilicata/matera-e-sassi/eventi/fragola-expo-basilicata-mnq776h5,,,,,
RievocazionefavoriteStorica Parata dei Turchi,,29 maggio 2026,2026-05-29,2026-05-29,Potenza,Basilicata,basilicata,Matera e Sassi,matera-e-sassi,https://sagr.it/basilicata/matera-e-sassi/eventi/storica-parata-dei-turchi,,,,,
Festa patronalefavoriteFesta della Bruna,,2 luglio 2026,2026-07-02,2026-07-02,Matera,Basilicata,basilicata,Matera e Sassi,matera-e-sassi,https://sagr.it/basilicata/matera-e-sassi/eventi/festa-della-bruna,,,,,
SagrafavoriteSagra dell’albicocca,,4 luglio - 5 luglio 2026,2026-07-04,2026-07-05,Rotondella,Basilicata,basilicata,Matera e Sassi,matera-e-sassi,https://sagr.it/basilicata/matera-e-sassi/eventi/sagra-dell-albicocca,,,,,
SagrafavoriteSagra u' pastizz r'tunnar,,11 agosto 2026,2026-08-11,2026-08-11,Rotondella,Basilicata,basilicata,Matera e Sassi,matera-e-sassi,https://sagr.it/basilicata/matera-e-sassi/eventi/sagra-u-pastizz-r-tunnar,,,,,
SagrafavoriteSagra dell'involtino,,17 agosto 2026,2026-08-17,2026-08-17,Gorgoglione,Basilicata,basilicata,Matera e Sassi,matera-e-sassi,https://sagr.it/basilicata/matera-e-sassi/eventi/sagra-dell-involtino,,,,,
SagrafavoriteSagra dei Fichi Secchi,,3 ottobre - 5 ottobre 2026,2026-10-03,2026-10-05,Miglionico,Basilicata,basilicata,Matera e Sassi,matera-e-sassi,https://sagr.it/basilicata/matera-e-sassi/eventi/sagra-dei-fichi-secchi,,,,,
FestivalfavoriteFestival Thesaurus Musicae,,11 marzo - 1 aprile 2026,2026-03-11,2026-04-01,Potenza,Basilicata,basilicata,Pollino,pollino,https://sagr.it/basilicata/pollino/eventi/festival-thesaurus-musicae,,,,,
Evento culturalefavoriteFiori in Borgo,,16 maggio 2026,2026-05-16,2026-05-16,Guardia Perticara,Basilicata,basilicata,Pollino,pollino,https://sagr.it/basilicata/pollino/eventi/fiori-in-borgo,,,,,
Evento culturalefavoritePollino Cocktail Camp,,23 maggio - 24 maggio 2026,2026-05-23,2026-05-24,Catasta,Basilicata,basilicata,Pollino,pollino,https://sagr.it/basilicata/pollino/eventi/pollino-cocktail-camp,,,,,
SagrafavoriteFesta della pizza chiena satrianese,,31 maggio 2026,2026-05-31,2026-05-31,Satriano di Lucania,Basilicata,basilicata,Pollino,pollino,https://sagr.it/basilicata/pollino/eventi/festa-della-pizza-chiena-satrianese,,,,,
Festa patronalefavoriteMaggio di Accettura,,6 giugno - 9 giugno 2026,2026-06-06,2026-06-09,Accettura,Basilicata,basilicata,Pollino,pollino,https://sagr.it/basilicata/pollino/eventi/maggio-di-accettura,,,,,
Festa patronalefavoriteFesta della 'Ndenna,,7 giugno - 21 giugno 2026,2026-06-07,2026-06-21,Castelsaraceno,Basilicata,basilicata,Pollino,pollino,https://sagr.it/basilicata/pollino/eventi/festa-della-ndenna,,,,,
Festa patronalefavoriteSant Antonio e Sagra dell'Abete,,8 giugno - 13 giugno 2026,2026-06-08,2026-06-13,Rotonda,Basilicata,basilicata,Pollino,pollino,https://sagr.it/basilicata/pollino/eventi/sant-antonio-e-sagra-dell-abete,,,,,
SagrafavoriteSagra del casoncello,,19 giugno - 24 giugno 2026,2026-06-19,2026-06-24,Castro,Basilicata,basilicata,Pollino,pollino,https://sagr.it/basilicata/pollino/eventi/sagra-del-casoncello,,,,,
SagrafavoriteFesta dei Sapori Tramutola,,27 giugno 2026,2026-06-27,2026-06-27,Tramutola,Basilicata,basilicata,Pollino,pollino,https://sagr.it/basilicata/pollino/eventi/festa-dei-sapori-tramutola,,,,,
FestivalfavoriteViggiano Jazz,,18 luglio - 19 luglio 2026,2026-07-18,2026-07-19,Viggiano,Basilicata,basilicata,Pollino,pollino,https://sagr.it/basilicata/pollino/eventi/viggiano-jazz,,,,,
SagrafavoriteCece ribelle,,18 luglio 2026,2026-07-18,2026-07-18,Latronico,Basilicata,basilicata,Pollino,pollino,https://sagr.it/basilicata/pollino/eventi/cece-ribelle,,,,,
Evento culturalefavoriteMarateale,,20 luglio - 25 luglio 2026,2026-07-20,2026-07-25,Maratea,Basilicata,basilicata,Pollino,pollino,https://sagr.it/basilicata/pollino/eventi/marateale,,,,,
FestivalfavoriteAtella Beer,Festival,24 luglio - 26 luglio 2026,2026-07-24,2026-07-26,Atella,Basilicata,basilicata,Pollino,pollino,https://sagr.it/basilicata/pollino/eventi/atella-beer-festival,,,,,
Evento culturalefavoriteDecathlon delle tradizioni,,26 luglio - 27 luglio 2026,2026-07-26,2026-07-27,Cancellara,Basilicata,basilicata,Pollino,pollino,https://sagr.it/basilicata/pollino/eventi/decathlon-delle-tradizioni,,,,,
SagrafavoriteSagra della Podolica,,31 luglio - 1 agosto 2026,2026-07-31,2026-08-01,Pescopagano,Basilicata,basilicata,Pollino,pollino,https://sagr.it/basilicata/pollino/eventi/sagra-della-podolica,,,,,
SagrafavoriteSagra r'i Cavatiedd,,31 luglio - 2 agosto 2026,2026-07-31,2026-08-02,Balvano,Basilicata,basilicata,Pollino,pollino,https://sagr.it/basilicata/pollino/eventi/sagra-r-i-cavatiedd,,,,,
SagrafavoriteSagra dei raskatielli di miskiglio di Teana,,4 agosto - 6 agosto 2026,2026-08-04,2026-08-06,Teana,Basilicata,basilicata,Pollino,pollino,https://sagr.it/basilicata/pollino/eventi/sagra-dei-raskatielli-di-miskiglio-di-teana,,,,,
SagrafavoriteLucanica festival-porklandia,,8 agosto - 10 agosto 2026,2026-08-08,2026-08-10,Picerno,Basilicata,basilicata,Pollino,pollino,https://sagr.it/basilicata/pollino/eventi/lucanica-festival-porklandia,,,,,
SagrafavoriteLe Notti del Canestrato,,9 agosto - 10 agosto 2026,2026-08-09,2026-08-10,Moliterno,Basilicata,basilicata,Pollino,pollino,https://sagr.it/basilicata/pollino/eventi/le-notti-del-canestrato,,,,,
SagrafavoriteU' strittul' ru zafaràn'- il vicolo del peperone,,9 agosto - 11 agosto 2026,2026-08-09,2026-08-11,Senise,Basilicata,basilicata,Pollino,pollino,https://sagr.it/basilicata/pollino/eventi/u-strittul-ru-zafaran-il-vicolo-del-peperone,,,,,
SagrafavoriteSagra della soppressata e del caciocavallo,,10 agosto 2026,2026-08-10,2026-08-10,Rapone,Basilicata,basilicata,Pollino,pollino,https://sagr.it/basilicata/pollino/eventi/sagra-della-soppressata-e-del-caciocavallo,,,,,
SagrafavoriteLe cantine aperte di Sant'angelo le Fratte,,12 agosto - 14 agosto 2026,2026-08-12,2026-08-14,Sant'Angelo Le Fratte,Basilicata,basilicata,Pollino,pollino,https://sagr.it/basilicata/pollino/eventi/le-cantine-aperte-di-sant-angelo-le-fratte,,,,,
FestivalfavoriteFestival delle tradizioni e della musica popolare,,13 agosto 2026,2026-08-13,2026-08-13,Chiaromonte,Basilicata,basilicata,Pollino,pollino,https://sagr.it/basilicata/pollino/eventi/festival-delle-tradizioni-e-della-musica-popolare,,,,,
RievocazionefavoriteGiornata tipica del mietitore - Lu Muzz'c,,17 agosto 2026,2026-08-17,2026-08-17,Filiano,Basilicata,basilicata,Pollino,pollino,https://sagr.it/basilicata/pollino/eventi/giornata-tipica-del-mietitore-lu-muzz-c,,,,,
SagrafavoriteSagra del fagiolo IGP di Sarconi,,18 agosto - 19 agosto 2026,2026-08-18,2026-08-19,Sarconi,Basilicata,basilicata,Pollino,pollino,https://sagr.it/basilicata/pollino/eventi/sagra-del-fagiolo-igp-di-sarconi,,,,,
SagrafavoriteSagra del pecorino di Filiano DOP,,5 settembre - 7 settembre 2026,2026-09-05,2026-09-07,Filiano,Basilicata,basilicata,Pollino,pollino,https://sagr.it/basilicata/pollino/eventi/sagra-del-pecorino-di-filiano-dop,,,,,
SagrafavoriteLa sfida del torchio,,12 settembre - 14 settembre 2026,2026-09-12,2026-09-14,Rionero in Vulture,Basilicata,basilicata,Pollino,pollino,https://sagr.it/basilicata/pollino/eventi/la-sfida-del-torchio,,,,,
SagrafavoriteFesta dell’uva,,13 settembre - 14 settembre 2026,2026-09-13,2026-09-14,Maschito,Basilicata,basilicata,Pollino,pollino,https://sagr.it/basilicata/pollino/eventi/festa-dell-uva-maschito,,,,,
SagrafavoriteSagra della patata di montagna,,19 settembre - 21 settembre 2026,2026-09-19,2026-09-21,Muro Lucano,Basilicata,basilicata,Pollino,pollino,https://sagr.it/basilicata/pollino/eventi/sagra-della-patata-di-montagna,,,,,
SagrafavoriteFestival del Gusto,,25 settembre - 27 settembre 2026,2026-09-25,2026-09-27,Venosa,Basilicata,basilicata,Pollino,pollino,https://sagr.it/basilicata/pollino/eventi/festival-del-gusto,,,,,
SagrafavoriteTumact me Tulez – Festival dell’Aglianico e dei Prodotti Tipici,,4 ottobre - 5 ottobre 2026,2026-10-04,2026-10-05,Barile,Basilicata,basilicata,Pollino,pollino,https://sagr.it/basilicata/pollino/eventi/tumact-me-tulez-festival-dell-aglianico-e-dei-prodotti-tipici,,,,,
SagrafavoriteParco urbano delle cantine di Rapolla,,11 ottobre - 12 ottobre 2026,2026-10-11,2026-10-12,Rapolla,Basilicata,basilicata,Pollino,pollino,https://sagr.it/basilicata/pollino/eventi/parco-urbano-delle-cantine-di-rapolla,,,,,
SagrafavoriteSagra della varola,,17 ottobre - 19 ottobre 2026,2026-10-17,2026-10-19,Melfi,Basilicata,basilicata,Pollino,pollino,https://sagr.it/basilicata/pollino/eventi/sagra-della-varola,,,,,
Evento culturalefavoriteLiekre et Bare – il Borgo dei Sapori Arbereshe,,25 ottobre - 26 ottobre 2026,2026-10-25,2026-10-26,Ginestra,Basilicata,basilicata,Pollino,pollino,https://sagr.it/basilicata/pollino/eventi/liekre-et-bare-il-borgo-dei-sapori-arbereshe,,,,,
SagrafavoriteSagra della Castagna e dei prodotti del sottobosco,,25 ottobre - 26 ottobre 2026,2026-10-25,2026-10-26,Calvello,Basilicata,basilicata,Pollino,pollino,https://sagr.it/basilicata/pollino/eventi/sagra-della-castagna-e-dei-prodotti-del-sottobosco,,,,,
SagrafavoriteMostra mercato del tartufo bianco di Carbone,,31 ottobre - 2 novembre 2026,2026-10-31,2026-11-02,Carbone,Basilicata,basilicata,Pollino,pollino,https://sagr.it/basilicata/pollino/eventi/mostra-mercato-del-tartufo-bianco-di-carbone,,,,,
SagrafavoriteSagra della strazzata – Festival dei grani antichi,,31 ottobre - 2 novembre 2026,2026-10-31,2026-11-02,Lagopesole,Basilicata,basilicata,Pollino,pollino,https://sagr.it/basilicata/pollino/eventi/sagra-della-strazzata-festival-dei-grani-antichi,,,,,
SagrafavoriteSapori d’autunno,,31 ottobre - 2 novembre 2026,2026-10-31,2026-11-02,Pietrapertosa,Basilicata,basilicata,Pollino,pollino,https://sagr.it/basilicata/pollino/eventi/sapori-d-autunno-mqpoy5up,,,,,
SagrafavoriteRappasciona fest,,4 gennaio 2027,2027-01-04,2027-01-04,Viggianello,Basilicata,basilicata,Pollino,pollino,https://sagr.it/basilicata/pollino/eventi/rappasciona-fest,,,,,
SagrafavoritePuro Cioccolato Festival Catanzaro,,27 marzo - 29 marzo 2026,2026-03-27,2026-03-29,Catanzaro,Calabria,calabria,Costa Degli Aranci,costa-degli-aranci,https://sagr.it/calabria/costa-degli-aranci/eventi/puro-cioccolato-festival-catanzaro,,,,,
FierafavoriteHome Expo Catanzaro,,11 aprile - 19 aprile 2026,2026-04-11,2026-04-19,Catanzaro,Calabria,calabria,Costa Degli Aranci,costa-degli-aranci,https://sagr.it/calabria/costa-degli-aranci/eventi/home-expo-catanzaro,,,,,
Street FoodfavoriteStreet Food Fest Catanzaro,,21 maggio - 24 maggio 2026,2026-05-21,2026-05-24,Catanzaro,Calabria,calabria,Costa Degli Aranci,costa-degli-aranci,https://sagr.it/calabria/costa-degli-aranci/eventi/street-food-fest-catanzaro,,,,,
Evento culturalefavoriteFestival dello Sport,,5 giugno - 7 giugno 2026,2026-06-05,2026-06-07,Soverato,Calabria,calabria,Costa Degli Aranci,costa-degli-aranci,https://sagr.it/calabria/costa-degli-aranci/eventi/festival-dello-sport,,,,,
SagrafavoriteMerano Wine Festival Calabria,,5 giugno - 7 giugno 2026,2026-06-05,2026-06-07,Cirò,Calabria,calabria,Costa Degli Aranci,costa-degli-aranci,https://sagr.it/calabria/costa-degli-aranci/eventi/merano-wine-festival-calabria,,,,,
RievocazionefavoritePalio del Principe di Bisignano,,21 giugno - 28 giugno 2026,2026-06-21,2026-06-28,Bisignano,Calabria,calabria,Costa Degli Aranci,costa-degli-aranci,https://sagr.it/calabria/costa-degli-aranci/eventi/palio-del-principe-di-bisignano,,,,,
RievocazionefavoritePalio del Principe di Bisignano – RINVIATO,,21 giugno - 5 luglio 2026,2026-06-21,2026-07-05,Bisignano,Calabria,calabria,Costa Degli Aranci,costa-degli-aranci,https://sagr.it/calabria/costa-degli-aranci/eventi/palio-del-principe-di-bisignano-rinviato,,,,,
SagrafavoriteFesta della Ciliegia,,21 giugno 2026,2026-06-21,2026-06-21,San Pietro Apostolo,Calabria,calabria,Costa Degli Aranci,costa-degli-aranci,https://sagr.it/calabria/costa-degli-aranci/eventi/festa-della-ciliegia-mq9i9umw,,,,,
SagrafavoriteFiera della Cipolla e dell'aglio rosa,,27 giugno - 29 giugno 2026,2026-06-27,2026-06-29,Lamezia Terme,Calabria,calabria,Costa Degli Aranci,costa-degli-aranci,https://sagr.it/calabria/costa-degli-aranci/eventi/fiera-della-cipolla-e-dell-aglio-rosa,,,,,
SagrafavoriteVinitaly and the City Sibari,,17 luglio - 19 luglio 2026,2026-07-17,2026-07-19,Sibari,Calabria,calabria,Costa Degli Aranci,costa-degli-aranci,https://sagr.it/calabria/costa-degli-aranci/eventi/vinitaly-and-the-city-sibari,,,,,
EventofavoriteCalabria Movie – Film,Festival,27 luglio - 30 luglio 2026,2026-07-27,2026-07-30,Crotone,Calabria,calabria,Costa Degli Aranci,costa-degli-aranci,https://sagr.it/calabria/costa-degli-aranci/eventi/calabria-movie-film-festival,,,,,
FestivalfavoriteLaos Fest,,31 luglio - 2 agosto 2026,2026-07-31,2026-08-02,Scalea,Calabria,calabria,Costa Degli Aranci,costa-degli-aranci,https://sagr.it/calabria/costa-degli-aranci/eventi/laos-fest,,,,,
FestivalfavoriteMaloka Festival de Picò,,31 luglio - 2 agosto 2026,2026-07-31,2026-08-02,Capo Rizzuto,Calabria,calabria,Costa Degli Aranci,costa-degli-aranci,https://sagr.it/calabria/costa-degli-aranci/eventi/maloka-festival-de-pico,,,,,
FestivalfavoriteRocca Blues,Festival,31 luglio - 2 agosto 2026,2026-07-31,2026-08-02,Roccella Jonica,Calabria,calabria,Costa Degli Aranci,costa-degli-aranci,https://sagr.it/calabria/costa-degli-aranci/eventi/rocca-blues-festival,,,,,
SagrafavoriteSagra contadina Cinquefrondi,,1 agosto 2026,2026-08-01,2026-08-01,Cinquefrondi,Calabria,calabria,Costa Degli Aranci,costa-degli-aranci,https://sagr.it/calabria/costa-degli-aranci/eventi/sagra-contadina-cinquefrondi,,,,,
Evento culturalefavoriteCirò Wine,Festival,4 agosto - 10 agosto 2026,2026-08-04,2026-08-10,Cirò,Calabria,calabria,Costa Degli Aranci,costa-degli-aranci,https://sagr.it/calabria/costa-degli-aranci/eventi/ciro-wine-festival,,,,,
SagrafavoriteSagra del morzello,,8 agosto 2026,2026-08-08,2026-08-08,Gimigliano,Calabria,calabria,Costa Degli Aranci,costa-degli-aranci,https://sagr.it/calabria/costa-degli-aranci/eventi/sagra-del-morzello,,,,,
SagrafavoriteMalto Calabro,,1 maggio - 3 maggio 2026,2026-05-01,2026-05-03,Corigliano Rossano,Calabria,calabria,Costa Degli dei,costa-degli-dei,https://sagr.it/calabria/costa-degli-dei/eventi/malto-calabro,,,,,
FestivalfavoriteFesta della Tarantella Calabrese,,27 giugno - 28 giugno 2026,2026-06-27,2026-06-28,San Basilio,Calabria,calabria,Costa Degli dei,costa-degli-dei,https://sagr.it/calabria/costa-degli-dei/eventi/festa-della-tarantella-calabrese,,,,,
SagrafavoriteSagra della 'Nduja,,1 luglio - 10 luglio 2026,2026-07-01,2026-07-10,Spilinga,Calabria,calabria,Costa Degli dei,costa-degli-dei,https://sagr.it/calabria/costa-degli-dei/eventi/pro-loco-spilinga-sagra-della-nduja,,,,,
SagrafavoriteCalici Sotto Le Stelle,,23 luglio - 22 agosto 2026,2026-07-23,2026-08-22,Diamante,Calabria,calabria,Costa Degli dei,costa-degli-dei,https://sagr.it/calabria/costa-degli-dei/eventi/calici-sotto-le-stelle,,,,,
Festa patronalefavoriteFesta della Birra di Santa Domenica di Ricadi,,30 luglio 2026,2026-07-30,2026-07-30,Ricadi,Calabria,calabria,Costa Degli dei,costa-degli-dei,https://sagr.it/calabria/costa-degli-dei/eventi/festa-della-birra-santa-domenica-ricadi,,,,,
FestivalfavoriteFesta della Birra a Ricadi,,30 luglio 2026,2026-07-30,2026-07-30,Santa Domenica di Ricadi,Calabria,calabria,Costa Degli dei,costa-degli-dei,https://sagr.it/calabria/costa-degli-dei/eventi/festa-della-birra-a-ricadi,,,,,
SagrafavoriteFesta della Birra — Santa Domenica di Ricadi,,30 luglio 2026,2026-07-30,2026-07-30,Santa Domenica,Calabria,calabria,Costa Degli dei,costa-degli-dei,https://sagr.it/calabria/costa-degli-dei/eventi/festa-della-birra-santa-domenica-di-ricadi-2026,,,,,
SagrafavoriteFestival delle Alici di Fuscaldo,,30 luglio - 2 agosto 2026,2026-07-30,2026-08-02,Fuscaldo,Calabria,calabria,Costa Degli dei,costa-degli-dei,https://sagr.it/calabria/costa-degli-dei/eventi/festival-delle-alici-di-fuscaldo,,,,,
Evento culturalefavoriteCandlelight in Spiaggia a Bivona,,1 agosto 2026,2026-08-01,2026-08-01,Bivona,Calabria,calabria,Costa Degli dei,costa-degli-dei,https://sagr.it/calabria/costa-degli-dei/eventi/candlelight-in-spiaggia-bivona,,,,,
Evento culturalefavoriteTi Porto un Libro a Vibo Marina,,1 agosto 2026,2026-08-01,2026-08-01,Vibo Marina,Calabria,calabria,Costa Degli dei,costa-degli-dei,https://sagr.it/calabria/costa-degli-dei/eventi/ti-porto-un-libro-vibo-marina-1-agosto,,,,,
Evento culturalefavoriteVibo Social Fest,,1 agosto 2026,2026-08-01,2026-08-01,Vibo Valentia,Calabria,calabria,Costa Degli dei,costa-degli-dei,https://sagr.it/calabria/costa-degli-dei/eventi/vibo-social-fest-1-agosto,,,,,
Evento culturalefavoriteAnimarte: Giochi in Legno e Marakella in Tour,,2 agosto 2026,2026-08-02,2026-08-02,Vibo Valentia,Calabria,calabria,Costa Degli dei,costa-degli-dei,https://sagr.it/calabria/costa-degli-dei/eventi/animarte-giochi-legno-marakella-tour,,,,,
FestivalfavoriteArmonie della Magna Graecia - Il Giardino della Musica - XXIX edizione,,2 agosto - 29 agosto 2026,2026-08-02,2026-08-29,Tropea,Calabria,calabria,Costa Degli dei,costa-degli-dei,https://sagr.it/calabria/costa-degli-dei/eventi/armonie-della-magna-graecia-tropea,,,,,
FestivalfavoriteConcerto di Musica Popolare a Vena Inferiore,,2 agosto 2026,2026-08-02,2026-08-02,Vibo Valentia,Calabria,calabria,Costa Degli dei,costa-degli-dei,https://sagr.it/calabria/costa-degli-dei/eventi/concerto-musica-popolare-vena-inferiore,,,,,
FestivalfavoriteLACRIMA - La Festa Indie più triste d'Italia allo 'Nduja Village!,,2 agosto 2026,2026-08-02,2026-08-02,Spilinga,Calabria,calabria,Costa Degli dei,costa-degli-dei,https://sagr.it/calabria/costa-degli-dei/eventi/lacrima-festa-indie-spilinga,,,,,
SagrafavoriteSagra da Pitta Chjina,,2 agosto 2026,2026-08-02,2026-08-02,San Costantino Calabro,Calabria,calabria,Costa Degli dei,costa-degli-dei,https://sagr.it/calabria/costa-degli-dei/eventi/sagra-da-pitta-chjina,,,,,
Evento culturalefavoriteAnimarte - Giochi in Legno a Bivona,,3 agosto 2026,2026-08-03,2026-08-03,Bivona,Calabria,calabria,Costa Degli dei,costa-degli-dei,https://sagr.it/calabria/costa-degli-dei/eventi/animarte-giochi-legno-bivona,,,,,
SagrafavoriteSagra del Pesce Azzurro di Parghelia,,3 agosto 2026,2026-08-03,2026-08-03,Parghelia,Calabria,calabria,Costa Degli dei,costa-degli-dei,https://sagr.it/calabria/costa-degli-dei/eventi/sagra-pesce-azzurro-parghelia,,,,,
SagrafavoriteSagra du Pruppu - 31ª Edizione a Joppolo,,4 agosto 2026,2026-08-04,2026-08-04,Joppolo,Calabria,calabria,Costa Degli dei,costa-degli-dei,https://sagr.it/calabria/costa-degli-dei/eventi/sagra-du-pruppu-joppolo,,,,,
"Evento culturalefavoriteMostra ""Arte in Calabria: Risorsa da Scoprire""",,5 agosto - 7 agosto 2026,2026-08-05,2026-08-07,Pizzo,Calabria,calabria,Costa Degli dei,costa-degli-dei,https://sagr.it/calabria/costa-degli-dei/eventi/arte-in-calabria-risorsa-da-scoprire-pizzo,,,,,
FestivalfavoriteDance Tarantella: La Festa Folk Elettronica,,5 agosto 2026,2026-08-05,2026-08-05,Spilinga,Calabria,calabria,Costa Degli dei,costa-degli-dei,https://sagr.it/calabria/costa-degli-dei/eventi/dance-tarantella-festa-folk-elettronica-spilinga,,,,,
FestivalfavoritePOA - Pizzo Open Air al Castello,,5 agosto 2026,2026-08-05,2026-08-05,Pizzo,Calabria,calabria,Costa Degli dei,costa-degli-dei,https://sagr.it/calabria/costa-degli-dei/eventi/poa-pizzo-open-air-castello,,,,,
"Evento culturalefavoriteTeatro in Dialetto: ""U Mortu Pigghiau Scangiu""",,6 agosto 2026,2026-08-06,2026-08-06,Pizzo,Calabria,calabria,Costa Degli dei,costa-degli-dei,https://sagr.it/calabria/costa-degli-dei/eventi/teatro-dialetto-mortu-pigghiau-scangiu-pizzo,,,,,
"FestivalfavoriteConcerto del ""Coro di Clarinetti Fausto Torrefranca""",,6 agosto 2026,2026-08-06,2026-08-06,Pizzo,Calabria,calabria,Costa Degli dei,costa-degli-dei,https://sagr.it/calabria/costa-degli-dei/eventi/concerto-coro-clarinetti-fausto-torrefranca-pizzo,,,,,
Sagrafavorite46ª Edizione della Sagra da Sujaca di Caria,,6 agosto 2026,2026-08-06,2026-08-06,Drapia,Calabria,calabria,Costa Degli dei,costa-degli-dei,https://sagr.it/calabria/costa-degli-dei/eventi/sagra-da-sujaca-caria,,,,,
Evento culturalefavoriteCandlelight in Spiaggia a Vibo Marina,,7 agosto 2026,2026-08-07,2026-08-07,Vibo Marina,Calabria,calabria,Costa Degli dei,costa-degli-dei,https://sagr.it/calabria/costa-degli-dei/eventi/candlelight-in-spiaggia-vibo-marina-7-agosto,,,,,
Sagrafavorite36ª Sagra Popolare Fileja e Ceci di Pannaconi,,7 agosto 2026,2026-08-07,2026-08-07,Pannaconi,Calabria,calabria,Costa Degli dei,costa-degli-dei,https://sagr.it/calabria/costa-degli-dei/eventi/sagra-popolare-fileja-ceci-pannaconi,,,,,
SagrafavoriteSagra Sanleota a San Leo di Briatico,,7 agosto 2026,2026-08-07,2026-08-07,Briatico,Calabria,calabria,Costa Degli dei,costa-degli-dei,https://sagr.it/calabria/costa-degli-dei/eventi/sagra-sanleota-briatico,,,,,
FestivalfavoriteSerra San Bruno Fest: Omaggio a Laura Pausini & Tiziano Ferro,,8 agosto 2026,2026-08-08,2026-08-08,Serra San Bruno,Calabria,calabria,Costa Degli dei,costa-degli-dei,https://sagr.it/calabria/costa-degli-dei/eventi/serra-san-bruno-fest-omaggio-laura-pausini-tiziano-ferro,,,,,
SagrafavoriteSagra della 'nduja,,8 agosto 2026,2026-08-08,2026-08-08,Spilinga,Calabria,calabria,Costa Degli dei,costa-degli-dei,https://sagr.it/calabria/costa-degli-dei/eventi/sagra-della-nduja,,,,,
Evento culturalefavoriteBallando Sotto le Stelle con Francesco Cerra e Silvia Repaci,,9 agosto 2026,2026-08-09,2026-08-09,Pizzo,Calabria,calabria,Costa Degli dei,costa-degli-dei,https://sagr.it/calabria/costa-degli-dei/eventi/ballando-sotto-le-stelle-pizzo,,,,,
Evento culturalefavoriteGust in Italy - Gal' dei Sapori Italiani (Talk & Show),,9 agosto 2026,2026-08-09,2026-08-09,Pizzo,Calabria,calabria,Costa Degli dei,costa-degli-dei,https://sagr.it/calabria/costa-degli-dei/eventi/gust-in-italy-pizzo,,,,,
"Evento culturalefavoriteTeatro Dialettale: ""Pè Curpa du Caputrenu""",,9 agosto 2026,2026-08-09,2026-08-09,Pizzo,Calabria,calabria,Costa Degli dei,costa-degli-dei,https://sagr.it/calabria/costa-degli-dei/eventi/teatro-dialettale-pe-curpa-du-caputrenu-pizzo,,,,,
FestivalfavoriteConcerto Piccadilli a Triparni,,9 agosto 2026,2026-08-09,2026-08-09,Vibo Valentia,Calabria,calabria,Costa Degli dei,costa-degli-dei,https://sagr.it/calabria/costa-degli-dei/eventi/concerto-piccadilli-triparni,,,,,
FestivalfavoriteCosimo Papandrea in concerto a Sorianello,,9 agosto 2026,2026-08-09,2026-08-09,Sorianello,Calabria,calabria,Costa Degli dei,costa-degli-dei,https://sagr.it/calabria/costa-degli-dei/eventi/cosimo-papandrea-concerto-sorianello,,,,,
FestivalfavoriteSOMEWHERE Festival - Day 1: Mangroovia Showcase,,9 agosto 2026,2026-08-09,2026-08-09,Ricadi,Calabria,calabria,Costa Degli dei,costa-degli-dei,https://sagr.it/calabria/costa-degli-dei/eventi/somewhere-festival-day-1-mangroovia-ricadi,,,,,
FestivalfavoriteSerata Jazz a Zambrone: Il Talento del Conservatorio Torrefranca,,9 agosto 2026,2026-08-09,2026-08-09,Zambrone,Calabria,calabria,Costa Degli dei,costa-degli-dei,https://sagr.it/calabria/costa-degli-dei/eventi/serata-jazz-zambrone-conservatorio-torrefranca,,,,,
RievocazionefavoriteFilocastrum Fest a Motta Filocastro,,9 agosto 2026,2026-08-09,2026-08-09,Motta Filocastro,Calabria,calabria,Costa Degli dei,costa-degli-dei,https://sagr.it/calabria/costa-degli-dei/eventi/filocastrum-fest-motta-filocastro,,,,,
Sagrafavorite9ª Festa della Trebbiatura a Maierato,,9 agosto 2026,2026-08-09,2026-08-09,Maierato,Calabria,calabria,Costa Degli dei,costa-degli-dei,https://sagr.it/calabria/costa-degli-dei/eventi/festa-della-trebbiatura-maierato,,,,,
SagrafavoriteSagra della Pizza Fritta a Vibo Marina 2026,,9 agosto 2026,2026-08-09,2026-08-09,Vibo Marina,Calabria,calabria,Costa Degli dei,costa-degli-dei,https://sagr.it/calabria/costa-degli-dei/eventi/sagra-della-pizza-fritta-vibo-marina,,,,,
"Evento culturalefavoriteSemifinale Concorso Nazionale ""Venere d'Italia""",,10 agosto 2026,2026-08-10,2026-08-10,Pizzo,Calabria,calabria,Costa Degli dei,costa-degli-dei,https://sagr.it/calabria/costa-degli-dei/eventi/semifinale-venere-italia-pizzo,,,,,
Festa patronalefavoriteSan Leo in Festa & Calabria Tarantella,Festival,10 agosto 2026,2026-08-10,2026-08-10,Briatico,Calabria,calabria,Costa Degli dei,costa-degli-dei,https://sagr.it/calabria/costa-degli-dei/eventi/san-leo-in-festa-calabria-tarantella-festival-briatico,,,,,
"FestivalfavoriteConcerto ""Anime Migranti"" di Marcondiro",,10 agosto 2026,2026-08-10,2026-08-10,Tropea,Calabria,calabria,Costa Degli dei,costa-degli-dei,https://sagr.it/calabria/costa-degli-dei/eventi/concerto-anime-migranti-marcondiro-tropea,,,,,
FestivalfavoriteSOMEWHERE Festival - Day 2: Audio-Visual Night,,10 agosto 2026,2026-08-10,2026-08-10,Ricadi,Calabria,calabria,Costa Degli dei,costa-degli-dei,https://sagr.it/calabria/costa-degli-dei/eventi/somewhere-festival-day-2-audio-visual-night,,,,,
"FestivalfavoriteSwing, Jazz e Blues sul Lungomare con la Calastreet Band",,10 agosto 2026,2026-08-10,2026-08-10,Zambrone,Calabria,calabria,Costa Degli dei,costa-degli-dei,https://sagr.it/calabria/costa-degli-dei/eventi/swing-jazz-blues-lungomare-zambrone,,,,,
"Evento culturalefavoriteMichele Placido in ""Serata d'Onore""",,11 agosto 2026,2026-08-11,2026-08-11,Ricadi,Calabria,calabria,Costa Degli dei,costa-degli-dei,https://sagr.it/calabria/costa-degli-dei/eventi/michele-placido-serata-onore-ricadi,,,,,
"Festa patronalefavoriteFesta a San Giovanni: Ritmo, Colore e Giganti",,11 agosto 2026,2026-08-11,2026-08-11,Zambrone,Calabria,calabria,Costa Degli dei,costa-degli-dei,https://sagr.it/calabria/costa-degli-dei/eventi/festa-san-giovanni-ritmo-colore-giganti-zambrone,,,,,
FestivalfavoriteCalici Sotto le Stelle - Summer Fest a Vibo Marina,,11 agosto 2026,2026-08-11,2026-08-11,Vibo Marina,Calabria,calabria,Costa Degli dei,costa-degli-dei,https://sagr.it/calabria/costa-degli-dei/eventi/calici-sotto-le-stelle-vibo-marina,,,,,
FestivalfavoriteConcerto d'Estate dell'Orchestra di Fiati Città di Pizzo,,11 agosto 2026,2026-08-11,2026-08-11,Pizzo,Calabria,calabria,Costa Degli dei,costa-degli-dei,https://sagr.it/calabria/costa-degli-dei/eventi/concerto-estate-orchestra-fiati-pizzo,,,,,
FestivalfavoriteConcerto della Jericho Dixieland Jazz Band,,11 agosto 2026,2026-08-11,2026-08-11,Pizzo,Calabria,calabria,Costa Degli dei,costa-degli-dei,https://sagr.it/calabria/costa-degli-dei/eventi/concerto-jericho-dixieland-jazz-band-pizzo,,,,,
"Evento culturalefavoritePresentazione del Libro ""Il Sogno Americano""",,12 agosto 2026,2026-08-12,2026-08-12,Pizzo,Calabria,calabria,Costa Degli dei,costa-degli-dei,https://sagr.it/calabria/costa-degli-dei/eventi/presentazione-libro-sogno-americano-pizzo,,,,,
FestivalfavoriteBivona Beach Festival 2026,,12 agosto - 14 agosto 2026,2026-08-12,2026-08-14,Bivona,Calabria,calabria,Costa Degli dei,costa-degli-dei,https://sagr.it/calabria/costa-degli-dei/eventi/bivona-beach-festival,,,,,
FestivalfavoritePOA - Pizzo Open Air sul Lungomare,,12 agosto 2026,2026-08-12,2026-08-12,Pizzo,Calabria,calabria,Costa Degli dei,costa-degli-dei,https://sagr.it/calabria/costa-degli-dei/eventi/poa-pizzo-open-air-lungomare,,,,,
SagrafavoriteNotte di Musica e Sapori a Daffinacello,,12 agosto 2026,2026-08-12,2026-08-12,Zambrone,Calabria,calabria,Costa Degli dei,costa-degli-dei,https://sagr.it/calabria/costa-degli-dei/eventi/notte-di-musica-e-sapori-daffinacello,,,,,
"Evento culturalefavoriteNando Brusco in ""Teatro - Tamburo e Voce""",,13 agosto 2026,2026-08-13,2026-08-13,Zambrone,Calabria,calabria,Costa Degli dei,costa-degli-dei,https://sagr.it/calabria/costa-degli-dei/eventi/nando-brusco-teatro-tamburo-voce-zambrone,,,,,
FestivalfavoriteCondors in Concerto a Vena Media,,13 agosto 2026,2026-08-13,2026-08-13,Vibo Valentia,Calabria,calabria,Costa Degli dei,costa-degli-dei,https://sagr.it/calabria/costa-degli-dei/eventi/condors-in-concerto-vena-media,,,,,
Sagrafavorite46ª Sagra della Cipolla Rossa di Tropea IGP a Ricadi,,13 agosto 2026,2026-08-13,2026-08-13,Ricadi,Calabria,calabria,Costa Degli dei,costa-degli-dei,https://sagr.it/calabria/costa-degli-dei/eventi/sagra-cipolla-rossa-tropea-ricadi,,,,,
SagrafavoriteSagra Paesana a Triparni,,13 agosto 2026,2026-08-13,2026-08-13,Vibo Valentia,Calabria,calabria,Costa Degli dei,costa-degli-dei,https://sagr.it/calabria/costa-degli-dei/eventi/sagra-paesana-triparni,,,,,
SagrafavoriteSagra della Pecora di Zaccanopoli,,13 agosto 2026,2026-08-13,2026-08-13,Zaccanopoli,Calabria,calabria,Costa Degli dei,costa-degli-dei,https://sagr.it/calabria/costa-degli-dei/eventi/sagra-della-pecora-zaccanopoli,,,,,
"Evento culturalefavoriteTeatro Dialettale: ""Nda Vita Ngi Voli Fortuna""",,14 agosto 2026,2026-08-14,2026-08-14,Pizzo,Calabria,calabria,Costa Degli dei,costa-degli-dei,https://sagr.it/calabria/costa-degli-dei/eventi/teatro-dialettale-nda-vita-ngi-voli-fortuna-pizzo,,,,,
FestivalfavoriteConcerto Jazz con Pippo Lico,,14 agosto 2026,2026-08-14,2026-08-14,Zambrone,Calabria,calabria,Costa Degli dei,costa-degli-dei,https://sagr.it/calabria/costa-degli-dei/eventi/concerto-jazz-pippo-lico-zambrone,,,,,
"FestivalfavoriteEmanuele Marsico Quintet in concerto ""Carosello Napoletano""",,14 agosto 2026,2026-08-14,2026-08-14,Ricadi,Calabria,calabria,Costa Degli dei,costa-degli-dei,https://sagr.it/calabria/costa-degli-dei/eventi/emanuele-marsico-quintet-carosello-napoletano-ricadi,,,,,
"Evento culturalefavoriteTeatro Popolare: ""Teresa si fici fimmina""",,16 agosto 2026,2026-08-16,2026-08-16,Zambrone,Calabria,calabria,Costa Degli dei,costa-degli-dei,https://sagr.it/calabria/costa-degli-dei/eventi/teatro-popolare-teresa-si-fici-fimmina-zambrone,,,,,
Evento culturalefavoriteTeatro Dialettale: «E il Sommo Poeta Disse a Me»,,17 agosto 2026,2026-08-17,2026-08-17,Pizzo,Calabria,calabria,Costa Degli dei,costa-degli-dei,https://sagr.it/calabria/costa-degli-dei/eventi/teatro-dialettale-sommo-poeta-pizzo,,,,,
FestivalfavoriteConcerto Pop Rock con la James Live Band,,17 agosto 2026,2026-08-17,2026-08-17,Zambrone,Calabria,calabria,Costa Degli dei,costa-degli-dei,https://sagr.it/calabria/costa-degli-dei/eventi/concerto-pop-rock-james-live-band-zambrone,,,,,
FestivalfavoriteConcerto di Musica Popolare a Vena Superiore,,17 agosto 2026,2026-08-17,2026-08-17,Vibo Valentia,Calabria,calabria,Costa Degli dei,costa-degli-dei,https://sagr.it/calabria/costa-degli-dei/eventi/concerto-musica-popolare-vena-superiore,,,,,
Sagrafavorite36ª Sagra della Patata di Zungri,,17 agosto 2026,2026-08-17,2026-08-17,Zungri,Calabria,calabria,Costa Degli dei,costa-degli-dei,https://sagr.it/calabria/costa-degli-dei/eventi/sagra-della-patata-zungri,,,,,
SagrafavoriteSagra del pane di Stefanaconi,,17 agosto 2026,2026-08-17,2026-08-17,Stefanaconi,Calabria,calabria,Costa Degli dei,costa-degli-dei,https://sagr.it/calabria/costa-degli-dei/eventi/sagra-del-pane-di-stefanaconi,,,,,
Evento culturalefavoriteIl Magico Mondo degli Artisti di Strada,,18 agosto 2026,2026-08-18,2026-08-18,Pizzo,Calabria,calabria,Costa Degli dei,costa-degli-dei,https://sagr.it/calabria/costa-degli-dei/eventi/magico-mondo-artisti-strada-pizzo,,,,,
Festa patronalefavoriteTamburello Festival XIX edizione,,18 agosto 2026,2026-08-18,2026-08-18,Zambrone,Calabria,calabria,Costa Degli dei,costa-degli-dei,https://sagr.it/calabria/costa-degli-dei/eventi/tamburello-festival-zambrone,,,,,
"FestivalfavoritePeppe Voltarelli in concerto ""Voltarelli canta Profazio""",,18 agosto 2026,2026-08-18,2026-08-18,Ricadi,Calabria,calabria,Costa Degli dei,costa-degli-dei,https://sagr.it/calabria/costa-degli-dei/eventi/peppe-voltarelli-voltarelli-canta-profazio-ricadi,,,,,
Evento culturalefavoriteCandlelight in Spiaggia a Vibo Marina,,19 agosto 2026,2026-08-19,2026-08-19,Vibo Marina,Calabria,calabria,Costa Degli dei,costa-degli-dei,https://sagr.it/calabria/costa-degli-dei/eventi/candlelight-in-spiaggia-vibo-marina-19-agosto,,,,,
FestivalfavoriteTammurriata Nera - Tributo a Renzo Arbore,,19 agosto 2026,2026-08-19,2026-08-19,Pizzo,Calabria,calabria,Costa Degli dei,costa-degli-dei,https://sagr.it/calabria/costa-degli-dei/eventi/tammurriata-nera-tributo-renzo-arbore-pizzo,,,,,
"FestivalfavoriteTributo ai Pooh con ""Le Orme dei Pooh""",,19 agosto 2026,2026-08-19,2026-08-19,Zambrone,Calabria,calabria,Costa Degli dei,costa-degli-dei,https://sagr.it/calabria/costa-degli-dei/eventi/tributo-pooh-le-orme-dei-pooh-zambrone,,,,,
SagrafavoriteSagra del tonno e tartufo gelato di Pizzo,,19 agosto 2026,2026-08-19,2026-08-19,Pizzo,Calabria,calabria,Costa Degli dei,costa-degli-dei,https://sagr.it/calabria/costa-degli-dei/eventi/sagra-del-tonno-e-tartufo-gelato-di-pizzo,,,,,
FestivalfavoriteConcerto Rock'n'Rolla a Longobardi,,20 agosto 2026,2026-08-20,2026-08-20,Ricadi,Calabria,calabria,Costa Degli dei,costa-degli-dei,https://sagr.it/calabria/costa-degli-dei/eventi/concerto-rock-n-rolla-longobardi,,,,,
FestivalfavoritePizzo come Buenos Aires,,20 agosto 2026,2026-08-20,2026-08-20,Pizzo,Calabria,calabria,Costa Degli dei,costa-degli-dei,https://sagr.it/calabria/costa-degli-dei/eventi/pizzo-come-buenos-aires,,,,,
"Evento culturalefavoriteSpettacolo Teatrale ""Fughe Organizzate""",,21 agosto 2026,2026-08-21,2026-08-21,Pizzo,Calabria,calabria,Costa Degli dei,costa-degli-dei,https://sagr.it/calabria/costa-degli-dei/eventi/fughe-organizzate-pizzo,,,,,
Evento culturalefavoriteUna Notte da Sogno a Vibo Marina,,21 agosto 2026,2026-08-21,2026-08-21,Vibo Valentia,Calabria,calabria,Costa Degli dei,costa-degli-dei,https://sagr.it/calabria/costa-degli-dei/eventi/una-notte-da-sogno-vibo-marina,,,,,
Festivalfavorite14ª Edizione del Festival Mondiale del Folklore,,21 agosto - 22 agosto 2026,2026-08-21,2026-08-22,Tropea,Calabria,calabria,Costa Degli dei,costa-degli-dei,https://sagr.it/calabria/costa-degli-dei/eventi/festival-mondiale-folklore-tropea,,,,,
FestivalfavoriteTER.RE Territori in Rete: Eleonora Costanzo & Celebrity Stars Show,,21 agosto 2026,2026-08-21,2026-08-21,Serra San Bruno,Calabria,calabria,Costa Degli dei,costa-degli-dei,https://sagr.it/calabria/costa-degli-dei/eventi/eleonora-costanzo-celebrity-stars-show-serra-san-bruno,,,,,
Evento culturalefavoriteVibo Social Fest,,22 agosto 2026,2026-08-22,2026-08-22,Vibo Valentia,Calabria,calabria,Costa Degli dei,costa-degli-dei,https://sagr.it/calabria/costa-degli-dei/eventi/vibo-social-fest-22-agosto,,,,,
FestivalfavoriteConcerto di Canto Gregoriano,,22 agosto 2026,2026-08-22,2026-08-22,Pizzo,Calabria,calabria,Costa Degli dei,costa-degli-dei,https://sagr.it/calabria/costa-degli-dei/eventi/concerto-canto-gregoriano-pizzo,,,,,
SagrafavoriteXIII Sagra dei Sapori di Calabria a Monterosso,,22 agosto 2026,2026-08-22,2026-08-22,Monterosso Calabro,Calabria,calabria,Costa Degli dei,costa-degli-dei,https://sagr.it/calabria/costa-degli-dei/eventi/sagra-dei-sapori-di-calabria-monterosso,,,,,
SagrafavoriteDas' Food Fest 2026,,23 agosto 2026,2026-08-23,2026-08-23,Das',Calabria,calabria,Costa Degli dei,costa-degli-dei,https://sagr.it/calabria/costa-degli-dei/eventi/das-food-fest-das,,,,,
Evento culturalefavoriteLa Notte del Poeta a Triparni,,24 agosto 2026,2026-08-24,2026-08-24,Vibo Valentia,Calabria,calabria,Costa Degli dei,costa-degli-dei,https://sagr.it/calabria/costa-degli-dei/eventi/notte-del-poeta-triparni,,,,,
FestivalfavoriteConcerto degli Amakorà,,24 agosto 2026,2026-08-24,2026-08-24,Pizzo,Calabria,calabria,Costa Degli dei,costa-degli-dei,https://sagr.it/calabria/costa-degli-dei/eventi/concerto-amakorà-pizzo,,,,,
RievocazionefavoriteParata Storica: Rievocazione della Liberazione di Tropea del 1615,,24 agosto 2026,2026-08-24,2026-08-24,Tropea,Calabria,calabria,Costa Degli dei,costa-degli-dei,https://sagr.it/calabria/costa-degli-dei/eventi/parata-storica-liberazione-tropea-1615,,,,,
Evento culturalefavoriteVinaria in Piazzetta Padiglione,,27 agosto 2026,2026-08-27,2026-08-27,Pizzo,Calabria,calabria,Costa Degli dei,costa-degli-dei,https://sagr.it/calabria/costa-degli-dei/eventi/vinaria-pizzo,,,,,
Evento culturalefavoriteTi Porto un Libro a Vibo Marina,,29 agosto 2026,2026-08-29,2026-08-29,Vibo Valentia,Calabria,calabria,Costa Degli dei,costa-degli-dei,https://sagr.it/calabria/costa-degli-dei/eventi/ti-porto-un-libro-vibo-marina-29-agosto,,,,,
"FestivalfavoriteParafonè in concerto ""Capre Diem""",,29 agosto 2026,2026-08-29,2026-08-29,Ricadi,Calabria,calabria,Costa Degli dei,costa-degli-dei,https://sagr.it/calabria/costa-degli-dei/eventi/parafonè-in-concerto-capre-diem-ricadi,,,,,
FestivalfavoriteConcerto dell'Orchestra dei Fiati — Stagione Concertistica 2026,,30 agosto 2026,2026-08-30,2026-08-30,Tropea,Calabria,calabria,Costa Degli dei,costa-degli-dei,https://sagr.it/calabria/costa-degli-dei/eventi/concerto-orchestra-fiati-tropea,,,,,
"Evento culturalefavoriteTeatro di Strada a Daffinà: ""Due cuori e una sinapsi""",,31 agosto 2026,2026-08-31,2026-08-31,Zambrone,Calabria,calabria,Costa Degli dei,costa-degli-dei,https://sagr.it/calabria/costa-degli-dei/eventi/teatro-di-strada-daffina-due-cuori-sinapsi,,,,,
SagrafavoriteFesta dell'Uva a Vibo Valentia,,31 agosto 2026,2026-08-31,2026-08-31,Vibo Valentia,Calabria,calabria,Costa Degli dei,costa-degli-dei,https://sagr.it/calabria/costa-degli-dei/eventi/festa-dell-uva-vibo-valentia,,,,,
"Evento culturalefavoriteSpettacolo Teatrale ""Icaro: L'Ultimo Volo"" a Soriano",,3 settembre 2026,2026-09-03,2026-09-03,Soriano Calabro,Calabria,calabria,Costa Degli dei,costa-degli-dei,https://sagr.it/calabria/costa-degli-dei/eventi/icaro-ultimo-volo-soriano,,,,,
Evento culturalefavoriteTorno Giù 2026: L'Agorà di chi ritorna a Jonadi,,5 settembre 2026,2026-09-05,2026-09-05,Jonadi,Calabria,calabria,Costa Degli dei,costa-degli-dei,https://sagr.it/calabria/costa-degli-dei/eventi/torno-giu-jonadi,,,,,
"FestivalfavoriteTributo a Mango a Madama: ""Raccontando Mango""",,5 settembre 2026,2026-09-05,2026-09-05,Zambrone,Calabria,calabria,Costa Degli dei,costa-degli-dei,https://sagr.it/calabria/costa-degli-dei/eventi/tributo-mango-madama-zambrone,,,,,
Evento culturalefavoriteTropea Film Festival - Il Grande Cinema sulla Costa degli Dei,,14 settembre - 20 settembre 2026,2026-09-14,2026-09-20,Tropea,Calabria,calabria,Costa Degli dei,costa-degli-dei,https://sagr.it/calabria/costa-degli-dei/eventi/tropea-film-festival,,,,,
SagrafavoriteFesta del Cioccolato a Gioia Tauro,,27 marzo - 29 marzo 2026,2026-03-27,2026-03-29,Gioia Tauro,Calabria,calabria,Costa Viola e Reggio Calabria,costa-viola-e-reggio-calabria,https://sagr.it/calabria/costa-viola-e-reggio-calabria/eventi/festa-del-cioccolato-a-gioia-tauro,,,,,
Festa patronalefavoriteInfiorata Motta San Giovanni,,23 maggio - 24 maggio 2026,2026-05-23,2026-05-24,Motta San Giovanni,Calabria,calabria,Costa Viola e Reggio Calabria,costa-viola-e-reggio-calabria,https://sagr.it/calabria/costa-viola-e-reggio-calabria/eventi/infiorata-motta-san-giovanni,,,,,
Festa patronalefavoriteInfiorata di Taurianova,,19 giugno - 21 giugno 2026,2026-06-19,2026-06-21,Taurianova,Calabria,calabria,Costa Viola e Reggio Calabria,costa-viola-e-reggio-calabria,https://sagr.it/calabria/costa-viola-e-reggio-calabria/eventi/infiorata-di-taurianova,,,,,
SagrafavoriteFesta del Peperone,,1 luglio - 5 luglio 2026,2026-07-01,2026-07-05,Sant'Onofrio,Calabria,calabria,Costa Viola e Reggio Calabria,costa-viola-e-reggio-calabria,https://sagr.it/calabria/costa-viola-e-reggio-calabria/eventi/festa-del-peperone,,,,,
Festa patronalefavoriteFeste Patronali,,11 luglio - 18 luglio 2026,2026-07-11,2026-07-18,Polistena,Calabria,calabria,Costa Viola e Reggio Calabria,costa-viola-e-reggio-calabria,https://sagr.it/calabria/costa-viola-e-reggio-calabria/eventi/feste-patronali,,,,,
Evento culturalefavoriteKalabria Eco Fest,,16 luglio - 19 luglio 2026,2026-07-16,2026-07-19,Polia,Calabria,calabria,Costa Viola e Reggio Calabria,costa-viola-e-reggio-calabria,https://sagr.it/calabria/costa-viola-e-reggio-calabria/eventi/kalabria-eco-fest,,,,,
SagrafavoriteMangiandu e scojandu - Sagra della Suppularia e della Ricotta calda,,4 agosto 2026,2026-08-04,2026-08-04,Antonimina,Calabria,calabria,Costa Viola e Reggio Calabria,costa-viola-e-reggio-calabria,https://sagr.it/calabria/costa-viola-e-reggio-calabria/eventi/mangiandu-e-scojandu-sagra-della-suppularia-e-della-ricotta-calda,,,,,
SagrafavoriteSagra da Sujaca,,6 agosto 2026,2026-08-06,2026-08-06,Caria,Calabria,calabria,Costa Viola e Reggio Calabria,costa-viola-e-reggio-calabria,https://sagr.it/calabria/costa-viola-e-reggio-calabria/eventi/sagra-da-sujaca,,,,,
SagrafavoriteSagra della struncatura,,7 agosto 2026,2026-08-07,2026-08-07,Gioia Tauro,Calabria,calabria,Costa Viola e Reggio Calabria,costa-viola-e-reggio-calabria,https://sagr.it/calabria/costa-viola-e-reggio-calabria/eventi/sagra-della-struncatura,,,,,
SagrafavoriteSagra del pane di grano,,12 agosto 2026,2026-08-12,2026-08-12,Bagnara Calabra,Calabria,calabria,Costa Viola e Reggio Calabria,costa-viola-e-reggio-calabria,https://sagr.it/calabria/costa-viola-e-reggio-calabria/eventi/sagra-del-pane-di-grano,,,,,
SagrafavoriteSagra della patata,,14 agosto 2026,2026-08-14,2026-08-14,Pernocari,Calabria,calabria,Costa Viola e Reggio Calabria,costa-viola-e-reggio-calabria,https://sagr.it/calabria/costa-viola-e-reggio-calabria/eventi/sagra-della-patata-mp7j734v,,,,,
SagrafavoriteSagra della capra e pappaluni,,17 agosto 2026,2026-08-17,2026-08-17,Scido,Calabria,calabria,Costa Viola e Reggio Calabria,costa-viola-e-reggio-calabria,https://sagr.it/calabria/costa-viola-e-reggio-calabria/eventi/sagra-della-capra-e-pappaluni,,,,,
SagrafavoriteSagra dello stoccafisso,,20 settembre - 21 settembre 2026,2026-09-20,2026-09-21,Cittanova,Calabria,calabria,Costa Viola e Reggio Calabria,costa-viola-e-reggio-calabria,https://sagr.it/calabria/costa-viola-e-reggio-calabria/eventi/sagra-dello-stoccafisso,,,,,
SagrafavoritePer le vie di… San Martino,,9 novembre - 11 novembre 2026,2026-11-09,2026-11-11,Marina di Gioiosa Ionica,Calabria,calabria,Costa Viola e Reggio Calabria,costa-viola-e-reggio-calabria,https://sagr.it/calabria/costa-viola-e-reggio-calabria/eventi/per-le-vie-di-san-martino,,,,,
SagrafavoriteSagra della Castagna,,15 novembre - 16 novembre 2026,2026-11-15,2026-11-16,Martone,Calabria,calabria,Costa Viola e Reggio Calabria,costa-viola-e-reggio-calabria,https://sagr.it/calabria/costa-viola-e-reggio-calabria/eventi/sagra-della-castagna-mqpoy61b,,,,,
Evento culturalefavoritePensa Tu Festival Rende,,15 aprile - 17 aprile 2026,2026-04-15,2026-04-17,Rende,Calabria,calabria,Sila,sila,https://sagr.it/calabria/sila/eventi/pensa-tu-festival-rende,,,,,
SagrafavoriteSagra dei Piselli e delle Fave,,25 aprile - 26 aprile 2026,2026-04-25,2026-04-26,Montegiordano,Calabria,calabria,Sila,sila,https://sagr.it/calabria/sila/eventi/sagra-dei-piselli-e-delle-fave,,,,,
RievocazionefavoriteFesta Medievale di Santa Severina,,1 maggio 2026,2026-05-01,2026-05-01,Santa Severina,Calabria,calabria,Sila,sila,https://sagr.it/calabria/sila/eventi/festa-medievale-di-santa-severina,,,,,
FestivalfavoriteFesta della Tarantella Calabrese,,27 giugno - 28 giugno 2026,2026-06-27,2026-06-28,Saracena,Calabria,calabria,Sila,sila,https://sagr.it/calabria/sila/eventi/festa-della-tarantella-calabrese-mq9i9se5,,,,,
FestivalfavoriteFelici & Conflenti,,27 luglio - 31 luglio 2026,2026-07-27,2026-07-31,Conflenti,Calabria,calabria,Sila,sila,https://sagr.it/calabria/sila/eventi/felici-conflenti,,,,,
FestivalfavoriteBe Alternative,Festival,31 luglio - 2 agosto 2026,2026-07-31,2026-08-02,Camigliatello Silano,Calabria,calabria,Sila,sila,https://sagr.it/calabria/sila/eventi/be-alternative-festival,,,,,
SagrafavoriteSagra della Bruschetta e del Pomodoro di Belmonte,,8 agosto 2026,2026-08-08,2026-08-08,Belmonte Calabro,Calabria,calabria,Sila,sila,https://sagr.it/calabria/sila/eventi/sagra-della-bruschetta-e-del-pomodoro-di-belmonte,,,,,
SagrafavoriteSagra della patata,,13 agosto 2026,2026-08-13,2026-08-13,Martirano Lombardo,Calabria,calabria,Sila,sila,https://sagr.it/calabria/sila/eventi/sagra-della-patata-mp7j72i1,,,,,
SagrafavoriteVinitaly and The City,,17 agosto - 19 agosto 2026,2026-08-17,2026-08-19,Cassano all'Ionio,Calabria,calabria,Sila,sila,https://sagr.it/calabria/sila/eventi/vinitaly-and-the-city,,,,,
SagrafavoriteSagra agli arnedos,,3 settembre - 4 settembre 2026,2026-09-03,2026-09-04,Rovito,Calabria,calabria,Sila,sila,https://sagr.it/calabria/sila/eventi/sagra-agli-arnedos,,,,,
SagrafavoriteCedro,Festival,4 settembre - 7 settembre 2026,2026-09-04,2026-09-07,Santa Maria del Cedro,Calabria,calabria,Sila,sila,https://sagr.it/calabria/sila/eventi/cedro-festival,,,,,
SagrafavoritePeperoncino festival,,10 settembre - 14 settembre 2026,2026-09-10,2026-09-14,Diamante,Calabria,calabria,Sila,sila,https://sagr.it/calabria/sila/eventi/peperoncino-festival,,,,,
SagrafavoriteSagra della Cucina Spezzanese,,13 settembre - 14 settembre 2026,2026-09-13,2026-09-14,Spezzano Albanese,Calabria,calabria,Sila,sila,https://sagr.it/calabria/sila/eventi/sagra-della-cucina-spezzanese,,,,,
SagrafavoriteZafarana Fest,,10 ottobre - 12 ottobre 2026,2026-10-10,2026-10-12,Tortora,Calabria,calabria,Sila,sila,https://sagr.it/calabria/sila/eventi/zafarana-fest,,,,,
SagrafavoriteSagra del fungo Silano,,11 ottobre - 12 ottobre 2026,2026-10-11,2026-10-12,Camigliatello Silano,Calabria,calabria,Sila,sila,https://sagr.it/calabria/sila/eventi/sagra-del-fungo-silano,,,,,
SagrafavoriteFestival della Castanicoltura,,24 ottobre - 26 ottobre 2026,2026-10-24,2026-10-26,Fagnano Castello,Calabria,calabria,Sila,sila,https://sagr.it/calabria/sila/eventi/festival-della-castanicoltura,,,,,
SagrafavoriteSagra della castagna,,5 novembre - 8 novembre 2026,2026-11-05,2026-11-08,Sant'Agata di Esaro,Calabria,calabria,Sila,sila,https://sagr.it/calabria/sila/eventi/sagra-della-castagna-mqljol17,,,,,
SagrafavoriteFesta d’autunno – Sagra delle castagne,,7 novembre - 9 novembre 2026,2026-11-07,2026-11-09,San Donato di Ninea,Calabria,calabria,Sila,sila,https://sagr.it/calabria/sila/eventi/festa-d-autunno-sagra-delle-castagne,,,,,
Festa patronalefavoriteFesta di San Leone,,19 febbraio - 20 febbraio 2027,2027-02-19,2027-02-20,Saracena,Calabria,calabria,Sila,sila,https://sagr.it/calabria/sila/eventi/festa-di-san-leone,,,,,
SagrafavoriteBianco Tanagro,,24 aprile - 3 maggio 2026,2026-04-24,2026-05-03,Auletta,Campania,campania,Cilento,cilento,https://sagr.it/campania/cilento/eventi/bianco-tanagro,,,,,
SagrafavoriteBianco Tanagro - Festival del Carciofo Bianco,,24 aprile - 3 maggio 2026,2026-04-24,2026-05-03,Auletta,Campania,campania,Cilento,cilento,https://sagr.it/campania/cilento/eventi/bianco-tanagro-festival-del-carciofo-bianco,,,,,
SagrafavoriteFesta del Carciofo di Paestum,,24 aprile - 3 maggio 2026,2026-04-24,2026-05-03,Paestum,Campania,campania,Cilento,cilento,https://sagr.it/campania/cilento/eventi/festa-del-carciofo-di-paestum,,,,,
SagrafavoriteSagra degli Asparagi a Squille,,24 aprile - 3 maggio 2026,2026-04-24,2026-05-03,Squille,Campania,campania,Cilento,cilento,https://sagr.it/campania/cilento/eventi/sagra-degli-asparagi-a-squille,,,,,
Festa patronalefavoriteSagra del Carciofo bianco di Pertosa,,30 aprile - 10 maggio 2026,2026-04-30,2026-05-10,Pertosa,Campania,campania,Cilento,cilento,https://sagr.it/campania/cilento/eventi/sagra-del-carciofo-bianco-di-pertosa,,,,,
SagrafavoriteFesta dell'Asparago Selvatico,,1 maggio - 3 maggio 2026,2026-05-01,2026-05-03,Roscigno,Campania,campania,Cilento,cilento,https://sagr.it/campania/cilento/eventi/festa-dell-asparago-selvatico,,,,,
SagrafavoriteFesta del carciofo,,10 maggio 2026,2026-05-10,2026-05-10,Chiusure,Campania,campania,Cilento,cilento,https://sagr.it/campania/cilento/eventi/festa-del-carciofo,,,,,
SagrafavoriteFesta del pescato di paranza,,30 maggio - 1 giugno 2026,2026-05-30,2026-06-01,Castellabate,Campania,campania,Cilento,cilento,https://sagr.it/campania/cilento/eventi/festa-del-pescato-di-paranza-mnab6u4b,,,,,
EventofavoriteFesta della lumaca e delle tammorre,,5 giugno - 7 giugno 2026,2026-06-05,2026-06-07,Fontanavecchia,Campania,campania,Cilento,cilento,https://sagr.it/campania/cilento/eventi/festa-della-lumaca-e-delle-tammorre,,,,,
SagrafavoriteMaggiolata - Sagra delle ciliegie,,5 giugno - 7 giugno 2026,2026-06-05,2026-06-07,Raiano,Campania,campania,Cilento,cilento,https://sagr.it/campania/cilento/eventi/maggiolata-sagra-delle-ciliegie,,,,,
SagrafavoriteFesta della fragolina e dei sapori degli Alburni,,6 giugno - 7 giugno 2026,2026-06-06,2026-06-07,Petina,Campania,campania,Cilento,cilento,https://sagr.it/campania/cilento/eventi/festa-della-fragolina-e-dei-sapori-degli-alburni,,,,,
Festa patronalefavoriteFesta patronale di San Giovanni Battista ad Angri,,14 giugno - 30 giugno 2026,2026-06-14,2026-06-30,Angri,Campania,campania,Cilento,cilento,https://sagr.it/campania/cilento/eventi/festa-patronale-di-san-giovanni-battista-ad-angri,,,,,
SagrafavoriteFesta della Maracucciata,,20 giugno - 21 giugno 2026,2026-06-20,2026-06-21,Lentiscosa,Campania,campania,Cilento,cilento,https://sagr.it/campania/cilento/eventi/festa-della-maracucciata,,,,,
Festa patronalefavoriteFesta di San Pietro - Capaccio Capoluogo,,27 giugno - 29 giugno 2026,2026-06-27,2026-06-29,Capaccio Capoluogo,Campania,campania,Cilento,cilento,https://sagr.it/campania/cilento/eventi/festa-di-san-pietro-capaccio-capoluogo,,,,,
SagrafavoriteSagra delle pennette all'Ogliarese,,3 luglio - 8 luglio 2026,2026-07-03,2026-07-08,Ogliara,Campania,campania,Cilento,cilento,https://sagr.it/campania/cilento/eventi/sagra-delle-pennette-all-ogliarese,,,,,
Evento culturalefavoriteNotte Bianca Salerno,,11 luglio - 12 luglio 2026,2026-07-11,2026-07-12,Salerno,Campania,campania,Cilento,cilento,https://sagr.it/campania/cilento/eventi/notte-bianca-salerno,,,,,
SagrafavoriteLa Sagra delle sagre Cilentane,,15 luglio - 19 luglio 2026,2026-07-15,2026-07-19,Cicerale,Campania,campania,Cilento,cilento,https://sagr.it/campania/cilento/eventi/la-sagra-delle-sagre-cilentane,,,,,
SagrafavoriteLe notti del Cilento: Sagra delle Sagre,,15 luglio - 19 luglio 2026,2026-07-15,2026-07-19,Cicerale,Campania,campania,Cilento,cilento,https://sagr.it/campania/cilento/eventi/le-notti-del-cilento-sagra-delle-sagre,,,,,
SagrafavoriteSagra Lagane e Ceci,,17 luglio - 22 luglio 2026,2026-07-17,2026-07-22,Rufoli,Campania,campania,Cilento,cilento,https://sagr.it/campania/cilento/eventi/sagra-lagane-e-ceci-mqt9i1sn,,,,,
FestivalfavoriteBababoom,Festival,22 luglio - 26 luglio 2026,2026-07-22,2026-07-26,Marina Palmense,Campania,campania,Cilento,cilento,https://sagr.it/campania/cilento/eventi/bababoom-festival,,,,,
SagrafavoriteFesta della cipolla di Vatolla,,25 luglio - 22 agosto 2026,2026-07-25,2026-08-22,Vatolla,Campania,campania,Cilento,cilento,https://sagr.it/campania/cilento/eventi/festa-della-cipolla-di-vatolla,,,,,
SagrafavoriteSagra della mulignana,,25 luglio 2026,2026-07-25,2026-07-25,Scafati,Campania,campania,Cilento,cilento,https://sagr.it/campania/cilento/eventi/sagra-della-mulignana,,,,,
SagrafavoriteSagra del Fusillo al Tegamino,,31 luglio - 4 agosto 2026,2026-07-31,2026-08-04,San Mango Piemonte,Campania,campania,Cilento,cilento,https://sagr.it/campania/cilento/eventi/sagra-del-fusillo-al-tegamino,,,,,
SagrafavoriteSagra della mozzarella ind'a murtedda,,5 agosto - 10 agosto 2026,2026-08-05,2026-08-10,Novi Velia,Campania,campania,Cilento,cilento,https://sagr.it/campania/cilento/eventi/sagra-della-mozzarella-ind-a-murtedda,,,,,
SagrafavoriteFesta dell'antica pizza cilentana,,6 agosto - 11 agosto 2026,2026-08-06,2026-08-11,Giungano,Campania,campania,Cilento,cilento,https://sagr.it/campania/cilento/eventi/festa-dell-antica-pizza-cilentana,,,,,
RievocazionefavoritePadula in festa per Carlo V,,8 agosto - 10 agosto 2026,2026-08-08,2026-08-10,Padula,Campania,campania,Cilento,cilento,https://sagr.it/campania/cilento/eventi/padula-in-festa-per-carlo-v,,,,,
SagrafavoriteBontà di bufala,,8 agosto - 14 agosto 2026,2026-08-08,2026-08-14,Albanella,Campania,campania,Cilento,cilento,https://sagr.it/campania/cilento/eventi/bonta-di-bufala,,,,,
SagrafavoriteSagra dei fior di zucca,,8 agosto - 10 agosto 2026,2026-08-08,2026-08-10,San Rufo,Campania,campania,Cilento,cilento,https://sagr.it/campania/cilento/eventi/sagra-dei-fior-di-zucca,,,,,
SagrafavoriteSagra do' sciusciello,,10 agosto - 16 agosto 2026,2026-08-10,2026-08-16,Pellezzano,Campania,campania,Cilento,cilento,https://sagr.it/campania/cilento/eventi/sagra-do-sciusciello,,,,,
RievocazionefavoriteAlla tavola della Principessa Costanza,,11 agosto - 13 agosto 2026,2026-08-11,2026-08-13,Teggiano,Campania,campania,Cilento,cilento,https://sagr.it/campania/cilento/eventi/alla-tavola-della-principessa-costanza,,,,,
SagrafavoriteFesta dei ceci di Cicerale,,11 agosto - 14 agosto 2026,2026-08-11,2026-08-14,Cicerale,Campania,campania,Cilento,cilento,https://sagr.it/campania/cilento/eventi/festa-dei-ceci-di-cicerale,,,,,
SagrafavoriteFesta della patata di alta montagna,,11 agosto 2026,2026-08-11,2026-08-11,Acerno,Campania,campania,Cilento,cilento,https://sagr.it/campania/cilento/eventi/festa-della-patata-di-alta-montagna,,,,,
SagrafavoriteFesta del bocconcino di bufala campana,,12 agosto - 16 agosto 2026,2026-08-12,2026-08-16,Santa Cecilia,Campania,campania,Cilento,cilento,https://sagr.it/campania/cilento/eventi/festa-del-bocconcino-di-bufala-campana,,,,,
SagrafavoriteGli Antichi sapori del borgo,,12 agosto - 13 agosto 2026,2026-08-12,2026-08-13,Olevano sul Tusciano,Campania,campania,Cilento,cilento,https://sagr.it/campania/cilento/eventi/gli-antichi-sapori-del-borgo,,,,,
SagrafavoriteSagra 'ri fasul,,12 agosto - 15 agosto 2026,2026-08-12,2026-08-15,Casalbuono,Campania,campania,Cilento,cilento,https://sagr.it/campania/cilento/eventi/sagra-ri-fasul,,,,,
SagrafavoriteSagra del fusillo felittese,,13 agosto - 23 agosto 2026,2026-08-13,2026-08-23,Felitto,Campania,campania,Cilento,cilento,https://sagr.it/campania/cilento/eventi/sagra-del-fusillo-felittese,,,,,
SagrafavoriteCiccimmaretati,,17 agosto - 23 agosto 2026,2026-08-17,2026-08-23,Stio,Campania,campania,Cilento,cilento,https://sagr.it/campania/cilento/eventi/ciccimmaretati,,,,,
RievocazionefavoriteBaccanalia,,20 agosto - 24 agosto 2026,2026-08-20,2026-08-24,San Gregorio Magno,Campania,campania,Cilento,cilento,https://sagr.it/campania/cilento/eventi/baccanalia,,,,,
SagrafavoriteFesta del fico bianco,,20 agosto - 24 agosto 2026,2026-08-20,2026-08-24,Giungano,Campania,campania,Cilento,cilento,https://sagr.it/campania/cilento/eventi/festa-del-fico-bianco,,,,,
SagrafavoriteBirra in borgo,,21 agosto - 24 agosto 2026,2026-08-21,2026-08-24,Sant'Egidio del Monte Albino,Campania,campania,Cilento,cilento,https://sagr.it/campania/cilento/eventi/birra-in-borgo,,,,,
SagrafavoriteFiera della Frecagnola,,10 settembre - 14 settembre 2026,2026-09-10,2026-09-14,Cannalonga,Campania,campania,Cilento,cilento,https://sagr.it/campania/cilento/eventi/fiera-della-frecagnola,,,,,
SagrafavoriteSagra dell’uva e del vino,,11 settembre - 14 settembre 2026,2026-09-11,2026-09-14,Filetta,Campania,campania,Cilento,cilento,https://sagr.it/campania/cilento/eventi/sagra-dell-uva-e-del-vino,,,,,
SagrafavoriteFesta del baccalà,,18 settembre - 4 ottobre 2026,2026-09-18,2026-10-04,Eboli,Campania,campania,Cilento,cilento,https://sagr.it/campania/cilento/eventi/festa-del-baccala,,,,,
SagrafavoriteMostra mercato nazionale del tartufo e dei prodotti tipici locali,,9 ottobre - 12 ottobre 2026,2026-10-09,2026-10-12,Colliano,Campania,campania,Cilento,cilento,https://sagr.it/campania/cilento/eventi/mostra-mercato-nazionale-del-tartufo-e-dei-prodotti-tipici-locali,,,,,
SagrafavoriteSapori d’Autunno,,9 ottobre - 11 ottobre 2026,2026-10-09,2026-10-11,Laureana Cilento,Campania,campania,Cilento,cilento,https://sagr.it/campania/cilento/eventi/sapori-d-autunno-laureana-cilento,,,,,
SagrafavoriteSagra della castagna,,18 ottobre - 26 ottobre 2026,2026-10-18,2026-10-26,Sicignano degli Alburni,Campania,campania,Cilento,cilento,https://sagr.it/campania/cilento/eventi/sagra-della-castagna-mqpoy4y4,,,,,
SagrafavoriteSagra della castagna,,24 ottobre - 27 ottobre 2026,2026-10-24,2026-10-27,San Cipriano Picentino,Campania,campania,Cilento,cilento,https://sagr.it/campania/cilento/eventi/sagra-della-castagna-mqljon3x,,,,,
SagrafavoriteFesta della patata di Montagna,,25 ottobre - 26 ottobre 2026,2026-10-25,2026-10-26,Castelcivita,Campania,campania,Cilento,cilento,https://sagr.it/campania/cilento/eventi/festa-della-patata-di-montagna,,,,,
SagrafavoriteSagra della Castagna,,8 novembre - 9 novembre 2026,2026-11-08,2026-11-09,Acerno,Campania,campania,Cilento,cilento,https://sagr.it/campania/cilento/eventi/sagra-della-castagna-mqpoy780,,,,,
SagrafavoriteSerra Stritt,Festival,27 dicembre - 29 dicembre 2026,2026-12-27,2026-12-29,Centola,Campania,campania,Cilento,cilento,https://sagr.it/campania/cilento/eventi/serra-stritt-festival,,,,,
SagrafavoriteSagra d’a purpetta e’pastenaca,,14 febbraio - 15 febbraio 2027,2027-02-14,2027-02-15,San Valentino Torio,Campania,campania,Cilento,cilento,https://sagr.it/campania/cilento/eventi/sagra-d-a-purpetta-e-pastenaca,,,,,
SagrafavoriteSagra della Panorra,,26 marzo - 29 marzo 2026,2026-03-26,2026-03-29,Amorosi,Campania,campania,Irpinia,irpinia,https://sagr.it/campania/irpinia/eventi/sagra-della-panorra,,,,,
SagrafavoriteSagra della panorra amorosina e prodotti tipici,,26 marzo - 29 marzo 2026,2026-03-26,2026-03-29,Amorosi,Campania,campania,Irpinia,irpinia,https://sagr.it/campania/irpinia/eventi/sagra-della-panorra-amorosina-e-prodotti-tipici,,,,,
RievocazionefavoriteVenerdì Santo di Vallata,,2 aprile - 3 aprile 2026,2026-04-02,2026-04-03,Vallata,Campania,campania,Irpinia,irpinia,https://sagr.it/campania/irpinia/eventi/venerdi-santo-di-vallata,,,,,
SagrafavoriteSagra dell’Asparago Calabritto,,18 aprile - 19 aprile 2026,2026-04-18,2026-04-19,Calabritto,Campania,campania,Irpinia,irpinia,https://sagr.it/campania/irpinia/eventi/sagra-dell-asparago-calabritto,,,,,
SagrafavoriteSagra Preturese del Carciofo,,24 aprile - 26 aprile 2026,2026-04-24,2026-04-26,Montoro,Campania,campania,Irpinia,irpinia,https://sagr.it/campania/irpinia/eventi/sagra-preturese-del-carciofo-mnq7771u,,,,,
SagrafavoriteSagra Preturese del carciofo,,24 aprile - 26 aprile 2026,2026-04-24,2026-04-26,Preturo nel Montoro,Campania,campania,Irpinia,irpinia,https://sagr.it/campania/irpinia/eventi/sagra-preturese-del-carciofo,,,,,
SagrafavoriteSagra del maiale,,24 aprile - 26 aprile 2026,2026-04-24,2026-04-26,Senerchia,Campania,campania,Irpinia,irpinia,https://sagr.it/campania/irpinia/eventi/sagra-del-maiale,,,,,
SagrafavoriteSagra della Salsiccia rossa,,30 aprile - 3 maggio 2026,2026-04-30,2026-05-03,Castelpoto,Campania,campania,Irpinia,irpinia,https://sagr.it/campania/irpinia/eventi/sagra-della-salsiccia-rossa,,,,,
SagrafavoriteLa Sagra della Polpetta,,8 maggio - 2 giugno 2026,2026-05-08,2026-06-02,Limatola,Campania,campania,Irpinia,irpinia,https://sagr.it/campania/irpinia/eventi/la-sagra-della-polpetta,,,,,
Sagrafavorite'A purpetta d'a nonna,,15 maggio - 17 maggio 2026,2026-05-15,2026-05-17,Palazzuolo,Campania,campania,Irpinia,irpinia,https://sagr.it/campania/irpinia/eventi/a-purpetta-d-a-nonna,,,,,
SagrafavoritePorcus,Festival,15 maggio - 17 maggio 2026,2026-05-15,2026-05-17,Puglianello,Campania,campania,Irpinia,irpinia,https://sagr.it/campania/irpinia/eventi/porcus-festival,,,,,
SagrafavoriteSagra dell'asparago e del tartufo,,16 maggio - 17 maggio 2026,2026-05-16,2026-05-17,Salza Irpina,Campania,campania,Irpinia,irpinia,https://sagr.it/campania/irpinia/eventi/sagra-dell-asparago-e-del-tartufo,,,,,
"SagrafavoriteSagra Pancetta, fave e pecorino",,23 maggio - 24 maggio 2026,2026-05-23,2026-05-24,Airola,Campania,campania,Irpinia,irpinia,https://sagr.it/campania/irpinia/eventi/sagra-pancetta-fave-e-pecorino,,,,,
SagrafavoriteFesta della Mozzarella e della Pizza,,5 giugno - 7 giugno 2026,2026-06-05,2026-06-07,Macerata Campania,Campania,campania,Irpinia,irpinia,https://sagr.it/campania/irpinia/eventi/festa-della-mozzarella-e-della-pizza,,,,,
SagrafavoriteSagra delle Ciliegie di Raiano,,5 giugno - 7 giugno 2026,2026-06-05,2026-06-07,Raiano,Campania,campania,Irpinia,irpinia,https://sagr.it/campania/irpinia/eventi/sagra-delle-ciliegie-di-raiano,,,,,
SagrafavoriteLa Sagra delle Sagre dei Picentini,,11 giugno - 14 giugno 2026,2026-06-11,2026-06-14,San Cipriano Picentino,Campania,campania,Irpinia,irpinia,https://sagr.it/campania/irpinia/eventi/la-sagra-delle-sagre-dei-picentini,,,,,
Festa patronalefavoriteFesta di Sant'Antonio di Padova - Ariano Irpino,,12 giugno - 15 giugno 2026,2026-06-12,2026-06-15,Ariano Irpino,Campania,campania,Irpinia,irpinia,https://sagr.it/campania/irpinia/eventi/festa-di-sant-antonio-di-padova-ariano-irpino,,,,,
SagrafavoriteSagra Trofie con Radicchio e Porcini,,12 giugno - 21 giugno 2026,2026-06-12,2026-06-21,Montoro,Campania,campania,Irpinia,irpinia,https://sagr.it/campania/irpinia/eventi/sagra-trofie-con-radicchio-e-porcini,,,,,
Festa patronalefavoriteFesta di Sant’Antonio e San Vito Martire - Vallata,,13 giugno - 15 giugno 2026,2026-06-13,2026-06-15,Vallata,Campania,campania,Irpinia,irpinia,https://sagr.it/campania/irpinia/eventi/festa-di-sant-antonio-e-san-vito-martire-vallata,,,,,
SagrafavoriteFesta della ciliegia,,21 giugno 2026,2026-06-21,2026-06-21,Ponzano,Campania,campania,Irpinia,irpinia,https://sagr.it/campania/irpinia/eventi/festa-della-ciliegia,,,,,
FestivalfavoriteFesta della Tammorra,,26 giugno 2026,2026-06-26,2026-06-26,San Michele di Serino,Campania,campania,Irpinia,irpinia,https://sagr.it/campania/irpinia/eventi/festa-della-tammorra,,,,,
SagrafavoriteFesta della Ciliegia - Santo Stefano del Sole,,27 giugno 2026,2026-06-27,2026-06-27,Santo Stefano del Sole,Campania,campania,Irpinia,irpinia,https://sagr.it/campania/irpinia/eventi/festa-della-ciliegia-santo-stefano-del-sole,,,,,
SagrafavoriteSagra degli Antichi Sapori di Partignano,,2 luglio - 6 luglio 2026,2026-07-02,2026-07-06,Pignataro Maggiore,Campania,campania,Irpinia,irpinia,https://sagr.it/campania/irpinia/eventi/sagra-degli-antichi-sapori-di-partignano,,,,,
SagrafavoriteFesta del Fungo Porcino a Montoro,,3 luglio - 12 luglio 2026,2026-07-03,2026-07-12,Montoro,Campania,campania,Irpinia,irpinia,https://sagr.it/campania/irpinia/eventi/festa-del-fungo-porcino-a-montoro,,,,,
"SagrafavoriteSagra dei Fusilli, Mugliatielli e....",,3 luglio - 5 luglio 2026,2026-07-03,2026-07-05,San Giorgio del Sannio,Campania,campania,Irpinia,irpinia,https://sagr.it/campania/irpinia/eventi/sagra-dei-fusilli-mugliatielli-e,,,,,
SagrafavoriteFesta de lo ucciolo,,4 luglio - 6 luglio 2026,2026-07-04,2026-07-06,Castelvetere sul Calore,Campania,campania,Irpinia,irpinia,https://sagr.it/campania/irpinia/eventi/festa-de-lo-ucciolo,,,,,
Evento culturalefavoriteIl Sannio tra Sapori e Folklore,,10 luglio - 11 luglio 2026,2026-07-10,2026-07-11,Foglianise,Campania,campania,Irpinia,irpinia,https://sagr.it/campania/irpinia/eventi/il-sannio-tra-sapori-e-folklore,,,,,
SagrafavoriteWine & Taranta Fest,,10 luglio - 12 luglio 2026,2026-07-10,2026-07-12,Teora,Campania,campania,Irpinia,irpinia,https://sagr.it/campania/irpinia/eventi/wine-taranta-fest,,,,,
SagrafavoriteSagra del fusillo co' ciurillo,,11 luglio - 12 luglio 2026,2026-07-11,2026-07-12,San Potito Ultra,Campania,campania,Irpinia,irpinia,https://sagr.it/campania/irpinia/eventi/sagra-del-fusillo-co-ciurillo,,,,,
Evento culturalefavoriteIl Sannio tra sapori e folklore - sulle orme della via Appia traiana,,12 luglio - 13 luglio 2026,2026-07-12,2026-07-13,Paduli,Campania,campania,Irpinia,irpinia,https://sagr.it/campania/irpinia/eventi/il-sannio-tra-sapori-e-folklore-sulle-orme-della-via-appia-traiana,,,,,
SagrafavoriteSagra dello Gnocco ai Funghi Porcini di Furnolo,,15 luglio - 19 luglio 2026,2026-07-15,2026-07-19,Teano,Campania,campania,Irpinia,irpinia,https://sagr.it/campania/irpinia/eventi/sagra-dello-gnocco-ai-funghi-porcini-di-furnolo,,,,,
SagrafavoriteFesta del Casaro,,17 luglio - 20 luglio 2026,2026-07-17,2026-07-20,Volturara Irpina,Campania,campania,Irpinia,irpinia,https://sagr.it/campania/irpinia/eventi/festa-del-casaro,,,,,
"SagrafavoriteSagra del Fusillo, della Porchetta e del Greco di Tufo",,17 luglio - 19 luglio 2026,2026-07-17,2026-07-19,Torrioni,Campania,campania,Irpinia,irpinia,https://sagr.it/campania/irpinia/eventi/sagra-del-fusillo-della-porchetta-e-del-greco-di-tufo,,,,,
"SagrafavoriteSagra della polpetta di baccalà ""Spianese""",,18 luglio - 20 luglio 2026,2026-07-18,2026-07-20,Spiano,Campania,campania,Irpinia,irpinia,https://sagr.it/campania/irpinia/eventi/sagra-della-polpetta-di-baccala-spianese,,,,,
RievocazionefavoriteFesta sull'aia,,19 luglio - 20 luglio 2026,2026-07-19,2026-07-20,Sant'Arcangelo Trimonte,Campania,campania,Irpinia,irpinia,https://sagr.it/campania/irpinia/eventi/festa-sull-aia,,,,,
SagrafavoriteSagra della coccettella,,24 luglio - 26 luglio 2026,2026-07-24,2026-07-26,Sorbo Serpico,Campania,campania,Irpinia,irpinia,https://sagr.it/campania/irpinia/eventi/sagra-della-coccettella,,,,,
"SagrafavoritePorziuncola, Sagra dei Fusilli e del Formaggio Pecorino",,31 luglio - 3 agosto 2026,2026-07-31,2026-08-03,Ceppaloni,Campania,campania,Irpinia,irpinia,https://sagr.it/campania/irpinia/eventi/porziuncola-sagra-dei-fusilli-e-del-formaggio-pecorino,,,,,
SagrafavoriteSagra degli antichi sapori puglianesi,,31 luglio - 4 agosto 2026,2026-07-31,2026-08-04,Montecorvino Pugliano,Campania,campania,Irpinia,irpinia,https://sagr.it/campania/irpinia/eventi/sagra-degli-antichi-sapori-puglianesi,,,,,
SagrafavoriteSagra della patata banzanese,,31 luglio - 3 agosto 2026,2026-07-31,2026-08-03,Banzano di Montoro,Campania,campania,Irpinia,irpinia,https://sagr.it/campania/irpinia/eventi/sagra-della-patata-banzanese,,,,,
SagrafavoriteFesta della mozzarella,,1 agosto - 3 agosto 2026,2026-08-01,2026-08-03,Cancello e Arnone,Campania,campania,Irpinia,irpinia,https://sagr.it/campania/irpinia/eventi/festa-della-mozzarella,,,,,
SagrafavoriteSagra dello Gnocco,,6 agosto - 9 agosto 2026,2026-08-06,2026-08-09,Taurano,Campania,campania,Irpinia,irpinia,https://sagr.it/campania/irpinia/eventi/sagra-dello-gnocco-moxezn47,,,,,
SagrafavoriteSagra del caciocavallo impiccato e del Pittulone,,8 agosto - 10 agosto 2026,2026-08-08,2026-08-10,Serino,Campania,campania,Irpinia,irpinia,https://sagr.it/campania/irpinia/eventi/sagra-del-caciocavallo-impiccato-e-del-pittulone,,,,,
SagrafavoriteSagra della paccozza,,8 agosto - 9 agosto 2026,2026-08-08,2026-08-09,Pesco Sannita,Campania,campania,Irpinia,irpinia,https://sagr.it/campania/irpinia/eventi/sagra-della-paccozza,,,,,
SagrafavoriteSagra sansilvestre,,8 agosto - 10 agosto 2026,2026-08-08,2026-08-10,Sant'Agata de' Goti,Campania,campania,Irpinia,irpinia,https://sagr.it/campania/irpinia/eventi/sagra-sansilvestre,,,,,
SagrafavoriteSagra delle orecchiette,,9 agosto 2026,2026-08-09,2026-08-09,Savignano Irpino,Campania,campania,Irpinia,irpinia,https://sagr.it/campania/irpinia/eventi/sagra-delle-orecchiette,,,,,
SagrafavoriteSagra del fusillo al ferretto,,11 agosto - 15 agosto 2026,2026-08-11,2026-08-15,Castelpoto,Campania,campania,Irpinia,irpinia,https://sagr.it/campania/irpinia/eventi/sagra-del-fusillo-al-ferretto,,,,,
SagrafavoriteSagra della maccaronara,,12 agosto - 13 agosto 2026,2026-08-12,2026-08-13,Castelvetere sul Calore,Campania,campania,Irpinia,irpinia,https://sagr.it/campania/irpinia/eventi/sagra-della-maccaronara,,,,,
SagrafavoriteSagra de lo Ciammarruchiello,,13 agosto - 14 agosto 2026,2026-08-13,2026-08-14,Buonalbergo,Campania,campania,Irpinia,irpinia,https://sagr.it/campania/irpinia/eventi/sagra-de-lo-ciammarruchiello,,,,,
SagrafavoriteSagra del pomodorino datterino,,16 agosto 2026,2026-08-16,2026-08-16,San Bartolomeo in Galdo,Campania,campania,Irpinia,irpinia,https://sagr.it/campania/irpinia/eventi/sagra-del-pomodorino-datterino,,,,,
SagrafavoriteSagra dell'ammugliatello,,16 agosto - 18 agosto 2026,2026-08-16,2026-08-18,Ponte,Campania,campania,Irpinia,irpinia,https://sagr.it/campania/irpinia/eventi/sagra-dell-ammugliatello,,,,,
SagrafavoriteGustarte,,20 agosto - 23 agosto 2026,2026-08-20,2026-08-23,Durazzano,Campania,campania,Irpinia,irpinia,https://sagr.it/campania/irpinia/eventi/gustarte,,,,,
SagrafavoriteSagra della Trippa,,20 agosto - 24 agosto 2026,2026-08-20,2026-08-24,Molinara,Campania,campania,Irpinia,irpinia,https://sagr.it/campania/irpinia/eventi/sagra-della-trippa,,,,,
SagrafavoriteSagra della patata,,21 agosto - 23 agosto 2026,2026-08-21,2026-08-23,San Michele di Serino,Campania,campania,Irpinia,irpinia,https://sagr.it/campania/irpinia/eventi/sagra-della-patata-mphn2o69,,,,,
SagrafavoriteSagra delle carni spoletine e frittella,,22 agosto - 31 agosto 2026,2026-08-22,2026-08-31,Baiano,Campania,campania,Irpinia,irpinia,https://sagr.it/campania/irpinia/eventi/sagra-delle-carni-spoletine-e-frittella,,,,,
SagrafavoriteFesta dello struppolo,,5 settembre - 7 settembre 2026,2026-09-05,2026-09-07,San Salvatore Telesino,Campania,campania,Irpinia,irpinia,https://sagr.it/campania/irpinia/eventi/festa-dello-struppolo,,,,,
RievocazionefavoriteFesta del grano,,11 settembre - 13 settembre 2026,2026-09-11,2026-09-13,Faicchio,Campania,campania,Irpinia,irpinia,https://sagr.it/campania/irpinia/eventi/festa-del-grano,,,,,
SagrafavoriteFesta della Nocciola,,12 settembre - 14 settembre 2026,2026-09-12,2026-09-14,Baiano,Campania,campania,Irpinia,irpinia,https://sagr.it/campania/irpinia/eventi/festa-della-nocciola,,,,,
SagrafavoriteFesta dell’uva,,12 settembre - 20 settembre 2026,2026-09-12,2026-09-20,Solopaca,Campania,campania,Irpinia,irpinia,https://sagr.it/campania/irpinia/eventi/festa-dell-uva-mqbextjn,,,,,
SagrafavoriteSagra del Fagiolo Quarantino,,12 settembre - 14 settembre 2026,2026-09-12,2026-09-14,Volturara Irpina,Campania,campania,Irpinia,irpinia,https://sagr.it/campania/irpinia/eventi/sagra-del-fagiolo-quarantino,,,,,
SagrafavoriteSagra del maialetto,,12 settembre - 14 settembre 2026,2026-09-12,2026-09-14,Apollosa,Campania,campania,Irpinia,irpinia,https://sagr.it/campania/irpinia/eventi/sagra-del-maialetto,,,,,
SagrafavoriteLa patata di montagna Taburno experience,,13 settembre - 14 settembre 2026,2026-09-13,2026-09-14,Cautano,Campania,campania,Irpinia,irpinia,https://sagr.it/campania/irpinia/eventi/la-patata-di-montagna-taburno-experience,,,,,
Street FoodfavoriteSagra del Cuzzetiello,,20 settembre - 21 settembre 2026,2026-09-20,2026-09-21,Domicella,Campania,campania,Irpinia,irpinia,https://sagr.it/campania/irpinia/eventi/sagra-del-cuzzetiello,,,,,
SagrafavoriteLa macenata,,26 settembre - 4 ottobre 2026,2026-09-26,2026-10-04,Paternopoli,Campania,campania,Irpinia,irpinia,https://sagr.it/campania/irpinia/eventi/la-macenata,,,,,
SagrafavoriteSagra del Fagiolo,,3 ottobre - 4 ottobre 2026,2026-10-03,2026-10-04,Campoli del Monte Taburno,Campania,campania,Irpinia,irpinia,https://sagr.it/campania/irpinia/eventi/sagra-del-fagiolo,,,,,
SagrafavoriteSagra della Castagna,,3 ottobre - 5 ottobre 2026,2026-10-03,2026-10-05,Salza Irpina,Campania,campania,Irpinia,irpinia,https://sagr.it/campania/irpinia/eventi/sagra-della-castagna-mqljoktk,,,,,
SagrafavoriteSagra del cinghiale e della castagna,,10 ottobre - 12 ottobre 2026,2026-10-10,2026-10-12,San Potito Ultra,Campania,campania,Irpinia,irpinia,https://sagr.it/campania/irpinia/eventi/sagra-del-cinghiale-e-della-castagna,,,,,
SagrafavoriteSagra della castagna di Serino IGP,,10 ottobre - 12 ottobre 2026,2026-10-10,2026-10-12,Serino,Campania,campania,Irpinia,irpinia,https://sagr.it/campania/irpinia/eventi/sagra-della-castagna-di-serino-igp,,,,,
SagrafavoriteSagra della Castagna,,11 ottobre - 12 ottobre 2026,2026-10-11,2026-10-12,Cassano Irpino,Campania,campania,Irpinia,irpinia,https://sagr.it/campania/irpinia/eventi/sagra-della-castagna-mqpoy42v,,,,,
SagrafavoriteIl nero di Bagnoli,,17 ottobre - 19 ottobre 2026,2026-10-17,2026-10-19,Bagnoli Irpino,Campania,campania,Irpinia,irpinia,https://sagr.it/campania/irpinia/eventi/il-nero-di-bagnoli,,,,,
SagrafavoriteSagra della Castagna,,18 ottobre - 19 ottobre 2026,2026-10-18,2026-10-19,Summonte,Campania,campania,Irpinia,irpinia,https://sagr.it/campania/irpinia/eventi/sagra-della-castagna-mqljojil,,,,,
SagrafavoriteSagra della Castagna,,24 ottobre - 26 ottobre 2026,2026-10-24,2026-10-26,Sorbo Serpico,Campania,campania,Irpinia,irpinia,https://sagr.it/campania/irpinia/eventi/sagra-della-castagna-mqpoy5b7,,,,,
SagrafavoriteSagra della Castagna del Partenio,,24 ottobre - 26 ottobre 2026,2026-10-24,2026-10-26,Cervinara,Campania,campania,Irpinia,irpinia,https://sagr.it/campania/irpinia/eventi/sagra-della-castagna-del-partenio,,,,,
SagrafavoriteFesta della castagna di Montella IGP,,31 ottobre - 9 novembre 2026,2026-10-31,2026-11-09,Montella,Campania,campania,Irpinia,irpinia,https://sagr.it/campania/irpinia/eventi/festa-della-castagna-di-montella-igp,,,,,
SagrafavoriteSagra della castagna e del pecorino vitulanese,,31 ottobre - 2 novembre 2026,2026-10-31,2026-11-02,Vitulano,Campania,campania,Irpinia,irpinia,https://sagr.it/campania/irpinia/eventi/sagra-della-castagna-e-del-pecorino-vitulanese,,,,,
SagrafavoriteSan Martino Castagne e Vino,,7 novembre - 9 novembre 2026,2026-11-07,2026-11-09,Giffoni Sei Casali,Campania,campania,Irpinia,irpinia,https://sagr.it/campania/irpinia/eventi/san-martino-castagne-e-vino,,,,,
SagrafavoriteSagra del Cicatiello,,8 novembre - 11 novembre 2026,2026-11-08,2026-11-11,San Martino Valle Caudina,Campania,campania,Irpinia,irpinia,https://sagr.it/campania/irpinia/eventi/sagra-del-cicatiello,,,,,
SagrafavoriteLa sagra delle sagre,,14 novembre - 16 novembre 2026,2026-11-14,2026-11-16,Sant'Angelo dei Lombardi,Campania,campania,Irpinia,irpinia,https://sagr.it/campania/irpinia/eventi/la-sagra-delle-sagre,,,,,
SagrafavoriteNatale piccirill,,14 novembre - 15 novembre 2026,2026-11-14,2026-11-15,Sirignano,Campania,campania,Irpinia,irpinia,https://sagr.it/campania/irpinia/eventi/natale-piccirill,,,,,
SagrafavoriteFesta del Torrone e del Croccantino,,5 dicembre - 8 dicembre 2026,2026-12-05,2026-12-08,San Marco dei Cavoti,Campania,campania,Irpinia,irpinia,https://sagr.it/campania/irpinia/eventi/festa-del-torrone-e-del-croccantino,,,,,
SagrafavoriteSagra del tartufo,,5 dicembre - 7 dicembre 2026,2026-12-05,2026-12-07,Cervinara,Campania,campania,Irpinia,irpinia,https://sagr.it/campania/irpinia/eventi/sagra-del-tartufo-cervinara,,,,,
SagrafavoriteDisfida del Soffritto di Maiale,,15 marzo 2027,2027-03-15,2027-03-15,Taurasi,Campania,campania,Irpinia,irpinia,https://sagr.it/campania/irpinia/eventi/disfida-del-soffritto-di-maiale,,,,,
Evento culturalefavoriteMostra della Minerva Salerno,,17 aprile - 19 aprile 2026,2026-04-17,2026-04-19,Salerno,Campania,campania,Napoli e Dintorni,napoli-e-dintorni,https://sagr.it/campania/napoli-e-dintorni/eventi/mostra-della-minerva-salerno,,,,,
SagrafavoriteCampania terra mater - Sagra dei sapori locali,,1 maggio - 2 maggio 2026,2026-05-01,2026-05-02,Procida,Campania,campania,Napoli e Dintorni,napoli-e-dintorni,https://sagr.it/campania/napoli-e-dintorni/eventi/campania-terra-mater-sagra-dei-sapori-locali,,,,,
SagrafavoriteSagra del Catanazzo,,22 maggio - 24 maggio 2026,2026-05-22,2026-05-24,Salerno,Campania,campania,Napoli e Dintorni,napoli-e-dintorni,https://sagr.it/campania/napoli-e-dintorni/eventi/sagra-del-catanazzo,,,,,
FierafavoriteTutto Pizza Expo,,25 maggio - 27 maggio 2026,2026-05-25,2026-05-27,Napoli,Campania,campania,Napoli e Dintorni,napoli-e-dintorni,https://sagr.it/campania/napoli-e-dintorni/eventi/tutto-pizza-expo,,,,,
SagrafavoritePortici Pizza Park,,28 maggio - 3 giugno 2026,2026-05-28,2026-06-03,Portici,Campania,campania,Napoli e Dintorni,napoli-e-dintorni,https://sagr.it/campania/napoli-e-dintorni/eventi/portici-pizza-park,,,,,
SagrafavoriteFestival del panuozzo,,31 maggio - 2 giugno 2026,2026-05-31,2026-06-02,Gragnano,Campania,campania,Napoli e Dintorni,napoli-e-dintorni,https://sagr.it/campania/napoli-e-dintorni/eventi/festival-del-panuozzo,,,,,
SagrafavoriteNormanni Wine&Food Fest,,5 giugno - 7 giugno 2026,2026-06-05,2026-06-07,Aversa,Campania,campania,Napoli e Dintorni,napoli-e-dintorni,https://sagr.it/campania/napoli-e-dintorni/eventi/normanni-wine-food-fest,,,,,
SagrafavoriteSagra di Liberi,,6 giugno - 6 settembre 2026,2026-06-06,2026-09-06,Liberi,Campania,campania,Napoli e Dintorni,napoli-e-dintorni,https://sagr.it/campania/napoli-e-dintorni/eventi/sagra-di-liberi,,,,,
SagrafavoriteSagra del Casatiello,,12 giugno - 14 giugno 2026,2026-06-12,2026-06-14,Sant'Arpino,Campania,campania,Napoli e Dintorni,napoli-e-dintorni,https://sagr.it/campania/napoli-e-dintorni/eventi/sagra-del-casatiello,,,,,
SagrafavoriteFesta della Ciliegia,,13 giugno - 14 giugno 2026,2026-06-13,2026-06-14,Roccarainola,Campania,campania,Napoli e Dintorni,napoli-e-dintorni,https://sagr.it/campania/napoli-e-dintorni/eventi/festa-della-ciliegia-mq9i9tyf,,,,,
SagrafavoriteSagra della Pasta e Fagioli - Roccaromana,,13 giugno - 14 giugno 2026,2026-06-13,2026-06-14,Roccaromana,Campania,campania,Napoli e Dintorni,napoli-e-dintorni,https://sagr.it/campania/napoli-e-dintorni/eventi/sagra-della-pasta-e-fagioli-roccaromana,,,,,
SagrafavoriteSagra della pasta e fagioli,,13 giugno - 14 giugno 2026,2026-06-13,2026-06-14,Santa Croce,Campania,campania,Napoli e Dintorni,napoli-e-dintorni,https://sagr.it/campania/napoli-e-dintorni/eventi/sagra-della-pasta-e-fagioli,,,,,
SagrafavoriteSalone della Dieta Mediterranea,,13 giugno 2026,2026-06-13,2026-06-13,Napoli,Campania,campania,Napoli e Dintorni,napoli-e-dintorni,https://sagr.it/campania/napoli-e-dintorni/eventi/salone-della-dieta-mediterranea,,,,,
SagrafavoriteFesta a Vico,,14 giugno - 17 giugno 2026,2026-06-14,2026-06-17,Vico,Campania,campania,Napoli e Dintorni,napoli-e-dintorni,https://sagr.it/campania/napoli-e-dintorni/eventi/festa-a-vico,,,,,
SagrafavoriteSagra del Casatiello,,14 giugno 2026,2026-06-14,2026-06-14,Napoli,Campania,campania,Napoli e Dintorni,napoli-e-dintorni,https://sagr.it/campania/napoli-e-dintorni/eventi/sagra-del-casatiello-mphpga5t,,,,,
SagrafavoriteFestival della Pizza,,19 giugno - 21 giugno 2026,2026-06-19,2026-06-21,Pignataro Maggiore,Campania,campania,Napoli e Dintorni,napoli-e-dintorni,https://sagr.it/campania/napoli-e-dintorni/eventi/festival-della-pizza,,,,,
SagrafavoriteSagra degli Gnocchi,,19 giugno - 21 giugno 2026,2026-06-19,2026-06-21,Pastorano,Campania,campania,Napoli e Dintorni,napoli-e-dintorni,https://sagr.it/campania/napoli-e-dintorni/eventi/sagra-degli-gnocchi-mqjngbzo,,,,,
SagrafavoriteSagra del baccalà e non solo,,19 giugno - 21 giugno 2026,2026-06-19,2026-06-21,Castel San Giorgio,Campania,campania,Napoli e Dintorni,napoli-e-dintorni,https://sagr.it/campania/napoli-e-dintorni/eventi/sagra-del-baccala-e-non-solo,,,,,
Festa patronalefavoriteFesta Patronale Santi Pietro e Paolo - Quarto,,25 giugno - 1 luglio 2026,2026-06-25,2026-07-01,Quarto,Campania,campania,Napoli e Dintorni,napoli-e-dintorni,https://sagr.it/campania/napoli-e-dintorni/eventi/festa-patronale-santi-pietro-e-paolo-quarto,,,,,
SagrafavoriteSagra del Fagiolo e...,,26 giugno - 28 giugno 2026,2026-06-26,2026-06-28,San Pietro di Scafati,Campania,campania,Napoli e Dintorni,napoli-e-dintorni,https://sagr.it/campania/napoli-e-dintorni/eventi/sagra-del-fagiolo-e,,,,,
SagrafavoriteSagra della Melanzana,,26 giugno - 28 giugno 2026,2026-06-26,2026-06-28,Marigliano,Campania,campania,Napoli e Dintorni,napoli-e-dintorni,https://sagr.it/campania/napoli-e-dintorni/eventi/sagra-della-melanzana-mqjngbye,,,,,
RievocazionefavoritePalio di San Renato,,27 giugno - 12 luglio 2026,2026-06-27,2026-07-12,Vico Equense,Campania,campania,Napoli e Dintorni,napoli-e-dintorni,https://sagr.it/campania/napoli-e-dintorni/eventi/palio-di-san-renato,,,,,
SagrafavoriteSagra Francescana,,27 giugno - 28 giugno 2026,2026-06-27,2026-06-28,Napoli,Campania,campania,Napoli e Dintorni,napoli-e-dintorni,https://sagr.it/campania/napoli-e-dintorni/eventi/sagra-francescana,,,,,
Festa patronalefavoriteFesta dei Gigli,,28 giugno 2026,2026-06-28,2026-06-28,Nola,Campania,campania,Napoli e Dintorni,napoli-e-dintorni,https://sagr.it/campania/napoli-e-dintorni/eventi/festa-dei-gigli,,,,,
SagrafavoriteSagra degli Antichi Sapori - Pignataro Maggiore,,2 luglio - 6 luglio 2026,2026-07-02,2026-07-06,Pignataro Maggiore,Campania,campania,Napoli e Dintorni,napoli-e-dintorni,https://sagr.it/campania/napoli-e-dintorni/eventi/sagra-degli-antichi-sapori-pignataro-maggiore,,,,,
SagrafavoriteCasavecchia & Pallagrello Wine,Festival,3 luglio - 5 luglio 2026,2026-07-03,2026-07-05,Pontelatone,Campania,campania,Napoli e Dintorni,napoli-e-dintorni,https://sagr.it/campania/napoli-e-dintorni/eventi/casavecchia-pallagrello-wine-festival-mqt9i2us,,,,,
SagrafavoriteSagra delle ceveze,,4 luglio - 6 luglio 2026,2026-07-04,2026-07-06,Ottaviano,Campania,campania,Napoli e Dintorni,napoli-e-dintorni,https://sagr.it/campania/napoli-e-dintorni/eventi/sagra-delle-ceveze,,,,,
SagrafavoriteAntichi sapori e mestieri,,5 luglio - 6 luglio 2026,2026-07-05,2026-07-06,Teano,Campania,campania,Napoli e Dintorni,napoli-e-dintorni,https://sagr.it/campania/napoli-e-dintorni/eventi/antichi-sapori-e-mestieri,,,,,
"SagrafavoriteSagra al borgo ""la tradizione della carne salsicciara""",,10 luglio - 12 luglio 2026,2026-07-10,2026-07-12,Riardo,Campania,campania,Napoli e Dintorni,napoli-e-dintorni,https://sagr.it/campania/napoli-e-dintorni/eventi/sagra-al-borgo-la-tradizione-della-carne-salsicciara,,,,,
SagrafavoriteSagra degli Gnocchi Cimitilesi,,10 luglio - 12 luglio 2026,2026-07-10,2026-07-12,Cimitile,Campania,campania,Napoli e Dintorni,napoli-e-dintorni,https://sagr.it/campania/napoli-e-dintorni/eventi/sagra-degli-gnocchi-cimitilesi,,,,,
SagrafavoriteSagra del Limone – Massa Lubrense,,11 luglio - 12 luglio 2026,2026-07-11,2026-07-12,Massa Lubrense,Campania,campania,Napoli e Dintorni,napoli-e-dintorni,https://sagr.it/campania/napoli-e-dintorni/eventi/sagra-del-limone-massa-lubrense,,,,,
SagrafavoriteFesta della pannocchia,,16 luglio - 20 luglio 2026,2026-07-16,2026-07-20,Recale,Campania,campania,Napoli e Dintorni,napoli-e-dintorni,https://sagr.it/campania/napoli-e-dintorni/eventi/festa-della-pannocchia,,,,,
SagrafavoriteSagra dello gnocco ai funghi porcini,,16 luglio - 20 luglio 2026,2026-07-16,2026-07-20,Furnolo,Campania,campania,Napoli e Dintorni,napoli-e-dintorni,https://sagr.it/campania/napoli-e-dintorni/eventi/sagra-dello-gnocco-ai-funghi-porcini,,,,,
FestivalfavoriteFesta Popolare della Tammorra,,17 luglio - 19 luglio 2026,2026-07-17,2026-07-19,Sessa Aurunca,Campania,campania,Napoli e Dintorni,napoli-e-dintorni,https://sagr.it/campania/napoli-e-dintorni/eventi/festa-popolare-della-tammorra,,,,,
SagrafavoriteCorbana e corbarino,,18 luglio - 19 luglio 2026,2026-07-18,2026-07-19,Corbara,Campania,campania,Napoli e Dintorni,napoli-e-dintorni,https://sagr.it/campania/napoli-e-dintorni/eventi/corbana-e-corbarino,,,,,
FestivalfavoriteNoisy Naples Fest,,23 luglio - 24 luglio 2026,2026-07-23,2026-07-24,Napoli,Campania,campania,Napoli e Dintorni,napoli-e-dintorni,https://sagr.it/campania/napoli-e-dintorni/eventi/noisy-naples-fest,,,,,
SagrafavoriteFesta dei fiori di zucca,,23 luglio - 26 luglio 2026,2026-07-23,2026-07-26,Castel Morrone,Campania,campania,Napoli e Dintorni,napoli-e-dintorni,https://sagr.it/campania/napoli-e-dintorni/eventi/festa-dei-fiori-di-zucca,,,,,
SagrafavoritePizza Fest Castellammare di Stabia,,23 luglio - 26 luglio 2026,2026-07-23,2026-07-26,Castellammare di Stabia,Campania,campania,Napoli e Dintorni,napoli-e-dintorni,https://sagr.it/campania/napoli-e-dintorni/eventi/pizza-fest-castellammare-di-stabia,,,,,
SagrafavoriteSagra della bufalina,,25 luglio - 26 luglio 2026,2026-07-25,2026-07-26,Mondragone,Campania,campania,Napoli e Dintorni,napoli-e-dintorni,https://sagr.it/campania/napoli-e-dintorni/eventi/sagra-della-bufalina,,,,,
SagrafavoriteSagra del mare,,30 luglio - 2 agosto 2026,2026-07-30,2026-08-02,Monte di Procida,Campania,campania,Napoli e Dintorni,napoli-e-dintorni,https://sagr.it/campania/napoli-e-dintorni/eventi/sagra-del-mare,,,,,
SagrafavoriteSagra del casereccio,,31 luglio - 3 agosto 2026,2026-07-31,2026-08-03,Caianello Vecchio,Campania,campania,Napoli e Dintorni,napoli-e-dintorni,https://sagr.it/campania/napoli-e-dintorni/eventi/sagra-del-casereccio,,,,,
SagrafavoriteSagra dei Palluottoli,,1 agosto 2026,2026-08-01,2026-08-01,Teano,Campania,campania,Napoli e Dintorni,napoli-e-dintorni,https://sagr.it/campania/napoli-e-dintorni/eventi/sagra-dei-palluottoli,,,,,
SagrafavoriteSagra dei Palluottoli a Casi di Teano,,1 agosto 2026,2026-08-01,2026-08-01,Casi di Teano,Campania,campania,Napoli e Dintorni,napoli-e-dintorni,https://sagr.it/campania/napoli-e-dintorni/eventi/sagra-dei-palluottoli-a-casi-di-teano,,,,,
SagrafavoriteSagra dei fagioli,,15 agosto 2026,2026-08-15,2026-08-15,Cellole,Campania,campania,Napoli e Dintorni,napoli-e-dintorni,https://sagr.it/campania/napoli-e-dintorni/eventi/sagra-dei-fagioli,,,,,
SagrafavoriteSagra della pannocchia,,20 agosto - 21 agosto 2026,2026-08-20,2026-08-21,Mastrati,Campania,campania,Napoli e Dintorni,napoli-e-dintorni,https://sagr.it/campania/napoli-e-dintorni/eventi/sagra-della-pannocchia,,,,,
SagrafavoriteSagra del fico d’India,,4 settembre - 7 settembre 2026,2026-09-04,2026-09-07,Castel Morrone,Campania,campania,Napoli e Dintorni,napoli-e-dintorni,https://sagr.it/campania/napoli-e-dintorni/eventi/sagra-del-fico-d-india,,,,,
SagrafavoriteAsprinum Festival – Sagra del Vino Asprino,,5 settembre - 14 settembre 2026,2026-09-05,2026-09-14,Cesa,Campania,campania,Napoli e Dintorni,napoli-e-dintorni,https://sagr.it/campania/napoli-e-dintorni/eventi/asprinum-festival-sagra-del-vino-asprino,,,,,
SagrafavoriteSagra della Mulignana Imbuttunata,,11 settembre - 12 settembre 2026,2026-09-11,2026-09-12,Caserta,Campania,campania,Napoli e Dintorni,napoli-e-dintorni,https://sagr.it/campania/napoli-e-dintorni/eventi/sagra-della-mulignana-imbuttunata,,,,,
SagrafavoriteGragnano Città della Pasta,,12 settembre - 14 settembre 2026,2026-09-12,2026-09-14,Gragnano,Campania,campania,Napoli e Dintorni,napoli-e-dintorni,https://sagr.it/campania/napoli-e-dintorni/eventi/gragnano-citta-della-pasta,,,,,
SagrafavoriteSagra del pomodoro San Marzano DOP,,12 settembre - 14 settembre 2026,2026-09-12,2026-09-14,Striano,Campania,campania,Napoli e Dintorni,napoli-e-dintorni,https://sagr.it/campania/napoli-e-dintorni/eventi/sagra-del-pomodoro-san-marzano-dop,,,,,
SagrafavoriteSagra dell’uva,,20 settembre - 21 settembre 2026,2026-09-20,2026-09-21,Galluccio,Campania,campania,Napoli e Dintorni,napoli-e-dintorni,https://sagr.it/campania/napoli-e-dintorni/eventi/sagra-dell-uva-mqbextx3,,,,,
SagrafavoriteSagra della castagna IGP e del fungo porcino,,4 ottobre - 2 novembre 2026,2026-10-04,2026-11-02,Roccamonfina,Campania,campania,Napoli e Dintorni,napoli-e-dintorni,https://sagr.it/campania/napoli-e-dintorni/eventi/sagra-della-castagna-igp-e-del-fungo-porcino,,,,,
SagrafavoriteSagra dell’olio d’oliva,,24 ottobre - 26 ottobre 2026,2026-10-24,2026-10-26,Cervino,Campania,campania,Napoli e Dintorni,napoli-e-dintorni,https://sagr.it/campania/napoli-e-dintorni/eventi/sagra-dell-olio-d-oliva,,,,,
SagrafavoriteSagra della p’zzetta ‘e vino cuotto,,7 novembre - 11 novembre 2026,2026-11-07,2026-11-11,Scisciano,Campania,campania,Napoli e Dintorni,napoli-e-dintorni,https://sagr.it/campania/napoli-e-dintorni/eventi/sagra-della-p-zzetta-e-vino-cuotto,,,,,
FierafavoriteIndica Sativa,,27 marzo - 29 marzo 2026,2026-03-27,2026-03-29,Bologna,Emilia-Romagna,emilia-romagna,Bologna e Appennino,bologna-e-appennino,https://sagr.it/emilia-romagna/bologna-e-appennino/eventi/indica-sativa,,,,,
RievocazionefavoriteSagra e Palio dell'uovo,,5 aprile - 6 aprile 2026,2026-04-05,2026-04-06,Tredozio,Emilia-Romagna,emilia-romagna,Bologna e Appennino,bologna-e-appennino,https://sagr.it/emilia-romagna/bologna-e-appennino/eventi/sagra-e-palio-dell-uovo,,,,,
Evento culturalefavoriteFesta dei Ciliegi in Fiore,,11 aprile - 19 aprile 2026,2026-04-11,2026-04-19,Vignola,Emilia-Romagna,emilia-romagna,Bologna e Appennino,bologna-e-appennino,https://sagr.it/emilia-romagna/bologna-e-appennino/eventi/festa-dei-ciliegi-in-fiore,,,,,
SagrafavoritePizza Festival Bologna,,17 aprile - 19 aprile 2026,2026-04-17,2026-04-19,Bologna,Emilia-Romagna,emilia-romagna,Bologna e Appennino,bologna-e-appennino,https://sagr.it/emilia-romagna/bologna-e-appennino/eventi/pizza-festival-bologna,,,,,
SagrafavoriteSagra della piè fritta,,21 aprile 2026,2026-04-21,2026-04-21,Fontanelice,Emilia-Romagna,emilia-romagna,Bologna e Appennino,bologna-e-appennino,https://sagr.it/emilia-romagna/bologna-e-appennino/eventi/sagra-della-pie-fritta,,,,,
SagrafavoriteSagra del fungo prugnolo,,3 maggio 2026,2026-05-03,2026-05-03,Cavola,Emilia-Romagna,emilia-romagna,Bologna e Appennino,bologna-e-appennino,https://sagr.it/emilia-romagna/bologna-e-appennino/eventi/sagra-del-fungo-prugnolo,,,,,
SagrafavoriteSagra del tortellino tipico di Reno Centese,,7 maggio - 24 maggio 2026,2026-05-07,2026-05-24,Reno Centese,Emilia-Romagna,emilia-romagna,Bologna e Appennino,bologna-e-appennino,https://sagr.it/emilia-romagna/bologna-e-appennino/eventi/sagra-del-tortellino-tipico-di-reno-centese,,,,,
SagrafavoriteSagra del Friggione a Fabbrica di Imola,,8 maggio - 17 maggio 2026,2026-05-08,2026-05-17,Imola,Emilia-Romagna,emilia-romagna,Bologna e Appennino,bologna-e-appennino,https://sagr.it/emilia-romagna/bologna-e-appennino/eventi/sagra-del-friggione-a-fabbrica-di-imola,,,,,
SagrafavoriteSagra del tortellone e della carne alla griglia,,8 maggio - 17 maggio 2026,2026-05-08,2026-05-17,Sala Bolognese,Emilia-Romagna,emilia-romagna,Bologna e Appennino,bologna-e-appennino,https://sagr.it/emilia-romagna/bologna-e-appennino/eventi/sagra-del-tortellone-e-della-carne-alla-griglia,,,,,
SagrafavoriteMordano Magnalonga - Camminare Gustando,,10 maggio 2026,2026-05-10,2026-05-10,Mordano,Emilia-Romagna,emilia-romagna,Bologna e Appennino,bologna-e-appennino,https://sagr.it/emilia-romagna/bologna-e-appennino/eventi/mordano-magnalonga-camminare-gustando,,,,,
SagrafavoriteSagra dell'Asparago Verde di Altedo,,10 maggio - 17 maggio 2026,2026-05-10,2026-05-17,Altedo,Emilia-Romagna,emilia-romagna,Bologna e Appennino,bologna-e-appennino,https://sagr.it/emilia-romagna/bologna-e-appennino/eventi/sagra-dell-asparago-verde-di-altedo,,,,,
SagrafavoriteFesta del tortellino,,15 maggio - 31 maggio 2026,2026-05-15,2026-05-31,Borgo Tossignano,Emilia-Romagna,emilia-romagna,Bologna e Appennino,bologna-e-appennino,https://sagr.it/emilia-romagna/bologna-e-appennino/eventi/festa-del-tortellino,,,,,
SagrafavoriteSagra del Borlengo,,17 maggio - 25 maggio 2026,2026-05-17,2026-05-25,Guiglia,Emilia-Romagna,emilia-romagna,Bologna e Appennino,bologna-e-appennino,https://sagr.it/emilia-romagna/bologna-e-appennino/eventi/sagra-del-borlengo,,,,,
Evento culturalefavoriteSagra dell'Agricoltura,,22 maggio - 23 maggio 2026,2026-05-22,2026-05-23,Mordano,Emilia-Romagna,emilia-romagna,Bologna e Appennino,bologna-e-appennino,https://sagr.it/emilia-romagna/bologna-e-appennino/eventi/sagra-dell-agricoltura,,,,,
SagrafavoriteFestival dei Birrai Eretici,,22 maggio - 24 maggio 2026,2026-05-22,2026-05-24,Bologna,Emilia-Romagna,emilia-romagna,Bologna e Appennino,bologna-e-appennino,https://sagr.it/emilia-romagna/bologna-e-appennino/eventi/festival-dei-birrai-eretici,,,,,
FestivalfavoriteZola Jazz & Wine,,27 maggio - 28 giugno 2026,2026-05-27,2026-06-28,Zola Predosa,Emilia-Romagna,emilia-romagna,Bologna e Appennino,bologna-e-appennino,https://sagr.it/emilia-romagna/bologna-e-appennino/eventi/zola-jazz-wine,,,,,
SagrafavoriteCa' de' Fabbri in Griglia,,29 maggio - 31 maggio 2026,2026-05-29,2026-05-31,Minerbio,Emilia-Romagna,emilia-romagna,Bologna e Appennino,bologna-e-appennino,https://sagr.it/emilia-romagna/bologna-e-appennino/eventi/ca-de-fabbri-in-griglia,,,,,
SagrafavoriteGnocco Estate,,12 giugno - 14 giugno 2026,2026-06-12,2026-06-14,Valsamoggia,Emilia-Romagna,emilia-romagna,Bologna e Appennino,bologna-e-appennino,https://sagr.it/emilia-romagna/bologna-e-appennino/eventi/gnocco-estate,,,,,
SagrafavoriteSagra delle ciliegie,,14 giugno 2026,2026-06-14,2026-06-14,Pietracuta,Emilia-Romagna,emilia-romagna,Bologna e Appennino,bologna-e-appennino,https://sagr.it/emilia-romagna/bologna-e-appennino/eventi/sagra-delle-ciliegie,,,,,
EventofavoriteLa Puglia e i Sapori del Sud,Festival,19 giugno - 21 giugno 2026,2026-06-19,2026-06-21,Bologna,Emilia-Romagna,emilia-romagna,Bologna e Appennino,bologna-e-appennino,https://sagr.it/emilia-romagna/bologna-e-appennino/eventi/la-puglia-e-i-sapori-del-sud-festival,,,,,
SagrafavoriteFesta della Pasta Ripiena e del Castrato,,19 giugno - 5 luglio 2026,2026-06-19,2026-07-05,Crevalcore,Emilia-Romagna,emilia-romagna,Bologna e Appennino,bologna-e-appennino,https://sagr.it/emilia-romagna/bologna-e-appennino/eventi/festa-della-pasta-ripiena-e-del-castrato,,,,,
SagrafavoriteSagra del Maccherone al Pettine,,26 giugno - 5 luglio 2026,2026-06-26,2026-07-05,Pieve di Cento,Emilia-Romagna,emilia-romagna,Bologna e Appennino,bologna-e-appennino,https://sagr.it/emilia-romagna/bologna-e-appennino/eventi/sagra-del-maccherone-al-pettine,,,,,
SagrafavoriteSagra del Vino e della Ciambella,,26 giugno - 28 giugno 2026,2026-06-26,2026-06-28,Castel Guelfo di Bologna,Emilia-Romagna,emilia-romagna,Bologna e Appennino,bologna-e-appennino,https://sagr.it/emilia-romagna/bologna-e-appennino/eventi/sagra-del-vino-e-della-ciambella,,,,,
SagrafavoriteSagra del ciaccio,,27 giugno - 28 giugno 2026,2026-06-27,2026-06-28,Palagano,Emilia-Romagna,emilia-romagna,Bologna e Appennino,bologna-e-appennino,https://sagr.it/emilia-romagna/bologna-e-appennino/eventi/sagra-del-ciaccio,,,,,
SagrafavoriteFesta d'Estate,,10 luglio - 19 luglio 2026,2026-07-10,2026-07-19,Molinella,Emilia-Romagna,emilia-romagna,Bologna e Appennino,bologna-e-appennino,https://sagr.it/emilia-romagna/bologna-e-appennino/eventi/festa-d-estate,,,,,
SagrafavoriteMedicipolla,,10 luglio - 12 luglio 2026,2026-07-10,2026-07-12,Medicina,Emilia-Romagna,emilia-romagna,Bologna e Appennino,bologna-e-appennino,https://sagr.it/emilia-romagna/bologna-e-appennino/eventi/medicipolla,,,,,
FestivalfavoriteJazz Open Modena,,13 luglio - 18 luglio 2026,2026-07-13,2026-07-18,Modena,Emilia-Romagna,emilia-romagna,Bologna e Appennino,bologna-e-appennino,https://sagr.it/emilia-romagna/bologna-e-appennino/eventi/jazz-open-modena,,,,,
SagrafavoriteSagra del Tortellone,,14 luglio - 24 luglio 2026,2026-07-14,2026-07-24,Crevalcore,Emilia-Romagna,emilia-romagna,Bologna e Appennino,bologna-e-appennino,https://sagr.it/emilia-romagna/bologna-e-appennino/eventi/sagra-del-tortellone,,,,,
SagrafavoriteSagra della Crescia sul Panaro,,16 luglio - 19 luglio 2026,2026-07-16,2026-07-19,Castelplanio,Emilia-Romagna,emilia-romagna,Bologna e Appennino,bologna-e-appennino,https://sagr.it/emilia-romagna/bologna-e-appennino/eventi/sagra-della-crescia-sul-panaro-mqbssi5k,,,,,
FestivalfavoritePorretta Soul,Festival,23 luglio - 26 luglio 2026,2026-07-23,2026-07-26,Porretta Terme,Emilia-Romagna,emilia-romagna,Bologna e Appennino,bologna-e-appennino,https://sagr.it/emilia-romagna/bologna-e-appennino/eventi/porretta-soul-festival,,,,,
SagrafavoriteSagra del tartufo di Sant’Agostino,,3 settembre - 15 settembre 2026,2026-09-03,2026-09-15,Sant'Agostino,Emilia-Romagna,emilia-romagna,Bologna e Appennino,bologna-e-appennino,https://sagr.it/emilia-romagna/bologna-e-appennino/eventi/sagra-del-tartufo-di-sant-agostino,,,,,
SagrafavoriteFesta della campagna,,12 settembre - 15 settembre 2026,2026-09-12,2026-09-15,Budrio,Emilia-Romagna,emilia-romagna,Bologna e Appennino,bologna-e-appennino,https://sagr.it/emilia-romagna/bologna-e-appennino/eventi/festa-della-campagna-mqbexszs,,,,,
SagrafavoriteFestival del Tortellino,,4 ottobre 2026,2026-10-04,2026-10-04,Bologna,Emilia-Romagna,emilia-romagna,Bologna e Appennino,bologna-e-appennino,https://sagr.it/emilia-romagna/bologna-e-appennino/eventi/festival-del-tortellino,,,,,
SagrafavoriteSagra del Marrone,,4 ottobre - 25 ottobre 2026,2026-10-04,2026-10-25,Castel del Rio,Emilia-Romagna,emilia-romagna,Bologna e Appennino,bologna-e-appennino,https://sagr.it/emilia-romagna/bologna-e-appennino/eventi/sagra-del-marrone,,,,,
"SagrafavoriteMortadella, Please",,9 ottobre - 11 ottobre 2026,2026-10-09,2026-10-11,Zola Predosa,Emilia-Romagna,emilia-romagna,Bologna e Appennino,bologna-e-appennino,https://sagr.it/emilia-romagna/bologna-e-appennino/eventi/mortadella-please,,,,,
SagrafavoriteC’è più gusto,,17 ottobre - 18 ottobre 2026,2026-10-17,2026-10-18,Bologna,Emilia-Romagna,emilia-romagna,Bologna e Appennino,bologna-e-appennino,https://sagr.it/emilia-romagna/bologna-e-appennino/eventi/c-e-piu-gusto,,,,,
SagrafavoriteTartófla – Festival Internazionale del tartufo bianco,,25 ottobre - 16 novembre 2026,2026-10-25,2026-11-16,Savigno,Emilia-Romagna,emilia-romagna,Bologna e Appennino,bologna-e-appennino,https://sagr.it/emilia-romagna/bologna-e-appennino/eventi/tartofla-festival-internazionale-del-tartufo-bianco,,,,,
SagrafavoriteSagra del bollito,,9 novembre - 19 novembre 2026,2026-11-09,2026-11-19,San Pietro in Casale,Emilia-Romagna,emilia-romagna,Bologna e Appennino,bologna-e-appennino,https://sagr.it/emilia-romagna/bologna-e-appennino/eventi/sagra-del-bollito,,,,,
SagrafavoriteSagra della raviola,,13 marzo - 15 marzo 2027,2027-03-13,2027-03-15,Trebbo di Reno,Emilia-Romagna,emilia-romagna,Bologna e Appennino,bologna-e-appennino,https://sagr.it/emilia-romagna/bologna-e-appennino/eventi/sagra-della-raviola,,,,,
SagrafavoriteFesta dei Pesci Marinati,,24 aprile - 26 aprile 2026,2026-04-24,2026-04-26,Comacchio,Emilia-Romagna,emilia-romagna,Ferrara e Delta,ferrara-e-delta,https://sagr.it/emilia-romagna/ferrara-e-delta/eventi/festa-dei-pesci-marinati,,,,,
SagrafavoriteFiera dell'Asparago,,24 aprile - 3 maggio 2026,2026-04-24,2026-05-03,Mesola,Emilia-Romagna,emilia-romagna,Ferrara e Delta,ferrara-e-delta,https://sagr.it/emilia-romagna/ferrara-e-delta/eventi/fiera-dell-asparago-moor2cub,,,,,
SagrafavoriteSagra di Primavera,,24 aprile - 3 maggio 2026,2026-04-24,2026-05-03,Poggio Renatico,Emilia-Romagna,emilia-romagna,Ferrara e Delta,ferrara-e-delta,https://sagr.it/emilia-romagna/ferrara-e-delta/eventi/sagra-di-primavera,,,,,
SagrafavoriteSagra del Pesce Azzurro e del Pinzino,,8 maggio - 31 maggio 2026,2026-05-08,2026-05-31,Ferrara,Emilia-Romagna,emilia-romagna,Ferrara e Delta,ferrara-e-delta,https://sagr.it/emilia-romagna/ferrara-e-delta/eventi/sagra-del-pesce-azzurro-e-del-pinzino,,,,,
SagrafavoriteSagra della Fragola,,8 maggio - 17 maggio 2026,2026-05-08,2026-05-17,Lagosanto,Emilia-Romagna,emilia-romagna,Ferrara e Delta,ferrara-e-delta,https://sagr.it/emilia-romagna/ferrara-e-delta/eventi/sagra-della-fragola-moor2ebo,,,,,
SagrafavoriteProfumi e Sapori delle Terre Estensi,,10 maggio 2026,2026-05-10,2026-05-10,Casumaro,Emilia-Romagna,emilia-romagna,Ferrara e Delta,ferrara-e-delta,https://sagr.it/emilia-romagna/ferrara-e-delta/eventi/profumi-e-sapori-delle-terre-estensi,,,,,
SagrafavoriteFiera dell'asparago,,15 maggio - 24 maggio 2026,2026-05-15,2026-05-24,Mesola,Emilia-Romagna,emilia-romagna,Ferrara e Delta,ferrara-e-delta,https://sagr.it/emilia-romagna/ferrara-e-delta/eventi/fiera-dell-asparago,,,,,
SagrafavoriteSagra del Bue,,22 maggio - 14 giugno 2026,2026-05-22,2026-06-14,Corporeno,Emilia-Romagna,emilia-romagna,Ferrara e Delta,ferrara-e-delta,https://sagr.it/emilia-romagna/ferrara-e-delta/eventi/sagra-del-bue,,,,,
SagrafavoriteSagra di San Maurelio,,22 maggio - 2 giugno 2026,2026-05-22,2026-06-02,Malborghetto di Boara,Emilia-Romagna,emilia-romagna,Ferrara e Delta,ferrara-e-delta,https://sagr.it/emilia-romagna/ferrara-e-delta/eventi/sagra-di-san-maurelio,,,,,
SagrafavoriteFesta dla salama da tai,,29 maggio - 14 giugno 2026,2026-05-29,2026-06-14,Guarda Ferrarese,Emilia-Romagna,emilia-romagna,Ferrara e Delta,ferrara-e-delta,https://sagr.it/emilia-romagna/ferrara-e-delta/eventi/festa-dla-salama-da-tai,,,,,
SagrafavoriteSagra della patata,,5 giugno - 15 giugno 2026,2026-06-05,2026-06-15,San Nicolò,Emilia-Romagna,emilia-romagna,Ferrara e Delta,ferrara-e-delta,https://sagr.it/emilia-romagna/ferrara-e-delta/eventi/sagra-della-patata-mobz20th,,,,,
FestivalfavoriteSanMa Beer Fest,,12 giugno - 27 giugno 2026,2026-06-12,2026-06-27,Ferrara,Emilia-Romagna,emilia-romagna,Ferrara e Delta,ferrara-e-delta,https://sagr.it/emilia-romagna/ferrara-e-delta/eventi/sanma-beer-fest,,,,,
RievocazionefavoriteAntica Fiera Merci e Bestiame,,12 giugno - 14 giugno 2026,2026-06-12,2026-06-14,Poggio Renatico,Emilia-Romagna,emilia-romagna,Ferrara e Delta,ferrara-e-delta,https://sagr.it/emilia-romagna/ferrara-e-delta/eventi/antica-fiera-merci-e-bestiame,,,,,
SagrafavoriteSagra del pesce di mare,,12 giugno - 22 giugno 2026,2026-06-12,2026-06-22,Galeazza,Emilia-Romagna,emilia-romagna,Ferrara e Delta,ferrara-e-delta,https://sagr.it/emilia-romagna/ferrara-e-delta/eventi/sagra-del-pesce-di-mare,,,,,
FestivalfavoriteFerrara Summer,Festival,13 giugno - 26 luglio 2026,2026-06-13,2026-07-26,Ferrara,Emilia-Romagna,emilia-romagna,Ferrara e Delta,ferrara-e-delta,https://sagr.it/emilia-romagna/ferrara-e-delta/eventi/ferrara-summer-festival,,,,,
SagrafavoriteFesta del cappelletto ferrarese,,17 giugno - 21 giugno 2026,2026-06-17,2026-06-21,Vigarano Pieve,Emilia-Romagna,emilia-romagna,Ferrara e Delta,ferrara-e-delta,https://sagr.it/emilia-romagna/ferrara-e-delta/eventi/festa-del-cappelletto-ferrarese,,,,,
Festa patronalefavoriteFesta di San Pietro e la ciliegia duracina,,20 giugno - 29 giugno 2026,2026-06-20,2026-06-29,Tarcento,Emilia-Romagna,emilia-romagna,Ferrara e Delta,ferrara-e-delta,https://sagr.it/emilia-romagna/ferrara-e-delta/eventi/festa-di-san-pietro-e-la-ciliegia-duracina,,,,,
Festa patronalefavoriteSagra dei Santi Pietro e Paolo,,25 giugno - 29 giugno 2026,2026-06-25,2026-06-29,Vigarano Pieve,Emilia-Romagna,emilia-romagna,Ferrara e Delta,ferrara-e-delta,https://sagr.it/emilia-romagna/ferrara-e-delta/eventi/sagra-dei-santi-pietro-e-paolo,,,,,
SagrafavoriteSagra della Porchetta,,26 giugno - 28 giugno 2026,2026-06-26,2026-06-28,Cento,Emilia-Romagna,emilia-romagna,Ferrara e Delta,ferrara-e-delta,https://sagr.it/emilia-romagna/ferrara-e-delta/eventi/sagra-della-porchetta-mqd0uhju,,,,,
SagrafavoriteSanPataFest,,26 giugno - 28 giugno 2026,2026-06-26,2026-06-28,Argenta,Emilia-Romagna,emilia-romagna,Ferrara e Delta,ferrara-e-delta,https://sagr.it/emilia-romagna/ferrara-e-delta/eventi/sanpatafest,,,,,
SagrafavoriteFesta de L'Unità a Poggio Renatico,,3 luglio - 13 luglio 2026,2026-07-03,2026-07-13,Poggio Renatico,Emilia-Romagna,emilia-romagna,Ferrara e Delta,ferrara-e-delta,https://sagr.it/emilia-romagna/ferrara-e-delta/eventi/festa-de-l-unita-a-poggio-renatico,,,,,
SagrafavoriteMangiafexpo,,22 luglio - 9 agosto 2026,2026-07-22,2026-08-09,Ferrara,Emilia-Romagna,emilia-romagna,Ferrara e Delta,ferrara-e-delta,https://sagr.it/emilia-romagna/ferrara-e-delta/eventi/mangiafexpo,,,,,
SagrafavoriteSagra della Lumaca Casumaro,,24 luglio - 10 agosto 2026,2026-07-24,2026-08-10,Casumaro,Emilia-Romagna,emilia-romagna,Ferrara e Delta,ferrara-e-delta,https://sagr.it/emilia-romagna/ferrara-e-delta/eventi/sagra-della-lumaca-casumaro,,,,,
SagrafavoriteSagra della vongola,,6 agosto - 10 agosto 2026,2026-08-06,2026-08-10,Goro,Emilia-Romagna,emilia-romagna,Ferrara e Delta,ferrara-e-delta,https://sagr.it/emilia-romagna/ferrara-e-delta/eventi/sagra-della-vongola,,,,,
SagrafavoriteFiera dell'aglio di Voghiera DOP,,8 agosto - 10 agosto 2026,2026-08-08,2026-08-10,Voghiera,Emilia-Romagna,emilia-romagna,Ferrara e Delta,ferrara-e-delta,https://sagr.it/emilia-romagna/ferrara-e-delta/eventi/fiera-dell-aglio-di-voghiera-dop,,,,,
SagrafavoriteSagra della zucca e del suo cappellaccio ferrarese IGP,,14 agosto - 23 agosto 2026,2026-08-14,2026-08-23,San Carlo,Emilia-Romagna,emilia-romagna,Ferrara e Delta,ferrara-e-delta,https://sagr.it/emilia-romagna/ferrara-e-delta/eventi/sagra-della-zucca-e-del-suo-cappellaccio-ferrarese-igp,,,,,
"SagrafavoriteSagra della rana, lumaca e anguilla",,21 agosto - 31 agosto 2026,2026-08-21,2026-08-31,Marrara,Emilia-Romagna,emilia-romagna,Ferrara e Delta,ferrara-e-delta,https://sagr.it/emilia-romagna/ferrara-e-delta/eventi/sagra-della-rana-lumaca-e-anguilla,,,,,
SagrafavoriteSagra del pinzino e dell'arrosticino,,22 agosto - 7 settembre 2026,2026-08-22,2026-09-07,Ferrara,Emilia-Romagna,emilia-romagna,Ferrara e Delta,ferrara-e-delta,https://sagr.it/emilia-romagna/ferrara-e-delta/eventi/sagra-del-pinzino-e-dell-arrosticino,,,,,
SagrafavoriteSagra dal caplaz,,27 agosto - 7 settembre 2026,2026-08-27,2026-09-07,Coronella,Emilia-Romagna,emilia-romagna,Ferrara e Delta,ferrara-e-delta,https://sagr.it/emilia-romagna/ferrara-e-delta/eventi/sagra-dal-caplaz,,,,,
SagrafavoriteSagra del riso del delta del po,,18 settembre - 21 settembre 2026,2026-09-18,2026-09-21,Porto Tolle,Emilia-Romagna,emilia-romagna,Ferrara e Delta,ferrara-e-delta,https://sagr.it/emilia-romagna/ferrara-e-delta/eventi/sagra-del-riso-del-delta-del-po,,,,,
SagrafavoriteFesta del cappelletto d’autunno,,24 settembre - 4 ottobre 2026,2026-09-24,2026-10-04,Vigarano Pieve,Emilia-Romagna,emilia-romagna,Ferrara e Delta,ferrara-e-delta,https://sagr.it/emilia-romagna/ferrara-e-delta/eventi/festa-del-cappelletto-d-autunno,,,,,
SagrafavoriteSagra dell’Anguilla,,26 settembre - 11 ottobre 2026,2026-09-26,2026-10-11,Comacchio,Emilia-Romagna,emilia-romagna,Ferrara e Delta,ferrara-e-delta,https://sagr.it/emilia-romagna/ferrara-e-delta/eventi/sagra-dell-anguilla,,,,,
SagrafavoriteSagra del radicchio,,29 settembre - 5 ottobre 2026,2026-09-29,2026-10-05,Bosco Mesola,Emilia-Romagna,emilia-romagna,Ferrara e Delta,ferrara-e-delta,https://sagr.it/emilia-romagna/ferrara-e-delta/eventi/sagra-del-radicchio,,,,,
SagrafavoriteFesta della lumaca d’autunno,,3 ottobre - 12 ottobre 2026,2026-10-03,2026-10-12,Casumaro,Emilia-Romagna,emilia-romagna,Ferrara e Delta,ferrara-e-delta,https://sagr.it/emilia-romagna/ferrara-e-delta/eventi/festa-della-lumaca-d-autunno,,,,,
SagrafavoriteSagra del tartufo di Bondeno,,10 ottobre - 12 ottobre 2026,2026-10-10,2026-10-12,Bondeno,Emilia-Romagna,emilia-romagna,Ferrara e Delta,ferrara-e-delta,https://sagr.it/emilia-romagna/ferrara-e-delta/eventi/sagra-del-tartufo-di-bondeno,,,,,
SagrafavoriteZucca Days,,25 ottobre - 26 ottobre 2026,2026-10-25,2026-10-26,Casumaro,Emilia-Romagna,emilia-romagna,Ferrara e Delta,ferrara-e-delta,https://sagr.it/emilia-romagna/ferrara-e-delta/eventi/zucca-days,,,,,
SagrafavoriteFerrara Food,Festival,30 ottobre - 1 novembre 2026,2026-10-30,2026-11-01,Ferrara,Emilia-Romagna,emilia-romagna,Ferrara e Delta,ferrara-e-delta,https://sagr.it/emilia-romagna/ferrara-e-delta/eventi/ferrara-food-festival,,,,,
SagrafavoriteSagra della zucca e del suo Cappellaccio ferrarese IGP,,31 ottobre - 2 novembre 2026,2026-10-31,2026-11-02,San Carlo,Emilia-Romagna,emilia-romagna,Ferrara e Delta,ferrara-e-delta,https://sagr.it/emilia-romagna/ferrara-e-delta/eventi/sagra-della-zucca-e-del-suo-cappellaccio-ferrarese-igp-mqljomgt,,,,,
SagrafavoriteWintermolla – Weekend in Polenta,,22 novembre - 23 novembre 2026,2026-11-22,2026-11-23,Dodici Morelli,Emilia-Romagna,emilia-romagna,Ferrara e Delta,ferrara-e-delta,https://sagr.it/emilia-romagna/ferrara-e-delta/eventi/wintermolla-weekend-in-polenta,,,,,
SagrafavoriteSagra della Lumaca D’Elite,,13 marzo - 22 marzo 2027,2027-03-13,2027-03-22,Casumaro,Emilia-Romagna,emilia-romagna,Ferrara e Delta,ferrara-e-delta,https://sagr.it/emilia-romagna/ferrara-e-delta/eventi/sagra-della-lumaca-d-elite,,,,,
Evento culturalefavoriteGeorgica,,28 marzo - 29 marzo 2026,2026-03-28,2026-03-29,Guastalla,Emilia-Romagna,emilia-romagna,Parma e Food Valley,parma-e-food-valley,https://sagr.it/emilia-romagna/parma-e-food-valley/eventi/georgica-mna3j52l,,,,,
SagrafavoriteSagra del cicciolo,,29 marzo 2026,2026-03-29,2026-03-29,Casina,Emilia-Romagna,emilia-romagna,Parma e Food Valley,parma-e-food-valley,https://sagr.it/emilia-romagna/parma-e-food-valley/eventi/sagra-del-cicciolo,,,,,
SagrafavoriteFiera del fungo di Borgotaro,,11 aprile - 12 aprile 2026,2026-04-11,2026-04-12,Borgo Val di Taro,Emilia-Romagna,emilia-romagna,Parma e Food Valley,parma-e-food-valley,https://sagr.it/emilia-romagna/parma-e-food-valley/eventi/fiera-del-fungo-di-borgotaro,,,,,
"FierafavoriteFiori, frutti e contorni",,12 aprile 2026,2026-04-12,2026-04-12,Villanova sull'Arda,Emilia-Romagna,emilia-romagna,Parma e Food Valley,parma-e-food-valley,https://sagr.it/emilia-romagna/parma-e-food-valley/eventi/fiori-frutti-e-contorni,,,,,
FierafavoriteOrtocolto in Corte,,18 aprile - 19 aprile 2026,2026-04-18,2026-04-19,Roccabianca,Emilia-Romagna,emilia-romagna,Parma e Food Valley,parma-e-food-valley,https://sagr.it/emilia-romagna/parma-e-food-valley/eventi/ortocolto-in-corte,,,,,
Street FoodfavoriteGrill Contest &ndash; Rivergaro,,24 aprile - 3 maggio 2026,2026-04-24,2026-05-03,Rivergaro,Emilia-Romagna,emilia-romagna,Parma e Food Valley,parma-e-food-valley,https://sagr.it/emilia-romagna/parma-e-food-valley/eventi/grill-contest-rivergaro,,,,,
Evento culturalefavoriteGiornata Fantasy,,25 aprile 2026,2026-04-25,2026-04-25,Agazzano,Emilia-Romagna,emilia-romagna,Parma e Food Valley,parma-e-food-valley,https://sagr.it/emilia-romagna/parma-e-food-valley/eventi/giornata-fantasy,,,,,
FierafavoriteOrtocolto – orto e artigianato di eccellenza,,3 maggio 2026,2026-05-03,2026-05-03,Busseto,Emilia-Romagna,emilia-romagna,Parma e Food Valley,parma-e-food-valley,https://sagr.it/emilia-romagna/parma-e-food-valley/eventi/ortocolto-orto-e-artigianato-di-eccellenza,,,,,
SagrafavoriteDe Gustibus,,9 maggio - 10 maggio 2026,2026-05-09,2026-05-10,Parma,Emilia-Romagna,emilia-romagna,Parma e Food Valley,parma-e-food-valley,https://sagr.it/emilia-romagna/parma-e-food-valley/eventi/de-gustibus,,,,,
SagrafavoriteMonterosso Val d'Arda,Festival,9 maggio - 10 maggio 2026,2026-05-09,2026-05-10,Castell'Arquato,Emilia-Romagna,emilia-romagna,Parma e Food Valley,parma-e-food-valley,https://sagr.it/emilia-romagna/parma-e-food-valley/eventi/monterosso-val-d-arda-festival,,,,,
SagrafavoriteProfumi e Sapori delle Terre Estensi,,9 maggio - 10 maggio 2026,2026-05-09,2026-05-10,Finale Emilia,Emilia-Romagna,emilia-romagna,Parma e Food Valley,parma-e-food-valley,https://sagr.it/emilia-romagna/parma-e-food-valley/eventi/profumi-e-sapori-delle-terre-estensi-moor2e0j,,,,,
SagrafavoriteMaccherone al Pettine,,13 maggio - 17 maggio 2026,2026-05-13,2026-05-17,Mirandola,Emilia-Romagna,emilia-romagna,Parma e Food Valley,parma-e-food-valley,https://sagr.it/emilia-romagna/parma-e-food-valley/eventi/maccherone-al-pettine,,,,,
SagrafavoriteI Primi di Rolo,,15 maggio - 17 maggio 2026,2026-05-15,2026-05-17,Rolo,Emilia-Romagna,emilia-romagna,Parma e Food Valley,parma-e-food-valley,https://sagr.it/emilia-romagna/parma-e-food-valley/eventi/i-primi-di-rolo,,,,,
MercatofavoriteVino Crudo,,16 maggio 2026,2026-05-16,2026-05-16,Modena,Emilia-Romagna,emilia-romagna,Parma e Food Valley,parma-e-food-valley,https://sagr.it/emilia-romagna/parma-e-food-valley/eventi/vino-crudo,,,,,
SagrafavoriteFestival della Malvasia,,16 maggio - 17 maggio 2026,2026-05-16,2026-05-17,Sala Baganza,Emilia-Romagna,emilia-romagna,Parma e Food Valley,parma-e-food-valley,https://sagr.it/emilia-romagna/parma-e-food-valley/eventi/festival-della-malvasia,,,,,
SagrafavoriteGiallo Maccherone,,22 maggio - 24 maggio 2026,2026-05-22,2026-05-24,Mirandola,Emilia-Romagna,emilia-romagna,Parma e Food Valley,parma-e-food-valley,https://sagr.it/emilia-romagna/parma-e-food-valley/eventi/giallo-maccherone,,,,,
SagrafavoriteFesta del Culatello,,29 maggio - 2 giugno 2026,2026-05-29,2026-06-02,Zibello,Emilia-Romagna,emilia-romagna,Parma e Food Valley,parma-e-food-valley,https://sagr.it/emilia-romagna/parma-e-food-valley/eventi/festa-del-culatello-mphpgac0,,,,,
SagrafavoriteFesta del Salame,,29 maggio - 31 maggio 2026,2026-05-29,2026-05-31,Sarmato,Emilia-Romagna,emilia-romagna,Parma e Food Valley,parma-e-food-valley,https://sagr.it/emilia-romagna/parma-e-food-valley/eventi/festa-del-salame-mp8uzeoe,,,,,
SagrafavoriteFesta del culatello,,29 maggio - 2 giugno 2026,2026-05-29,2026-06-02,Polesine Zibello,Emilia-Romagna,emilia-romagna,Parma e Food Valley,parma-e-food-valley,https://sagr.it/emilia-romagna/parma-e-food-valley/eventi/festa-del-culatello,,,,,
SagrafavoriteFesta della Rana,,29 maggio - 31 maggio 2026,2026-05-29,2026-05-31,Fiorenzuola d'Arda,Emilia-Romagna,emilia-romagna,Parma e Food Valley,parma-e-food-valley,https://sagr.it/emilia-romagna/parma-e-food-valley/eventi/festa-della-rana,,,,,
SagrafavoriteSagra della Rana e del Pesce,,29 maggio - 31 maggio 2026,2026-05-29,2026-05-31,Villanova sull'Arda,Emilia-Romagna,emilia-romagna,Parma e Food Valley,parma-e-food-valley,https://sagr.it/emilia-romagna/parma-e-food-valley/eventi/sagra-della-rana-e-del-pesce,,,,,
SagrafavoriteFesta delle ciliegie,,30 maggio - 8 giugno 2026,2026-05-30,2026-06-08,Villanova sull'Arda,Emilia-Romagna,emilia-romagna,Parma e Food Valley,parma-e-food-valley,https://sagr.it/emilia-romagna/parma-e-food-valley/eventi/festa-delle-ciliegie-mobz20oa,,,,,
Evento culturalefavoriteFestival della Lentezza,,6 giugno - 7 giugno 2026,2026-06-06,2026-06-07,Parma,Emilia-Romagna,emilia-romagna,Parma e Food Valley,parma-e-food-valley,https://sagr.it/emilia-romagna/parma-e-food-valley/eventi/festival-della-lentezza,,,,,
SagrafavoriteAperiwine Castel San Giovanni,,6 giugno 2026,2026-06-06,2026-06-06,Castel San Giovanni,Emilia-Romagna,emilia-romagna,Parma e Food Valley,parma-e-food-valley,https://sagr.it/emilia-romagna/parma-e-food-valley/eventi/aperiwine-castel-san-giovanni,,,,,
FestivalfavoriteRIOMANIA,,10 giugno - 20 giugno 2026,2026-06-10,2026-06-20,Rio Saliceto,Emilia-Romagna,emilia-romagna,Parma e Food Valley,parma-e-food-valley,https://sagr.it/emilia-romagna/parma-e-food-valley/eventi/riomania,,,,,
SagrafavoritePork Factor,,11 giugno - 14 giugno 2026,2026-06-11,2026-06-14,Concordia sulla Secchia,Emilia-Romagna,emilia-romagna,Parma e Food Valley,parma-e-food-valley,https://sagr.it/emilia-romagna/parma-e-food-valley/eventi/pork-factor,,,,,
SagrafavoriteJust a Birra,,12 giugno - 13 giugno 2026,2026-06-12,2026-06-13,San Prospero,Emilia-Romagna,emilia-romagna,Parma e Food Valley,parma-e-food-valley,https://sagr.it/emilia-romagna/parma-e-food-valley/eventi/just-a-birra,,,,,
SagrafavoriteReggiolo Beer Fest,,12 giugno - 20 giugno 2026,2026-06-12,2026-06-20,Reggiolo,Emilia-Romagna,emilia-romagna,Parma e Food Valley,parma-e-food-valley,https://sagr.it/emilia-romagna/parma-e-food-valley/eventi/reggiolo-beer-fest,,,,,
SagrafavoriteSagra dei Lambruschi e della Spergola,,17 giugno - 21 giugno 2026,2026-06-17,2026-06-21,Albinea,Emilia-Romagna,emilia-romagna,Parma e Food Valley,parma-e-food-valley,https://sagr.it/emilia-romagna/parma-e-food-valley/eventi/sagra-dei-lambruschi-e-della-spergola,,,,,
FestivalfavoriteSan Sisto in Festa,,18 giugno - 21 giugno 2026,2026-06-18,2026-06-21,Poviglio,Emilia-Romagna,emilia-romagna,Parma e Food Valley,parma-e-food-valley,https://sagr.it/emilia-romagna/parma-e-food-valley/eventi/san-sisto-in-festa,,,,,
SagrafavoriteSagra del Lambrusco e degli spiriti divini,,18 giugno - 21 giugno 2026,2026-06-18,2026-06-21,Albinea,Emilia-Romagna,emilia-romagna,Parma e Food Valley,parma-e-food-valley,https://sagr.it/emilia-romagna/parma-e-food-valley/eventi/sagra-del-lambrusco-e-degli-spiriti-divini,,,,,
SagrafavoriteFesta della Birra,,19 giugno - 21 giugno 2026,2026-06-19,2026-06-21,Podenzano,Emilia-Romagna,emilia-romagna,Parma e Food Valley,parma-e-food-valley,https://sagr.it/emilia-romagna/parma-e-food-valley/eventi/festa-della-birra-mqd0uh7f,,,,,
SagrafavoritePaella negli Orti,,20 giugno 2026,2026-06-20,2026-06-20,Finale Emilia,Emilia-Romagna,emilia-romagna,Parma e Food Valley,parma-e-food-valley,https://sagr.it/emilia-romagna/parma-e-food-valley/eventi/paella-negli-orti-mp8uzf26,,,,,
SagrafavoritePaella negli Orti,,20 giugno 2026,2026-06-20,2026-06-20,Casumaro,Emilia-Romagna,emilia-romagna,Parma e Food Valley,parma-e-food-valley,https://sagr.it/emilia-romagna/parma-e-food-valley/eventi/paella-negli-orti-mq9i9xot,,,,,
SagrafavoriteTortellata di Leguigno,,20 giugno 2026,2026-06-20,2026-06-20,Casina,Emilia-Romagna,emilia-romagna,Parma e Food Valley,parma-e-food-valley,https://sagr.it/emilia-romagna/parma-e-food-valley/eventi/tortellata-di-leguigno,,,,,
SagrafavoriteFornio in Festa - Tortellata di San Giovanni,,23 giugno 2026,2026-06-23,2026-06-23,Fidenza,Emilia-Romagna,emilia-romagna,Parma e Food Valley,parma-e-food-valley,https://sagr.it/emilia-romagna/parma-e-food-valley/eventi/fornio-in-festa-tortellata-di-san-giovanni,,,,,
FestivalfavoriteSummer Reggia Opera,Festival,25 giugno - 19 luglio 2026,2026-06-25,2026-07-19,Colorno,Emilia-Romagna,emilia-romagna,Parma e Food Valley,parma-e-food-valley,https://sagr.it/emilia-romagna/parma-e-food-valley/eventi/summer-reggia-opera-festival,,,,,
SagrafavoriteSagra d'la picula,,26 giugno - 29 giugno 2026,2026-06-26,2026-06-29,San Pietro in Cerro,Emilia-Romagna,emilia-romagna,Parma e Food Valley,parma-e-food-valley,https://sagr.it/emilia-romagna/parma-e-food-valley/eventi/sagra-d-la-picula,,,,,
RievocazionefavoritePalio delle Contrade,,27 giugno - 28 giugno 2026,2026-06-27,2026-06-28,Bobbio,Emilia-Romagna,emilia-romagna,Parma e Food Valley,parma-e-food-valley,https://sagr.it/emilia-romagna/parma-e-food-valley/eventi/palio-delle-contrade,,,,,
SagrafavoriteSagra del Tortellone Levizzano Rangone,,29 giugno - 12 luglio 2026,2026-06-29,2026-07-12,Castelvetro di Modena,Emilia-Romagna,emilia-romagna,Parma e Food Valley,parma-e-food-valley,https://sagr.it/emilia-romagna/parma-e-food-valley/eventi/sagra-del-tortellone-levizzano-rangone,,,,,
SagrafavoriteFesta de l'Unità di Bosco Albergati,,10 luglio - 3 agosto 2026,2026-07-10,2026-08-03,Castelfranco Emilia,Emilia-Romagna,emilia-romagna,Parma e Food Valley,parma-e-food-valley,https://sagr.it/emilia-romagna/parma-e-food-valley/eventi/festa-de-l-unita-di-bosco-albergati,,,,,
Evento culturalefavoriteApericena sotto le Stelle,,11 luglio 2026,2026-07-11,2026-07-11,Casumaro,Emilia-Romagna,emilia-romagna,Parma e Food Valley,parma-e-food-valley,https://sagr.it/emilia-romagna/parma-e-food-valley/eventi/apericena-sotto-le-stelle,,,,,
SagrafavoriteApericena sotto le Stelle,,11 luglio 2026,2026-07-11,2026-07-11,Finale Emilia,Emilia-Romagna,emilia-romagna,Parma e Food Valley,parma-e-food-valley,https://sagr.it/emilia-romagna/parma-e-food-valley/eventi/apericena-sotto-le-stelle-mqxvgk6k,,,,,
SagrafavoriteSagra dello spiedino di Carmiano,,18 luglio - 23 luglio 2026,2026-07-18,2026-07-23,Carmiano,Emilia-Romagna,emilia-romagna,Parma e Food Valley,parma-e-food-valley,https://sagr.it/emilia-romagna/parma-e-food-valley/eventi/sagra-dello-spiedino-di-carmiano,,,,,
SagrafavoriteSagra della Lumaca,,24 luglio - 10 agosto 2026,2026-07-24,2026-08-10,Finale Emilia,Emilia-Romagna,emilia-romagna,Parma e Food Valley,parma-e-food-valley,https://sagr.it/emilia-romagna/parma-e-food-valley/eventi/sagra-della-lumaca-mqxvgkzo,,,,,
SagrafavoriteFesta del tortello De.Co.,,25 luglio - 29 luglio 2026,2026-07-25,2026-07-29,Vigolzone,Emilia-Romagna,emilia-romagna,Parma e Food Valley,parma-e-food-valley,https://sagr.it/emilia-romagna/parma-e-food-valley/eventi/festa-del-tortello-de-co,,,,,
SagrafavoriteFesta del chisolino ripieno,,20 agosto - 23 agosto 2026,2026-08-20,2026-08-23,San Martino in Olza,Emilia-Romagna,emilia-romagna,Parma e Food Valley,parma-e-food-valley,https://sagr.it/emilia-romagna/parma-e-food-valley/eventi/festa-del-chisolino-ripieno,,,,,
SagrafavoriteFestival del prosciutto di Parma,,4 settembre - 6 settembre 2026,2026-09-04,2026-09-06,Langhirano,Emilia-Romagna,emilia-romagna,Parma e Food Valley,parma-e-food-valley,https://sagr.it/emilia-romagna/parma-e-food-valley/eventi/festival-del-prosciutto-di-parma,,,,,
SagrafavoriteSagra del Tortellino tradizionale,,4 settembre - 14 settembre 2026,2026-09-04,2026-09-14,Castelfranco Emilia,Emilia-Romagna,emilia-romagna,Parma e Food Valley,parma-e-food-valley,https://sagr.it/emilia-romagna/parma-e-food-valley/eventi/sagra-del-tortellino-tradizionale,,,,,
SagrafavoriteFesta della coppa piacentina DOP,,5 settembre - 8 settembre 2026,2026-09-05,2026-09-08,Carpaneto Piacentino,Emilia-Romagna,emilia-romagna,Parma e Food Valley,parma-e-food-valley,https://sagr.it/emilia-romagna/parma-e-food-valley/eventi/festa-della-coppa-piacentina-dop,,,,,
SagrafavoriteFesta dell’uva,,7 settembre - 28 settembre 2026,2026-09-07,2026-09-28,Gropparello,Emilia-Romagna,emilia-romagna,Parma e Food Valley,parma-e-food-valley,https://sagr.it/emilia-romagna/parma-e-food-valley/eventi/festa-dell-uva-mqbexr9k,,,,,
SagrafavoriteFesta dell’uva,,17 settembre - 21 settembre 2026,2026-09-17,2026-09-21,Castellarano,Emilia-Romagna,emilia-romagna,Parma e Food Valley,parma-e-food-valley,https://sagr.it/emilia-romagna/parma-e-food-valley/eventi/festa-dell-uva-mqbexp4q,,,,,
SagrafavoriteFesta del fungo e del palio del fungaiolo,,19 settembre - 21 settembre 2026,2026-09-19,2026-09-21,San Giorgio Piacentino,Emilia-Romagna,emilia-romagna,Parma e Food Valley,parma-e-food-valley,https://sagr.it/emilia-romagna/parma-e-food-valley/eventi/festa-del-fungo-e-del-palio-del-fungaiolo,,,,,
SagrafavoriteSagra dell’Uva e del Lambrusco Grasparossa,,20 settembre - 28 settembre 2026,2026-09-20,2026-09-28,Castelvetro di Modena,Emilia-Romagna,emilia-romagna,Parma e Food Valley,parma-e-food-valley,https://sagr.it/emilia-romagna/parma-e-food-valley/eventi/sagra-dell-uva-e-del-lambrusco-grasparossa,,,,,
Evento culturalefavoritePiante e Animali Perduti,,26 settembre - 27 settembre 2026,2026-09-26,2026-09-27,Guastalla,Emilia-Romagna,emilia-romagna,Parma e Food Valley,parma-e-food-valley,https://sagr.it/emilia-romagna/parma-e-food-valley/eventi/piante-e-animali-perduti,,,,,
SagrafavoriteFesta delle castagne e dei ricordi,,4 ottobre - 5 ottobre 2026,2026-10-04,2026-10-05,Castell'Arquato,Emilia-Romagna,emilia-romagna,Parma e Food Valley,parma-e-food-valley,https://sagr.it/emilia-romagna/parma-e-food-valley/eventi/festa-delle-castagne-e-dei-ricordi,,,,,
SagrafavoriteSagra della castagna e del marrone tipico,,5 ottobre - 26 ottobre 2026,2026-10-05,2026-10-26,Zocca,Emilia-Romagna,emilia-romagna,Parma e Food Valley,parma-e-food-valley,https://sagr.it/emilia-romagna/parma-e-food-valley/eventi/sagra-della-castagna-e-del-marrone-tipico,,,,,
SagrafavoriteSagra della patata,,5 ottobre - 12 ottobre 2026,2026-10-05,2026-10-12,Piandelagotti,Emilia-Romagna,emilia-romagna,Parma e Food Valley,parma-e-food-valley,https://sagr.it/emilia-romagna/parma-e-food-valley/eventi/sagra-della-patata-mqljokmz,,,,,
SagrafavoriteSagra dei Fritti,,8 ottobre - 10 ottobre 2026,2026-10-08,2026-10-10,Modena,Emilia-Romagna,emilia-romagna,Parma e Food Valley,parma-e-food-valley,https://sagr.it/emilia-romagna/parma-e-food-valley/eventi/sagra-dei-fritti,,,,,
SagrafavoriteFiera Nazionale del Tartufo Nero di Fragno,,9 ottobre - 8 novembre 2026,2026-10-09,2026-11-08,Fragno,Emilia-Romagna,emilia-romagna,Parma e Food Valley,parma-e-food-valley,https://sagr.it/emilia-romagna/parma-e-food-valley/eventi/fiera-nazionale-del-tartufo-nero-di-fragno,,,,,
SagrafavoriteFesta della castagna,,12 ottobre - 26 ottobre 2026,2026-10-12,2026-10-26,Marola,Emilia-Romagna,emilia-romagna,Parma e Food Valley,parma-e-food-valley,https://sagr.it/emilia-romagna/parma-e-food-valley/eventi/festa-della-castagna-mqljoj9r,,,,,
SagrafavoriteLa Bonissima,,16 ottobre - 18 ottobre 2026,2026-10-16,2026-10-18,Modena,Emilia-Romagna,emilia-romagna,Parma e Food Valley,parma-e-food-valley,https://sagr.it/emilia-romagna/parma-e-food-valley/eventi/la-bonissima,,,,,
SagrafavoriteSte Sroden,,17 ottobre - 18 ottobre 2026,2026-10-17,2026-10-18,Fanano,Emilia-Romagna,emilia-romagna,Parma e Food Valley,parma-e-food-valley,https://sagr.it/emilia-romagna/parma-e-food-valley/eventi/ste-sroden,,,,,
SagrafavoriteFesta d’autunno ciccioli balsamici,,25 ottobre - 26 ottobre 2026,2026-10-25,2026-10-26,Albinea,Emilia-Romagna,emilia-romagna,Parma e Food Valley,parma-e-food-valley,https://sagr.it/emilia-romagna/parma-e-food-valley/eventi/festa-d-autunno-ciccioli-balsamici,,,,,
SagrafavoriteSciocola&rsquo; &ndash; Festival del Cioccolato,,29 ottobre - 1 novembre 2026,2026-10-29,2026-11-01,Modena,Emilia-Romagna,emilia-romagna,Parma e Food Valley,parma-e-food-valley,https://sagr.it/emilia-romagna/parma-e-food-valley/eventi/sciocola-festival-del-cioccolato,,,,,
SagrafavoriteSagra del Calzagatto Maranese,,30 novembre 2026,2026-11-30,2026-11-30,Marano sul Panaro,Emilia-Romagna,emilia-romagna,Parma e Food Valley,parma-e-food-valley,https://sagr.it/emilia-romagna/parma-e-food-valley/eventi/sagra-del-calzagatto-maranese,,,,,
SagrafavoritePasta ripiena e cacciagione,,7 febbraio - 15 febbraio 2027,2027-02-07,2027-02-15,Casumaro,Emilia-Romagna,emilia-romagna,Parma e Food Valley,parma-e-food-valley,https://sagr.it/emilia-romagna/parma-e-food-valley/eventi/pasta-ripiena-e-cacciagione,,,,,
SagrafavoriteFesta della polenta,,22 febbraio 2027,2027-02-22,2027-02-22,Soragna,Emilia-Romagna,emilia-romagna,Parma e Food Valley,parma-e-food-valley,https://sagr.it/emilia-romagna/parma-e-food-valley/eventi/festa-della-polenta,,,,,
SagrafavoriteI ciccioli in piasa,,1 marzo 2027,2027-03-01,2027-03-01,San Martino in Rio,Emilia-Romagna,emilia-romagna,Parma e Food Valley,parma-e-food-valley,https://sagr.it/emilia-romagna/parma-e-food-valley/eventi/i-ciccioli-in-piasa,,,,,
Street FoodfavoriteFestival Internazionale del Cibo di Strada,,3 ottobre - 5 ottobre 2025,2025-10-03,2025-10-05,Cesena,Emilia-Romagna,emilia-romagna,Romagna,romagna,https://sagr.it/emilia-romagna/romagna/eventi/festival-internazionale-del-cibo-di-strada,,,,,
SagrafavoriteSagra della Pagnotta,,22 marzo - 29 marzo 2026,2026-03-22,2026-03-29,Sarsina,Emilia-Romagna,emilia-romagna,Romagna,romagna,https://sagr.it/emilia-romagna/romagna/eventi/sagra-della-pagnotta-mna3j4nf,,,,,
SagrafavoriteFesta del Garagolo,,6 aprile 2026,2026-04-06,2026-04-06,Santa Maria del Piano,Emilia-Romagna,emilia-romagna,Romagna,romagna,https://sagr.it/emilia-romagna/romagna/eventi/festa-del-garagolo,,,,,
Evento culturalefavoriteFesta della Primavera in Fiore,,10 aprile - 19 aprile 2026,2026-04-10,2026-04-19,Bagnacavallo,Emilia-Romagna,emilia-romagna,Romagna,romagna,https://sagr.it/emilia-romagna/romagna/eventi/festa-della-primavera-in-fiore,,,,,
FierafavoriteAgRiolo,,10 aprile - 12 aprile 2026,2026-04-10,2026-04-12,Riolo Terme,Emilia-Romagna,emilia-romagna,Romagna,romagna,https://sagr.it/emilia-romagna/romagna/eventi/agriolo,,,,,
"SagrafavoriteIo, tu e... le rosole",,10 aprile - 12 aprile 2026,2026-04-10,2026-04-12,Riccione,Emilia-Romagna,emilia-romagna,Romagna,romagna,https://sagr.it/emilia-romagna/romagna/eventi/io-tu-e-le-rosole,,,,,
Festa patronalefavoriteFesta del Falò,,11 aprile - 12 aprile 2026,2026-04-11,2026-04-12,Rocca San Casciano,Emilia-Romagna,emilia-romagna,Romagna,romagna,https://sagr.it/emilia-romagna/romagna/eventi/festa-del-falo,,,,,
SagrafavoriteFesta della spoja lorda,,19 aprile 2026,2026-04-19,2026-04-19,Brisighella,Emilia-Romagna,emilia-romagna,Romagna,romagna,https://sagr.it/emilia-romagna/romagna/eventi/festa-della-spoja-lorda,,,,,
FierafavoriteMacfrut,,21 aprile - 23 aprile 2026,2026-04-21,2026-04-23,Rimini,Emilia-Romagna,emilia-romagna,Romagna,romagna,https://sagr.it/emilia-romagna/romagna/eventi/macfrut,,,,,
SagrafavoriteAzzurro come il pesce,,24 aprile - 26 aprile 2026,2026-04-24,2026-04-26,Cesenatico,Emilia-Romagna,emilia-romagna,Romagna,romagna,https://sagr.it/emilia-romagna/romagna/eventi/azzurro-come-il-pesce,,,,,
SagrafavoriteSagra della Campagna a Pieve Cesato,,29 aprile - 3 maggio 2026,2026-04-29,2026-05-03,Faenza,Emilia-Romagna,emilia-romagna,Romagna,romagna,https://sagr.it/emilia-romagna/romagna/eventi/sagra-della-campagna-a-pieve-cesato,,,,,
SagrafavoriteSagra della Cantarella,,30 aprile - 10 maggio 2026,2026-04-30,2026-05-10,Gatteo Mare,Emilia-Romagna,emilia-romagna,Romagna,romagna,https://sagr.it/emilia-romagna/romagna/eventi/sagra-della-cantarella,,,,,
SagrafavoriteSagra della Cantarella,,30 aprile - 10 maggio 2026,2026-04-30,2026-05-10,Gatteo a Mare,Emilia-Romagna,emilia-romagna,Romagna,romagna,https://sagr.it/emilia-romagna/romagna/eventi/sagra-della-cantarella-monau8o1,,,,,
Street FoodfavoriteRavenna Truck’N Food,,30 aprile - 3 maggio 2026,2026-04-30,2026-05-03,Ravenna,Emilia-Romagna,emilia-romagna,Romagna,romagna,https://sagr.it/emilia-romagna/romagna/eventi/ravenna-truck-n-food,,,,,
SagrafavoriteSagra del Cinghiale,,2 maggio - 3 maggio 2026,2026-05-02,2026-05-03,Montiano,Emilia-Romagna,emilia-romagna,Romagna,romagna,https://sagr.it/emilia-romagna/romagna/eventi/sagra-del-cinghiale-moor2d3m,,,,,
FierafavoriteFiera di Maggio - Fiera dei Salumi e dei Formaggi,,3 maggio 2026,2026-05-03,2026-05-03,Mercato Saraceno,Emilia-Romagna,emilia-romagna,Romagna,romagna,https://sagr.it/emilia-romagna/romagna/eventi/fiera-di-maggio-fiera-dei-salumi-e-dei-formaggi,,,,,
SagrafavoriteSagra del bustreng,,8 maggio - 10 maggio 2026,2026-05-08,2026-05-10,Borghi,Emilia-Romagna,emilia-romagna,Romagna,romagna,https://sagr.it/emilia-romagna/romagna/eventi/sagra-del-bustreng,,,,,
Evento culturalefavoriteMagnalonga Mordano,,10 maggio 2026,2026-05-10,2026-05-10,Mordano,Emilia-Romagna,emilia-romagna,Romagna,romagna,https://sagr.it/emilia-romagna/romagna/eventi/magnalonga-mordano,,,,,
SagrafavoriteFesta del cinghiale,,14 maggio - 18 maggio 2026,2026-05-14,2026-05-18,Brisighella,Emilia-Romagna,emilia-romagna,Romagna,romagna,https://sagr.it/emilia-romagna/romagna/eventi/festa-del-cinghiale,,,,,
SagrafavoriteSagra della Porchetta e del Tortellino Lavezzolese,,15 maggio - 17 maggio 2026,2026-05-15,2026-05-17,Conselice,Emilia-Romagna,emilia-romagna,Romagna,romagna,https://sagr.it/emilia-romagna/romagna/eventi/sagra-della-porchetta-e-del-tortellino-lavezzolese,,,,,
SagrafavoriteSagra della porchetta e del tortellino,,15 maggio - 17 maggio 2026,2026-05-15,2026-05-17,Lavezzola,Emilia-Romagna,emilia-romagna,Romagna,romagna,https://sagr.it/emilia-romagna/romagna/eventi/sagra-della-porchetta-e-del-tortellino,,,,,
SagrafavoriteSagra del Pisello,,16 maggio - 17 maggio 2026,2026-05-16,2026-05-17,Roncofreddo,Emilia-Romagna,emilia-romagna,Romagna,romagna,https://sagr.it/emilia-romagna/romagna/eventi/sagra-del-pisello-moytm5bf,,,,,
Festa patronalefavoriteSagra di Pentecoste,,21 maggio - 25 maggio 2026,2026-05-21,2026-05-25,Castel Bolognese,Emilia-Romagna,emilia-romagna,Romagna,romagna,https://sagr.it/emilia-romagna/romagna/eventi/sagra-di-pentecoste,,,,,
Evento culturalefavoriteCervia Città Giardino,,22 maggio - 30 settembre 2026,2026-05-22,2026-09-30,Cervia,Emilia-Romagna,emilia-romagna,Romagna,romagna,https://sagr.it/emilia-romagna/romagna/eventi/cervia-citta-giardino,,,,,
SagrafavoriteMototagliatella,,22 maggio - 24 maggio 2026,2026-05-22,2026-05-24,Predappio,Emilia-Romagna,emilia-romagna,Romagna,romagna,https://sagr.it/emilia-romagna/romagna/eventi/mototagliatella,,,,,
SagrafavoriteSagra del cascione e delle erbe spontanee,,23 maggio - 24 maggio 2026,2026-05-23,2026-05-24,Novafeltria,Emilia-Romagna,emilia-romagna,Romagna,romagna,https://sagr.it/emilia-romagna/romagna/eventi/sagra-del-cascione-e-delle-erbe-spontanee,,,,,
FierafavoriteRimini Wellness,,28 maggio - 31 maggio 2026,2026-05-28,2026-05-31,Rimini,Emilia-Romagna,emilia-romagna,Romagna,romagna,https://sagr.it/emilia-romagna/romagna/eventi/rimini-wellness,,,,,
SagrafavoriteMntiano Divino,,29 maggio - 30 maggio 2026,2026-05-29,2026-05-30,Montiano,Emilia-Romagna,emilia-romagna,Romagna,romagna,https://sagr.it/emilia-romagna/romagna/eventi/mntiano-divino,,,,,
SagrafavoriteSagra delle Ciliegie,,29 maggio - 1 giugno 2026,2026-05-29,2026-06-01,Pietracuta,Emilia-Romagna,emilia-romagna,Romagna,romagna,https://sagr.it/emilia-romagna/romagna/eventi/sagra-delle-ciliegie-mongd8w7,,,,,
SagrafavoriteLa Cozza di Cervia in Festa,,30 maggio - 2 giugno 2026,2026-05-30,2026-06-02,Cervia,Emilia-Romagna,emilia-romagna,Romagna,romagna,https://sagr.it/emilia-romagna/romagna/eventi/la-cozza-di-cervia-in-festa,,,,,
SagrafavoriteSagra del Prugnolo,,30 maggio - 31 maggio 2026,2026-05-30,2026-05-31,Pennabilli,Emilia-Romagna,emilia-romagna,Romagna,romagna,https://sagr.it/emilia-romagna/romagna/eventi/sagra-del-prugnolo-mp8uzelu,,,,,
RievocazionefavoritePalio del Torrione di Bubano,,1 giugno - 30 giugno 2026,2026-06-01,2026-06-30,Bubano,Emilia-Romagna,emilia-romagna,Romagna,romagna,https://sagr.it/emilia-romagna/romagna/eventi/palio-del-torrione-di-bubano,,,,,
SagrafavoriteSagra della Ciliegia,,5 giugno - 7 giugno 2026,2026-06-05,2026-06-07,Longiano,Emilia-Romagna,emilia-romagna,Romagna,romagna,https://sagr.it/emilia-romagna/romagna/eventi/sagra-della-ciliegia-mq2z7t25,,,,,
SagrafavoriteSagra della Rana e della Polenta,,5 giugno - 14 giugno 2026,2026-06-05,2026-06-14,Forlì,Emilia-Romagna,emilia-romagna,Romagna,romagna,https://sagr.it/emilia-romagna/romagna/eventi/sagra-della-rana-e-della-polenta,,,,,
SagrafavoriteBirraFranca,,9 giugno - 13 giugno 2026,2026-06-09,2026-06-13,Forlì,Emilia-Romagna,emilia-romagna,Romagna,romagna,https://sagr.it/emilia-romagna/romagna/eventi/birrafranca,,,,,
FestivalfavoriteThe Week Cesenatico,,12 giugno - 19 luglio 2026,2026-06-12,2026-07-19,Cesenatico,Emilia-Romagna,emilia-romagna,Romagna,romagna,https://sagr.it/emilia-romagna/romagna/eventi/the-week-cesenatico,,,,,
SagrafavoriteMalt in Fossa,,12 giugno - 13 giugno 2026,2026-06-12,2026-06-13,Sogliano al Rubicone,Emilia-Romagna,emilia-romagna,Romagna,romagna,https://sagr.it/emilia-romagna/romagna/eventi/malt-in-fossa,,,,,
Evento culturalefavoriteLa Notte delle Streghe,,19 giugno - 23 giugno 2026,2026-06-19,2026-06-23,San Giovanni in Marignano,Emilia-Romagna,emilia-romagna,Romagna,romagna,https://sagr.it/emilia-romagna/romagna/eventi/la-notte-delle-streghe,,,,,
SagrafavoriteVini e Sapori in Strada,,21 giugno 2026,2026-06-21,2026-06-21,Bertinoro,Emilia-Romagna,emilia-romagna,Romagna,romagna,https://sagr.it/emilia-romagna/romagna/eventi/vini-e-sapori-in-strada,,,,,
SagrafavoriteFesta Artusiana,,27 giugno - 5 luglio 2026,2026-06-27,2026-07-05,Forlimpopoli,Emilia-Romagna,emilia-romagna,Romagna,romagna,https://sagr.it/emilia-romagna/romagna/eventi/festa-artusiana,,,,,
EventofavoritePiazze di Cinema,,3 luglio - 12 luglio 2026,2026-07-03,2026-07-12,Cesena,Emilia-Romagna,emilia-romagna,Romagna,romagna,https://sagr.it/emilia-romagna/romagna/eventi/piazze-di-cinema,,,,,
SagrafavoriteSagra dello strozzaprete,,4 luglio - 12 luglio 2026,2026-07-04,2026-07-12,Savio,Emilia-Romagna,emilia-romagna,Romagna,romagna,https://sagr.it/emilia-romagna/romagna/eventi/sagra-dello-strozzaprete,,,,,
SagrafavoriteLa Rustida,,11 luglio 2026,2026-07-11,2026-07-11,Sarsina,Emilia-Romagna,emilia-romagna,Romagna,romagna,https://sagr.it/emilia-romagna/romagna/eventi/la-rustida,,,,,
SagrafavoriteBirriAmo!,,17 luglio - 19 luglio 2026,2026-07-17,2026-07-19,Coriano,Emilia-Romagna,emilia-romagna,Romagna,romagna,https://sagr.it/emilia-romagna/romagna/eventi/birriamo,,,,,
SagrafavoriteSagra dello Scalogno di Romagna IGP,,17 luglio - 26 luglio 2026,2026-07-17,2026-07-26,Riolo Terme,Emilia-Romagna,emilia-romagna,Romagna,romagna,https://sagr.it/emilia-romagna/romagna/eventi/sagra-dello-scalogno-di-romagna-igp,,,,,
SagrafavoriteSagra del Cinghiale,,18 luglio - 19 luglio 2026,2026-07-18,2026-07-19,Pennabilli,Emilia-Romagna,emilia-romagna,Romagna,romagna,https://sagr.it/emilia-romagna/romagna/eventi/sagra-del-cinghiale-pennabilli,,,,,
SagrafavoriteFiera dello scalogno di romagna IGP,,19 luglio - 27 luglio 2026,2026-07-19,2026-07-27,Riolo Terme,Emilia-Romagna,emilia-romagna,Romagna,romagna,https://sagr.it/emilia-romagna/romagna/eventi/fiera-dello-scalogno-di-romagna-igp,,,,,
SagrafavoriteSagra della trippa e dello strozzaprete,,19 luglio - 20 luglio 2026,2026-07-19,2026-07-20,Monte Colombo-Montescudo,Emilia-Romagna,emilia-romagna,Romagna,romagna,https://sagr.it/emilia-romagna/romagna/eventi/sagra-della-trippa-e-dello-strozzaprete,,,,,
RievocazionefavoriteTradizionale Festa di Garibaldi,,1 agosto - 2 agosto 2026,2026-08-01,2026-08-02,Cesenatico,Emilia-Romagna,emilia-romagna,Romagna,romagna,https://sagr.it/emilia-romagna/romagna/eventi/tradizionale-festa-di-garibaldi,,,,,
SagrafavoriteSagra della patata e Festa degi gnocchi,,9 agosto - 10 agosto 2026,2026-08-09,2026-08-10,Montescudo,Emilia-Romagna,emilia-romagna,Romagna,romagna,https://sagr.it/emilia-romagna/romagna/eventi/sagra-della-patata-e-festa-degi-gnocchi,,,,,
Festa patronalefavoriteFesta di San Lorenzo,,10 agosto 2026,2026-08-10,2026-08-10,Cervia,Emilia-Romagna,emilia-romagna,Romagna,romagna,https://sagr.it/emilia-romagna/romagna/eventi/festa-di-san-lorenzo,,,,,
SagrafavoriteSagra del buongustaio,,18 agosto - 24 agosto 2026,2026-08-18,2026-08-24,Reda,Emilia-Romagna,emilia-romagna,Romagna,romagna,https://sagr.it/emilia-romagna/romagna/eventi/sagra-del-buongustaio,,,,,
RievocazionefavoritePalio de lo Daino,,20 agosto - 23 agosto 2026,2026-08-20,2026-08-23,Mondaino,Emilia-Romagna,emilia-romagna,Romagna,romagna,https://sagr.it/emilia-romagna/romagna/eventi/palio-de-lo-daino,,,,,
SagrafavoriteSangiovese Street,Festival,22 agosto - 23 agosto 2026,2026-08-22,2026-08-23,Coriano,Emilia-Romagna,emilia-romagna,Romagna,romagna,https://sagr.it/emilia-romagna/romagna/eventi/sangiovese-street-festival,,,,,
SagrafavoriteSapore di Sale,,4 settembre - 6 settembre 2026,2026-09-04,2026-09-06,Cervia,Emilia-Romagna,emilia-romagna,Romagna,romagna,https://sagr.it/emilia-romagna/romagna/eventi/sapore-di-sale,,,,,
SagrafavoriteSagra provinciale dell’uva,,6 settembre - 8 settembre 2026,2026-09-06,2026-09-08,Riolo Terme,Emilia-Romagna,emilia-romagna,Romagna,romagna,https://sagr.it/emilia-romagna/romagna/eventi/sagra-provinciale-dell-uva,,,,,
SagrafavoriteSagra dei fichi,,14 settembre - 15 settembre 2026,2026-09-14,2026-09-15,Monteleone di Roccafredda,Emilia-Romagna,emilia-romagna,Romagna,romagna,https://sagr.it/emilia-romagna/romagna/eventi/sagra-dei-fichi,,,,,
SagrafavoriteSagra della polenta e dei frutti del sottobosco,,14 settembre - 5 ottobre 2026,2026-09-14,2026-10-05,Perticara,Emilia-Romagna,emilia-romagna,Romagna,romagna,https://sagr.it/emilia-romagna/romagna/eventi/sagra-della-polenta-e-dei-frutti-del-sottobosco,,,,,
SagrafavoriteSagra de caplet,,19 settembre - 22 settembre 2026,2026-09-19,2026-09-22,Porto Fuori,Emilia-Romagna,emilia-romagna,Romagna,romagna,https://sagr.it/emilia-romagna/romagna/eventi/sagra-de-caplet,,,,,
SagrafavoriteSagra del Savor,,27 settembre - 28 settembre 2026,2026-09-27,2026-09-28,Montegelli,Emilia-Romagna,emilia-romagna,Romagna,romagna,https://sagr.it/emilia-romagna/romagna/eventi/sagra-del-savor,,,,,
SagrafavoriteSagra del vino romagnolo,,2 ottobre - 5 ottobre 2026,2026-10-02,2026-10-05,Cotignola,Emilia-Romagna,emilia-romagna,Romagna,romagna,https://sagr.it/emilia-romagna/romagna/eventi/sagra-del-vino-romagnolo,,,,,
SagrafavoriteTagliatella & Co.,,2 ottobre - 4 ottobre 2026,2026-10-02,2026-10-04,Cesena,Emilia-Romagna,emilia-romagna,Romagna,romagna,https://sagr.it/emilia-romagna/romagna/eventi/tagliatella-co,,,,,
SagrafavoriteFiera nazionale del Tartufo Bianco Pregiato,,4 ottobre - 1 novembre 2026,2026-10-04,2026-11-01,Sant'Agata Feltria,Emilia-Romagna,emilia-romagna,Romagna,romagna,https://sagr.it/emilia-romagna/romagna/eventi/fiera-nazionale-del-tartufo-bianco-pregiato,,,,,
SagrafavoriteSagra della castagna,,5 ottobre - 26 ottobre 2026,2026-10-05,2026-10-26,Montefiore Conca,Emilia-Romagna,emilia-romagna,Romagna,romagna,https://sagr.it/emilia-romagna/romagna/eventi/sagra-della-castagna-mqpoy45l,,,,,
FierafavoriteAnimali in,Fiera,10 ottobre - 11 ottobre 2026,2026-10-10,2026-10-11,Forlì,Emilia-Romagna,emilia-romagna,Romagna,romagna,https://sagr.it/emilia-romagna/romagna/eventi/animali-in-fiera,,,,,
SagrafavoriteFesta dei frutti dimenticati,,10 ottobre - 18 ottobre 2026,2026-10-10,2026-10-18,Casola Valsenio,Emilia-Romagna,emilia-romagna,Romagna,romagna,https://sagr.it/emilia-romagna/romagna/eventi/festa-dei-frutti-dimenticati,,,,,
SagrafavoriteSagra della zucca e dell’uva Bacarona,,10 ottobre - 11 ottobre 2026,2026-10-10,2026-10-11,Borgo Rivola,Emilia-Romagna,emilia-romagna,Romagna,romagna,https://sagr.it/emilia-romagna/romagna/eventi/sagra-della-zucca-e-dell-uva-bacarona,,,,,
SagrafavoriteFiera delle Castagne della Valmarecchia,,18 ottobre 2026,2026-10-18,2026-10-18,Talamello,Emilia-Romagna,emilia-romagna,Romagna,romagna,https://sagr.it/emilia-romagna/romagna/eventi/fiera-delle-castagne-della-valmarecchia,,,,,
SagrafavoriteSagra del tartufo,,19 ottobre - 26 ottobre 2026,2026-10-19,2026-10-26,Dovadola,Emilia-Romagna,emilia-romagna,Romagna,romagna,https://sagr.it/emilia-romagna/romagna/eventi/sagra-del-tartufo-dovadola,,,,,
MercatofavoriteFiera Vintage,,23 ottobre - 25 ottobre 2026,2026-10-23,2026-10-25,Forlì,Emilia-Romagna,emilia-romagna,Romagna,romagna,https://sagr.it/emilia-romagna/romagna/eventi/fiera-vintage,,,,,
SagrafavoriteGiovinBacco. Sangiovese in Festa,,23 ottobre - 25 ottobre 2026,2026-10-23,2026-10-25,Forlimpopoli,Emilia-Romagna,emilia-romagna,Romagna,romagna,https://sagr.it/emilia-romagna/romagna/eventi/giovinbacco-sangiovese-in-festa,,,,,
SagrafavoriteIl Pesce fa Festa,,30 ottobre - 2 novembre 2026,2026-10-30,2026-11-02,Cesenatico,Emilia-Romagna,emilia-romagna,Romagna,romagna,https://sagr.it/emilia-romagna/romagna/eventi/il-pesce-fa-festa,,,,,
SagrafavoriteSagra del Bartolaccio,,2 novembre - 9 novembre 2026,2026-11-02,2026-11-09,Tredozio,Emilia-Romagna,emilia-romagna,Romagna,romagna,https://sagr.it/emilia-romagna/romagna/eventi/sagra-del-bartolaccio,,,,,
SagrafavoriteFesta de’ Brazadèl da la Cros e vino novello,,8 novembre - 9 novembre 2026,2026-11-08,2026-11-09,Castel Bolognese,Emilia-Romagna,emilia-romagna,Romagna,romagna,https://sagr.it/emilia-romagna/romagna/eventi/festa-de-brazadel-da-la-cros-e-vino-novello,,,,,
SagrafavoriteSagra del tartufo bianco pregiato del Bidente,,9 novembre - 16 novembre 2026,2026-11-09,2026-11-16,Cusercoli,Emilia-Romagna,emilia-romagna,Romagna,romagna,https://sagr.it/emilia-romagna/romagna/eventi/sagra-del-tartufo-bianco-pregiato-del-bidente,,,,,
SagrafavoriteLa fugarena,,16 novembre 2026,2026-11-16,2026-11-16,Castrocaro,Emilia-Romagna,emilia-romagna,Romagna,romagna,https://sagr.it/emilia-romagna/romagna/eventi/la-fugarena,,,,,
SagrafavoriteNon solo kiwi,,16 novembre 2026,2026-11-16,2026-11-16,Modigliana,Emilia-Romagna,emilia-romagna,Romagna,romagna,https://sagr.it/emilia-romagna/romagna/eventi/non-solo-kiwi,,,,,
SagrafavoriteFiera del Formaggio di Fossa di Sogliano DOP,,22 novembre - 6 dicembre 2026,2026-11-22,2026-12-06,Sogliano al Rubicone,Emilia-Romagna,emilia-romagna,Romagna,romagna,https://sagr.it/emilia-romagna/romagna/eventi/fiera-del-formaggio-di-fossa-di-sogliano-dop,,,,,
SagrafavoriteFiera dell’olio d’oliva e dei prodotti autunnali,,23 novembre 2026,2026-11-23,2026-11-23,Coriano,Emilia-Romagna,emilia-romagna,Romagna,romagna,https://sagr.it/emilia-romagna/romagna/eventi/fiera-dell-olio-d-oliva-e-dei-prodotti-autunnali,,,,,
"SagrafavoriteFossa, tartufo e venere",,23 novembre - 30 novembre 2026,2026-11-23,2026-11-30,Mondaino,Emilia-Romagna,emilia-romagna,Romagna,romagna,https://sagr.it/emilia-romagna/romagna/eventi/fossa-tartufo-e-venere,,,,,
SagrafavoriteSagra del formaggio di fossa,,23 novembre - 7 dicembre 2026,2026-11-23,2026-12-07,Sogliano al Rubicone,Emilia-Romagna,emilia-romagna,Romagna,romagna,https://sagr.it/emilia-romagna/romagna/eventi/sagra-del-formaggio-di-fossa,,,,,
SagrafavoriteSua maestà il tartufo,,23 novembre 2026,2026-11-23,2026-11-23,Brisighella,Emilia-Romagna,emilia-romagna,Romagna,romagna,https://sagr.it/emilia-romagna/romagna/eventi/sua-maesta-il-tartufo,,,,,
SagrafavoriteSagra dell’ulivo e dell’olio,,30 novembre 2026,2026-11-30,2026-11-30,Brisighella,Emilia-Romagna,emilia-romagna,Romagna,romagna,https://sagr.it/emilia-romagna/romagna/eventi/sagra-dell-ulivo-e-dell-olio,,,,,
SagrafavoriteSagra del sabadone,,23 gennaio - 27 gennaio 2027,2027-01-23,2027-01-27,Massa Lombarda,Emilia-Romagna,emilia-romagna,Romagna,romagna,https://sagr.it/emilia-romagna/romagna/eventi/sagra-del-sabadone,,,,,
SagrafavoriteSagra della Seppia,,14 marzo - 22 marzo 2027,2027-03-14,2027-03-22,Cervia,Emilia-Romagna,emilia-romagna,Romagna,romagna,https://sagr.it/emilia-romagna/romagna/eventi/sagra-della-seppia,,,,,
Evento culturalefavoriteFesta della primavera in fiore,,10 aprile - 19 aprile 2027,2027-04-10,2027-04-19,Bagnacavallo,Emilia-Romagna,emilia-romagna,Romagna,romagna,https://sagr.it/emilia-romagna/romagna/eventi/festa-della-primavera-in-fiore-traversara,,,,,
Festa patronalefavoriteVermegliano di Ronchi dei Legionari (GO) – 52ª Sagra de la Cesa,,29 maggio - 14 giugno 2026,2026-05-29,2026-06-14,Ronchi dei Legionari,Friuli Venezia Giulia,friuli-venezia-giulia,Collio,collio,https://sagr.it/friuli-venezia-giulia/collio/eventi/vermegliano-di-ronchi-dei-legionari-go-52-sagra-de-la-cesa,,,,,
SagrafavoriteSagra del Coniglio,,11 giugno - 15 giugno 2026,2026-06-11,2026-06-15,Manzano,Friuli Venezia Giulia,friuli-venezia-giulia,Collio,collio,https://sagr.it/friuli-venezia-giulia/collio/eventi/sagra-del-coniglio-mq9ia038,,,,,
Festa patronalefavoriteMedea (GO) – Festa di Sant’Antonio 2026,,12 giugno - 14 giugno 2026,2026-06-12,2026-06-14,Medea,Friuli Venezia Giulia,friuli-venezia-giulia,Collio,collio,https://sagr.it/friuli-venezia-giulia/collio/eventi/medea-go-festa-di-sant-antonio-2026,,,,,
Festa patronalefavoriteSan Pier d’Isonzo (GO) – Tradizionale Sagra di San Piero,,19 giugno - 29 giugno 2026,2026-06-19,2026-06-29,San Pier d'Isonzo,Friuli Venezia Giulia,friuli-venezia-giulia,Collio,collio,https://sagr.it/friuli-venezia-giulia/collio/eventi/san-pier-d-isonzo-go-tradizionale-sagra-di-san-piero,,,,,
SagrafavoriteFiera dei Vini Corno di Rosazzo,,19 giugno - 23 giugno 2026,2026-06-19,2026-06-23,Corno di Rosazzo,Friuli Venezia Giulia,friuli-venezia-giulia,Collio,collio,https://sagr.it/friuli-venezia-giulia/collio/eventi/fiera-dei-vini-corno-di-rosazzo,,,,,
EventofavoriteVillesse (GO) – 2ª RaDoniamo,,20 giugno 2026,2026-06-20,2026-06-20,Villesse,Friuli Venezia Giulia,friuli-venezia-giulia,Collio,collio,https://sagr.it/friuli-venezia-giulia/collio/eventi/villesse-go-2-radoniamo,,,,,
FestivalfavoriteRomans d’Isonzo (GO) – Festa della Solidarietà,,2 luglio - 4 luglio 2026,2026-07-02,2026-07-04,Romans d'Isonzo,Friuli Venezia Giulia,friuli-venezia-giulia,Collio,collio,https://sagr.it/friuli-venezia-giulia/collio/eventi/romans-d-isonzo-go-festa-della-solidarieta,,,,,
SagrafavoriteGusti di frontiera,,25 settembre - 28 settembre 2026,2026-09-25,2026-09-28,Gorizia,Friuli Venezia Giulia,friuli-venezia-giulia,Collio,collio,https://sagr.it/friuli-venezia-giulia/collio/eventi/gusti-di-frontiera,,,,,
SagrafavoriteFesta dell’uva,,5 ottobre 2026,2026-10-05,2026-10-05,Savorgnano,Friuli Venezia Giulia,friuli-venezia-giulia,Collio,collio,https://sagr.it/friuli-venezia-giulia/collio/eventi/festa-dell-uva-mqljokjt,,,,,
FestivalfavoriteEin Prosit Udine,,14 ottobre - 18 ottobre 2026,2026-10-14,2026-10-18,Udine,Friuli Venezia Giulia,friuli-venezia-giulia,Collio,collio,https://sagr.it/friuli-venezia-giulia/collio/eventi/ein-prosit-udine,,,,,
SagrafavoriteFesta del Vino di Bertiolo,,14 marzo - 29 marzo 2026,2026-03-14,2026-03-29,Bertiolo,Friuli Venezia Giulia,friuli-venezia-giulia,Pordenone e Dolomiti Friulane,pordenone-e-dolomiti-friulane,https://sagr.it/friuli-venezia-giulia/pordenone-e-dolomiti-friulane/eventi/festa-del-vino-di-bertiolo,,,,,
SagrafavoriteFesta regionale del vino friulano,,14 marzo - 29 marzo 2026,2026-03-14,2026-03-29,Bertiolo,Friuli Venezia Giulia,friuli-venezia-giulia,Pordenone e Dolomiti Friulane,pordenone-e-dolomiti-friulane,https://sagr.it/friuli-venezia-giulia/pordenone-e-dolomiti-friulane/eventi/festa-regionale-del-vino-friulano,,,,,
SagrafavoriteFesta del vino,,27 marzo - 12 aprile 2026,2026-03-27,2026-04-12,San Cassiano di Livenza,Friuli Venezia Giulia,friuli-venezia-giulia,Pordenone e Dolomiti Friulane,pordenone-e-dolomiti-friulane,https://sagr.it/friuli-venezia-giulia/pordenone-e-dolomiti-friulane/eventi/festa-del-vino,,,,,
SagrafavoriteUn Biel Vivi,,10 aprile - 12 aprile 2026,2026-04-10,2026-04-12,Flaibano,Friuli Venezia Giulia,friuli-venezia-giulia,Pordenone e Dolomiti Friulane,pordenone-e-dolomiti-friulane,https://sagr.it/friuli-venezia-giulia/pordenone-e-dolomiti-friulane/eventi/un-biel-vivi,,,,,
SagrafavoriteFesta del Pestich e dei fermentati,,11 aprile - 12 aprile 2026,2026-04-11,2026-04-12,Claut,Friuli Venezia Giulia,friuli-venezia-giulia,Pordenone e Dolomiti Friulane,pordenone-e-dolomiti-friulane,https://sagr.it/friuli-venezia-giulia/pordenone-e-dolomiti-friulane/eventi/festa-del-pestich-e-dei-fermentati,,,,,
SagrafavoriteFesta del Pestith e dei Fermentati,,11 aprile - 12 aprile 2026,2026-04-11,2026-04-12,Barcis,Friuli Venezia Giulia,friuli-venezia-giulia,Pordenone e Dolomiti Friulane,pordenone-e-dolomiti-friulane,https://sagr.it/friuli-venezia-giulia/pordenone-e-dolomiti-friulane/eventi/festa-del-pestith-e-dei-fermentati,,,,,
SagrafavoriteSagra del Vino di Casarsa,,23 aprile - 4 maggio 2026,2026-04-23,2026-05-04,Casarsa della Delizia,Friuli Venezia Giulia,friuli-venezia-giulia,Pordenone e Dolomiti Friulane,pordenone-e-dolomiti-friulane,https://sagr.it/friuli-venezia-giulia/pordenone-e-dolomiti-friulane/eventi/sagra-del-vino-di-casarsa,,,,,
SagrafavoriteAsparagorgo,,24 aprile - 3 maggio 2026,2026-04-24,2026-05-03,Gorgo,Friuli Venezia Giulia,friuli-venezia-giulia,Pordenone e Dolomiti Friulane,pordenone-e-dolomiti-friulane,https://sagr.it/friuli-venezia-giulia/pordenone-e-dolomiti-friulane/eventi/asparagorgo,,,,,
SagrafavoriteFesta degli Asparagi,,25 aprile - 10 maggio 2026,2026-04-25,2026-05-10,Tavagnacco,Friuli Venezia Giulia,friuli-venezia-giulia,Pordenone e Dolomiti Friulane,pordenone-e-dolomiti-friulane,https://sagr.it/friuli-venezia-giulia/pordenone-e-dolomiti-friulane/eventi/festa-degli-asparagi-mnq776ts,,,,,
SagrafavoriteMaggio Fiaschettano,,29 aprile - 17 maggio 2026,2026-04-29,2026-05-17,Caneva,Friuli Venezia Giulia,friuli-venezia-giulia,Pordenone e Dolomiti Friulane,pordenone-e-dolomiti-friulane,https://sagr.it/friuli-venezia-giulia/pordenone-e-dolomiti-friulane/eventi/maggio-fiaschettano,,,,,
Festa patronalefavoriteFesta del Majnik,,1 maggio 2026,2026-05-01,2026-05-01,Prato di Resia,Friuli Venezia Giulia,friuli-venezia-giulia,Pordenone e Dolomiti Friulane,pordenone-e-dolomiti-friulane,https://sagr.it/friuli-venezia-giulia/pordenone-e-dolomiti-friulane/eventi/festa-del-majnik,,,,,
SagrafavoriteSagra dai Cajs,,9 maggio - 17 maggio 2026,2026-05-09,2026-05-17,Madrisio,Friuli Venezia Giulia,friuli-venezia-giulia,Pordenone e Dolomiti Friulane,pordenone-e-dolomiti-friulane,https://sagr.it/friuli-venezia-giulia/pordenone-e-dolomiti-friulane/eventi/sagra-dai-cajs,,,,,
SagrafavoriteSagra degli Asparagi a Cusano di Zoppola,,15 maggio - 24 maggio 2026,2026-05-15,2026-05-24,Cusano di Zoppola,Friuli Venezia Giulia,friuli-venezia-giulia,Pordenone e Dolomiti Friulane,pordenone-e-dolomiti-friulane,https://sagr.it/friuli-venezia-giulia/pordenone-e-dolomiti-friulane/eventi/sagra-degli-asparagi-a-cusano-di-zoppola,,,,,
SagrafavoriteSagra degli asparagi,,15 maggio - 24 maggio 2026,2026-05-15,2026-05-24,Squille,Friuli Venezia Giulia,friuli-venezia-giulia,Pordenone e Dolomiti Friulane,pordenone-e-dolomiti-friulane,https://sagr.it/friuli-venezia-giulia/pordenone-e-dolomiti-friulane/eventi/sagra-degli-asparagi,,,,,
SagrafavoriteSagra della Mussa,,15 maggio - 31 maggio 2026,2026-05-15,2026-05-31,Pasiano di Pordenone,Friuli Venezia Giulia,friuli-venezia-giulia,Pordenone e Dolomiti Friulane,pordenone-e-dolomiti-friulane,https://sagr.it/friuli-venezia-giulia/pordenone-e-dolomiti-friulane/eventi/sagra-della-mussa,,,,,
SagrafavoriteSapori Pro Loco,,16 maggio - 24 maggio 2026,2026-05-16,2026-05-24,Codroipo,Friuli Venezia Giulia,friuli-venezia-giulia,Pordenone e Dolomiti Friulane,pordenone-e-dolomiti-friulane,https://sagr.it/friuli-venezia-giulia/pordenone-e-dolomiti-friulane/eventi/sapori-pro-loco,,,,,
SagrafavoriteFesta delle erbe e dei funghi,,17 maggio 2026,2026-05-17,2026-05-17,Piano D'arta,Friuli Venezia Giulia,friuli-venezia-giulia,Pordenone e Dolomiti Friulane,pordenone-e-dolomiti-friulane,https://sagr.it/friuli-venezia-giulia/pordenone-e-dolomiti-friulane/eventi/festa-delle-erbe-e-dei-funghi,,,,,
SagrafavoriteSagra della trota di Bagnarola,,22 maggio - 7 giugno 2026,2026-05-22,2026-06-07,Sesto Al Reghena,Friuli Venezia Giulia,friuli-venezia-giulia,Pordenone e Dolomiti Friulane,pordenone-e-dolomiti-friulane,https://sagr.it/friuli-venezia-giulia/pordenone-e-dolomiti-friulane/eventi/sagra-della-trota-di-bagnarola,,,,,
SagrafavoriteSagra delle rane,,23 maggio - 1 giugno 2026,2026-05-23,2026-06-01,San Ponso,Friuli Venezia Giulia,friuli-venezia-giulia,Pordenone e Dolomiti Friulane,pordenone-e-dolomiti-friulane,https://sagr.it/friuli-venezia-giulia/pordenone-e-dolomiti-friulane/eventi/sagra-delle-rane,,,,,
Festa patronalefavoriteSant’Antonio di Porcia (PN) – Sagra di Sant’Antonio 2026,,28 maggio - 14 giugno 2026,2026-05-28,2026-06-14,Porcia,Friuli Venezia Giulia,friuli-venezia-giulia,Pordenone e Dolomiti Friulane,pordenone-e-dolomiti-friulane,https://sagr.it/friuli-venezia-giulia/pordenone-e-dolomiti-friulane/eventi/sant-antonio-di-porcia-pn-sagra-di-sant-antonio-2026,,,,,
SagrafavoriteCorva di Azzano X (PN) – Corva in Festa 2026,,31 maggio - 14 giugno 2026,2026-05-31,2026-06-14,Azzano Decimo,Friuli Venezia Giulia,friuli-venezia-giulia,Pordenone e Dolomiti Friulane,pordenone-e-dolomiti-friulane,https://sagr.it/friuli-venezia-giulia/pordenone-e-dolomiti-friulane/eventi/corva-di-azzano-x-pn-corva-in-festa-2026,,,,,
Evento culturalefavoritePasian di Prato (UD) – Festa dei Prati 2026,,5 giugno - 14 giugno 2026,2026-06-05,2026-06-14,Pasian di Prato,Friuli Venezia Giulia,friuli-venezia-giulia,Pordenone e Dolomiti Friulane,pordenone-e-dolomiti-friulane,https://sagr.it/friuli-venezia-giulia/pordenone-e-dolomiti-friulane/eventi/pasian-di-prato-ud-festa-dei-prati-2026,,,,,
Festa patronalefavoriteSan Giovanni di Casarsa (PN) – Fiesta di San Zuan,,5 giugno - 24 giugno 2026,2026-06-05,2026-06-24,Casarsa della Delizia,Friuli Venezia Giulia,friuli-venezia-giulia,Pordenone e Dolomiti Friulane,pordenone-e-dolomiti-friulane,https://sagr.it/friuli-venezia-giulia/pordenone-e-dolomiti-friulane/eventi/san-giovanni-di-casarsa-pn-fiesta-di-san-zuan,,,,,
RievocazionefavoriteCaneva (PN) – Castello in Festa 2026,,5 giugno - 14 giugno 2026,2026-06-05,2026-06-14,Caneva,Friuli Venezia Giulia,friuli-venezia-giulia,Pordenone e Dolomiti Friulane,pordenone-e-dolomiti-friulane,https://sagr.it/friuli-venezia-giulia/pordenone-e-dolomiti-friulane/eventi/caneva-pn-castello-in-festa-2026,,,,,
SagrafavoriteCecchini di Pasiano di Pordenone (PN) – Sagra di Cecchini 2026,,5 giugno - 21 giugno 2026,2026-06-05,2026-06-21,Pasiano di Pordenone,Friuli Venezia Giulia,friuli-venezia-giulia,Pordenone e Dolomiti Friulane,pordenone-e-dolomiti-friulane,https://sagr.it/friuli-venezia-giulia/pordenone-e-dolomiti-friulane/eventi/cecchini-di-pasiano-di-pordenone-pn-sagra-di-cecchini-2026,,,,,
SagrafavoriteFiestediprimevere - Sagra del Toro,,5 giugno - 14 giugno 2026,2026-06-05,2026-06-14,Monte di Buja,Friuli Venezia Giulia,friuli-venezia-giulia,Pordenone e Dolomiti Friulane,pordenone-e-dolomiti-friulane,https://sagr.it/friuli-venezia-giulia/pordenone-e-dolomiti-friulane/eventi/fiestediprimevere-sagra-del-toro,,,,,
SagrafavoriteMonte di Buja (UD) – Fiestediprimevere / Sagra del Toro 2026,,5 giugno - 14 giugno 2026,2026-06-05,2026-06-14,Monte di Buja,Friuli Venezia Giulia,friuli-venezia-giulia,Pordenone e Dolomiti Friulane,pordenone-e-dolomiti-friulane,https://sagr.it/friuli-venezia-giulia/pordenone-e-dolomiti-friulane/eventi/monte-di-buja-ud-fiestediprimevere-sagra-del-toro-2026,,,,,
SagrafavoritePorcia (PN) – 46ª Festa del Lago Burida,,5 giugno - 21 giugno 2026,2026-06-05,2026-06-21,Porcia,Friuli Venezia Giulia,friuli-venezia-giulia,Pordenone e Dolomiti Friulane,pordenone-e-dolomiti-friulane,https://sagr.it/friuli-venezia-giulia/pordenone-e-dolomiti-friulane/eventi/porcia-pn-46-festa-del-lago-burida,,,,,
SagrafavoritePordenone / Borgomeduna – Borgomeduna in Festa 2026,,5 giugno - 14 giugno 2026,2026-06-05,2026-06-14,Pordenone,Friuli Venezia Giulia,friuli-venezia-giulia,Pordenone e Dolomiti Friulane,pordenone-e-dolomiti-friulane,https://sagr.it/friuli-venezia-giulia/pordenone-e-dolomiti-friulane/eventi/pordenone-borgomeduna-borgomeduna-in-festa-2026,,,,,
Festa patronalefavoritePalazzolo dello Stella (UD) – Festeggiamenti di Sant’Antonio 2026,,6 giugno - 14 giugno 2026,2026-06-06,2026-06-14,Palazzolo dello Stella,Friuli Venezia Giulia,friuli-venezia-giulia,Pordenone e Dolomiti Friulane,pordenone-e-dolomiti-friulane,https://sagr.it/friuli-venezia-giulia/pordenone-e-dolomiti-friulane/eventi/palazzolo-dello-stella-ud-festeggiamenti-di-sant-antonio-2026,,,,,
SagrafavoriteFesta dei cjarsòns,,6 giugno - 7 giugno 2026,2026-06-06,2026-06-07,Sutrio,Friuli Venezia Giulia,friuli-venezia-giulia,Pordenone e Dolomiti Friulane,pordenone-e-dolomiti-friulane,https://sagr.it/friuli-venezia-giulia/pordenone-e-dolomiti-friulane/eventi/festa-dei-cjarsons,,,,,
SagrafavoriteSagre dai Cais,,6 giugno - 28 giugno 2026,2026-06-06,2026-06-28,Turrida,Friuli Venezia Giulia,friuli-venezia-giulia,Pordenone e Dolomiti Friulane,pordenone-e-dolomiti-friulane,https://sagr.it/friuli-venezia-giulia/pordenone-e-dolomiti-friulane/eventi/sagre-dai-cais,,,,,
SagrafavoriteZompicchia di Codroipo (UD) – Sagra di Zompicchia 2026,,6 giugno - 14 giugno 2026,2026-06-06,2026-06-14,Codroipo,Friuli Venezia Giulia,friuli-venezia-giulia,Pordenone e Dolomiti Friulane,pordenone-e-dolomiti-friulane,https://sagr.it/friuli-venezia-giulia/pordenone-e-dolomiti-friulane/eventi/zompicchia-di-codroipo-ud-sagra-di-zompicchia-2026,,,,,
EventofavoriteArtegna (UD) – Artigne in Sport,,10 giugno - 14 giugno 2026,2026-06-10,2026-06-14,Artegna,Friuli Venezia Giulia,friuli-venezia-giulia,Pordenone e Dolomiti Friulane,pordenone-e-dolomiti-friulane,https://sagr.it/friuli-venezia-giulia/pordenone-e-dolomiti-friulane/eventi/artegna-ud-artigne-in-sport,,,,,
Festa patronalefavoriteGemona del Friuli (UD) – Festa di Sant’Antonio 2026,,10 giugno - 14 giugno 2026,2026-06-10,2026-06-14,Gemona del Friuli,Friuli Venezia Giulia,friuli-venezia-giulia,Pordenone e Dolomiti Friulane,pordenone-e-dolomiti-friulane,https://sagr.it/friuli-venezia-giulia/pordenone-e-dolomiti-friulane/eventi/gemona-del-friuli-ud-festa-di-sant-antonio-2026,,,,,
Evento culturalefavoriteCampoformido (UD) – Campoformidabile 2026,,11 giugno - 14 giugno 2026,2026-06-11,2026-06-14,Campoformido,Friuli Venezia Giulia,friuli-venezia-giulia,Pordenone e Dolomiti Friulane,pordenone-e-dolomiti-friulane,https://sagr.it/friuli-venezia-giulia/pordenone-e-dolomiti-friulane/eventi/campoformido-ud-campoformidabile-2026,,,,,
Festa patronalefavoriteSan Giovanni di Polcenigo (PN) – Sagra de San Dan 2026,,11 giugno - 21 giugno 2026,2026-06-11,2026-06-21,Polcenigo,Friuli Venezia Giulia,friuli-venezia-giulia,Pordenone e Dolomiti Friulane,pordenone-e-dolomiti-friulane,https://sagr.it/friuli-venezia-giulia/pordenone-e-dolomiti-friulane/eventi/san-giovanni-di-polcenigo-pn-sagra-de-san-dan-2026,,,,,
Festa patronalefavoriteUdine / Rizzi (UD) – Fieste dai Borcs 2026,,11 giugno - 21 giugno 2026,2026-06-11,2026-06-21,Udine,Friuli Venezia Giulia,friuli-venezia-giulia,Pordenone e Dolomiti Friulane,pordenone-e-dolomiti-friulane,https://sagr.it/friuli-venezia-giulia/pordenone-e-dolomiti-friulane/eventi/udine-rizzi-ud-fieste-dai-borcs-2026,,,,,
FestivalfavoriteCamolli di Sacile (PN) – Camolli sotto le Stelle 2026,,11 giugno - 21 giugno 2026,2026-06-11,2026-06-21,Sacile,Friuli Venezia Giulia,friuli-venezia-giulia,Pordenone e Dolomiti Friulane,pordenone-e-dolomiti-friulane,https://sagr.it/friuli-venezia-giulia/pordenone-e-dolomiti-friulane/eventi/camolli-di-sacile-pn-camolli-sotto-le-stelle-2026,,,,,
SagrafavoriteCornino di Forgaria del Friuli (UD) – Trota in Festa,,11 giugno - 14 giugno 2026,2026-06-11,2026-06-14,Forgaria del Friuli,Friuli Venezia Giulia,friuli-venezia-giulia,Pordenone e Dolomiti Friulane,pordenone-e-dolomiti-friulane,https://sagr.it/friuli-venezia-giulia/pordenone-e-dolomiti-friulane/eventi/cornino-di-forgaria-del-friuli-ud-trota-in-festa,,,,,
SagrafavoriteSagra del coniglio,,11 giugno - 15 giugno 2026,2026-06-11,2026-06-15,San Nicolò,Friuli Venezia Giulia,friuli-venezia-giulia,Pordenone e Dolomiti Friulane,pordenone-e-dolomiti-friulane,https://sagr.it/friuli-venezia-giulia/pordenone-e-dolomiti-friulane/eventi/sagra-del-coniglio,,,,,
Evento culturalefavoriteCampolonghetto/Chiarmacis di Bagnaria Arsa (UD) – Il Museo delle Case Narranti,,12 giugno - 14 giugno 2026,2026-06-12,2026-06-14,Bagnaria Arsa,Friuli Venezia Giulia,friuli-venezia-giulia,Pordenone e Dolomiti Friulane,pordenone-e-dolomiti-friulane,https://sagr.it/friuli-venezia-giulia/pordenone-e-dolomiti-friulane/eventi/campolonghetto-chiarmacis-di-bagnaria-arsa-ud-il-museo-delle-case-narranti,,,,,
Evento culturalefavoritePordenone (PN) – Festa sul Nonsel 2026,,12 giugno - 14 giugno 2026,2026-06-12,2026-06-14,Pordenone,Friuli Venezia Giulia,friuli-venezia-giulia,Pordenone e Dolomiti Friulane,pordenone-e-dolomiti-friulane,https://sagr.it/friuli-venezia-giulia/pordenone-e-dolomiti-friulane/eventi/pordenone-pn-festa-sul-nonsel-2026,,,,,
Evento culturalefavoritePordenone (PN) – Vallenoncello in Festa,,12 giugno - 28 giugno 2026,2026-06-12,2026-06-28,Pordenone,Friuli Venezia Giulia,friuli-venezia-giulia,Pordenone e Dolomiti Friulane,pordenone-e-dolomiti-friulane,https://sagr.it/friuli-venezia-giulia/pordenone-e-dolomiti-friulane/eventi/pordenone-pn-vallenoncello-in-festa,,,,,
Festa patronalefavoriteBorg in Fiesta - Fiumicello Villa Vicentina,,12 giugno - 14 giugno 2026,2026-06-12,2026-06-14,Fiumicello Villa Vicentina,Friuli Venezia Giulia,friuli-venezia-giulia,Pordenone e Dolomiti Friulane,pordenone-e-dolomiti-friulane,https://sagr.it/friuli-venezia-giulia/pordenone-e-dolomiti-friulane/eventi/borg-in-fiesta-fiumicello-villa-vicentina,,,,,
Festa patronalefavoriteMoimacco (UD) – Festa di San Giovanni 2026,,12 giugno - 21 giugno 2026,2026-06-12,2026-06-21,Moimacco,Friuli Venezia Giulia,friuli-venezia-giulia,Pordenone e Dolomiti Friulane,pordenone-e-dolomiti-friulane,https://sagr.it/friuli-venezia-giulia/pordenone-e-dolomiti-friulane/eventi/moimacco-ud-festa-di-san-giovanni-2026,,,,,
Festa patronalefavoriteSclavons di Cordenons (PN) – Sagra di San Pietro 2026,,12 giugno - 29 giugno 2026,2026-06-12,2026-06-29,Cordenons,Friuli Venezia Giulia,friuli-venezia-giulia,Pordenone e Dolomiti Friulane,pordenone-e-dolomiti-friulane,https://sagr.it/friuli-venezia-giulia/pordenone-e-dolomiti-friulane/eventi/sclavons-di-cordenons-pn-sagra-di-san-pietro-2026,,,,,
FestivalfavoriteMadrisio di Fagagna (UD) – Note e Immagini in Festa,,12 giugno - 14 giugno 2026,2026-06-12,2026-06-14,Fagagna,Friuli Venezia Giulia,friuli-venezia-giulia,Pordenone e Dolomiti Friulane,pordenone-e-dolomiti-friulane,https://sagr.it/friuli-venezia-giulia/pordenone-e-dolomiti-friulane/eventi/madrisio-di-fagagna-ud-note-e-immagini-in-festa,,,,,
SagrafavoriteBertiolo (UD) – Festa della Pezzata Rossa,,12 giugno - 28 giugno 2026,2026-06-12,2026-06-28,Bertiolo,Friuli Venezia Giulia,friuli-venezia-giulia,Pordenone e Dolomiti Friulane,pordenone-e-dolomiti-friulane,https://sagr.it/friuli-venezia-giulia/pordenone-e-dolomiti-friulane/eventi/bertiolo-ud-festa-della-pezzata-rossa,,,,,
SagrafavoriteFagnigola di Azzano Decimo (PN) – 51ª Sagra del Formaggio,,12 giugno - 21 giugno 2026,2026-06-12,2026-06-21,Azzano Decimo,Friuli Venezia Giulia,friuli-venezia-giulia,Pordenone e Dolomiti Friulane,pordenone-e-dolomiti-friulane,https://sagr.it/friuli-venezia-giulia/pordenone-e-dolomiti-friulane/eventi/fagnigola-di-azzano-decimo-pn-51-sagra-del-formaggio,,,,,
SagrafavoriteFesta Siciliana,,12 giugno - 14 giugno 2026,2026-06-12,2026-06-14,Tarvisio,Friuli Venezia Giulia,friuli-venezia-giulia,Pordenone e Dolomiti Friulane,pordenone-e-dolomiti-friulane,https://sagr.it/friuli-venezia-giulia/pordenone-e-dolomiti-friulane/eventi/festa-siciliana,,,,,
SagrafavoriteFesta del vino e del pesce,,12 giugno - 14 giugno 2026,2026-06-12,2026-06-14,Monfalcone,Friuli Venezia Giulia,friuli-venezia-giulia,Pordenone e Dolomiti Friulane,pordenone-e-dolomiti-friulane,https://sagr.it/friuli-venezia-giulia/pordenone-e-dolomiti-friulane/eventi/festa-del-vino-e-del-pesce,,,,,
SagrafavoriteFesta delle Ciliegie,,12 giugno - 21 giugno 2026,2026-06-12,2026-06-21,Spilimbergo,Friuli Venezia Giulia,friuli-venezia-giulia,Pordenone e Dolomiti Friulane,pordenone-e-dolomiti-friulane,https://sagr.it/friuli-venezia-giulia/pordenone-e-dolomiti-friulane/eventi/festa-delle-ciliegie-mq9ia0r1,,,,,
SagrafavoriteLoc. Sant’Antonio di Fiumicello / Villa Vicentina (UD) – Borg in Fiesta 2026,,12 giugno - 14 giugno 2026,2026-06-12,2026-06-14,Fiumicello Villa Vicentina,Friuli Venezia Giulia,friuli-venezia-giulia,Pordenone e Dolomiti Friulane,pordenone-e-dolomiti-friulane,https://sagr.it/friuli-venezia-giulia/pordenone-e-dolomiti-friulane/eventi/loc-sant-antonio-di-fiumicello-villa-vicentina-ud-borg-in-fiesta-2026,,,,,
SagrafavoriteSagre di Vilegnove,,12 giugno - 21 giugno 2026,2026-06-12,2026-06-21,San Daniele del Friuli,Friuli Venezia Giulia,friuli-venezia-giulia,Pordenone e Dolomiti Friulane,pordenone-e-dolomiti-friulane,https://sagr.it/friuli-venezia-giulia/pordenone-e-dolomiti-friulane/eventi/sagre-di-vilegnove,,,,,
SagrafavoriteSanta Maria di Sclaunicco (UD) – 18ª Sagra dell’Olivello Spinoso,,12 giugno - 21 giugno 2026,2026-06-12,2026-06-21,Santa Maria di Sclaunicco,Friuli Venezia Giulia,friuli-venezia-giulia,Pordenone e Dolomiti Friulane,pordenone-e-dolomiti-friulane,https://sagr.it/friuli-venezia-giulia/pordenone-e-dolomiti-friulane/eventi/santa-maria-di-sclaunicco-ud-18-sagra-dell-olivello-spinoso,,,,,
Evento culturalefavoriteBorgo Novacco di Aiello del Friuli (UD) – 4ª Festa del Novacco,,13 giugno 2026,2026-06-13,2026-06-13,Aiello del Friuli,Friuli Venezia Giulia,friuli-venezia-giulia,Pordenone e Dolomiti Friulane,pordenone-e-dolomiti-friulane,https://sagr.it/friuli-venezia-giulia/pordenone-e-dolomiti-friulane/eventi/borgo-novacco-di-aiello-del-friuli-ud-4-festa-del-novacco,,,,,
FestivalfavoriteCastions di Strada (UD) – 15º Festival Internazionale delle Bande nei Borghi,,13 giugno - 14 giugno 2026,2026-06-13,2026-06-14,Castions di Strada,Friuli Venezia Giulia,friuli-venezia-giulia,Pordenone e Dolomiti Friulane,pordenone-e-dolomiti-friulane,https://sagr.it/friuli-venezia-giulia/pordenone-e-dolomiti-friulane/eventi/castions-di-strada-ud-15-festival-internazionale-delle-bande-nei-borghi,,,,,
SagrafavoriteFesta delle erbe di primavera,,13 giugno - 21 giugno 2026,2026-06-13,2026-06-21,Forni di Sopra,Friuli Venezia Giulia,friuli-venezia-giulia,Pordenone e Dolomiti Friulane,pordenone-e-dolomiti-friulane,https://sagr.it/friuli-venezia-giulia/pordenone-e-dolomiti-friulane/eventi/festa-delle-erbe-di-primavera,,,,,
SagrafavoritePorpetto (UD) – Sagra di San Giovanni 2026,,13 giugno - 21 giugno 2026,2026-06-13,2026-06-21,Porpetto,Friuli Venezia Giulia,friuli-venezia-giulia,Pordenone e Dolomiti Friulane,pordenone-e-dolomiti-friulane,https://sagr.it/friuli-venezia-giulia/pordenone-e-dolomiti-friulane/eventi/porpetto-ud-sagra-di-san-giovanni-2026,,,,,
SagrafavoriteMarano Lagunare (UD) – Sagra di San Vio 2026,,18 giugno - 21 giugno 2026,2026-06-18,2026-06-21,Marano Lagunare,Friuli Venezia Giulia,friuli-venezia-giulia,Pordenone e Dolomiti Friulane,pordenone-e-dolomiti-friulane,https://sagr.it/friuli-venezia-giulia/pordenone-e-dolomiti-friulane/eventi/marano-lagunare-ud-sagra-di-san-vio-2026,,,,,
SagrafavoritePescincanna (PN) – 50ª Sagra del Baccalà,,18 giugno - 29 giugno 2026,2026-06-18,2026-06-29,Pescincanna,Friuli Venezia Giulia,friuli-venezia-giulia,Pordenone e Dolomiti Friulane,pordenone-e-dolomiti-friulane,https://sagr.it/friuli-venezia-giulia/pordenone-e-dolomiti-friulane/eventi/pescincanna-pn-50-sagra-del-baccala,,,,,
Festa patronalefavoriteCampagnola di Gemona (UD) – Festeggiamenti di San Pietro 2026,,19 giugno - 29 giugno 2026,2026-06-19,2026-06-29,Gemona del Friuli,Friuli Venezia Giulia,friuli-venezia-giulia,Pordenone e Dolomiti Friulane,pordenone-e-dolomiti-friulane,https://sagr.it/friuli-venezia-giulia/pordenone-e-dolomiti-friulane/eventi/campagnola-di-gemona-ud-festeggiamenti-di-san-pietro-2026,,,,,
Festa patronalefavoriteRomans di Varmo (UD) – Sagra di San Pietro 2026,,19 giugno - 29 giugno 2026,2026-06-19,2026-06-29,Romans di Varmo,Friuli Venezia Giulia,friuli-venezia-giulia,Pordenone e Dolomiti Friulane,pordenone-e-dolomiti-friulane,https://sagr.it/friuli-venezia-giulia/pordenone-e-dolomiti-friulane/eventi/romans-di-varmo-ud-sagra-di-san-pietro-2026,,,,,
Festa patronalefavoriteSan Vito di Fagagna (UD) – Sagra di Sant’Antonio,,19 giugno - 21 giugno 2026,2026-06-19,2026-06-21,San Vito di Fagagna,Friuli Venezia Giulia,friuli-venezia-giulia,Pordenone e Dolomiti Friulane,pordenone-e-dolomiti-friulane,https://sagr.it/friuli-venezia-giulia/pordenone-e-dolomiti-friulane/eventi/san-vito-di-fagagna-ud-sagra-di-sant-antonio,,,,,
Festa patronalefavoriteTarcento (UD) – Festa di San Pietro e della Ciliegia Duracina,,19 giugno - 28 giugno 2026,2026-06-19,2026-06-28,Tarcento,Friuli Venezia Giulia,friuli-venezia-giulia,Pordenone e Dolomiti Friulane,pordenone-e-dolomiti-friulane,https://sagr.it/friuli-venezia-giulia/pordenone-e-dolomiti-friulane/eventi/tarcento-ud-festa-di-san-pietro-e-della-ciliegia-duracina,,,,,
FestivalfavoriteBonzicco di Dignano (UD) – Festa di Inizio Estate in Piazza,,19 giugno - 28 giugno 2026,2026-06-19,2026-06-28,Dignano,Friuli Venezia Giulia,friuli-venezia-giulia,Pordenone e Dolomiti Friulane,pordenone-e-dolomiti-friulane,https://sagr.it/friuli-venezia-giulia/pordenone-e-dolomiti-friulane/eventi/bonzicco-di-dignano-ud-festa-di-inizio-estate-in-piazza,,,,,
FestivalfavoriteRuda (UD) – 38º Bintars Motor Group,,19 giugno - 20 giugno 2026,2026-06-19,2026-06-20,Ruda,Friuli Venezia Giulia,friuli-venezia-giulia,Pordenone e Dolomiti Friulane,pordenone-e-dolomiti-friulane,https://sagr.it/friuli-venezia-giulia/pordenone-e-dolomiti-friulane/eventi/ruda-ud-38-bintars-motor-group,,,,,
FierafavoriteCorno di Rosazzo (UD) – 55ª Fiera dei Vini,,19 giugno - 23 giugno 2026,2026-06-19,2026-06-23,Corno di Rosazzo,Friuli Venezia Giulia,friuli-venezia-giulia,Pordenone e Dolomiti Friulane,pordenone-e-dolomiti-friulane,https://sagr.it/friuli-venezia-giulia/pordenone-e-dolomiti-friulane/eventi/corno-di-rosazzo-ud-55-fiera-dei-vini,,,,,
SagrafavoriteCrauglio di San Vito al Torre (UD) – Crauglio Birreria,,19 giugno - 20 giugno 2026,2026-06-19,2026-06-20,San Vito al Torre,Friuli Venezia Giulia,friuli-venezia-giulia,Pordenone e Dolomiti Friulane,pordenone-e-dolomiti-friulane,https://sagr.it/friuli-venezia-giulia/pordenone-e-dolomiti-friulane/eventi/crauglio-di-san-vito-al-torre-ud-crauglio-birreria,,,,,
SagrafavoriteSaletto di Morsano al Tagliamento (PN) – Sagra di San Pietro e dei Gamberi,,19 giugno - 5 luglio 2026,2026-06-19,2026-07-05,Morsano al Tagliamento,Friuli Venezia Giulia,friuli-venezia-giulia,Pordenone e Dolomiti Friulane,pordenone-e-dolomiti-friulane,https://sagr.it/friuli-venezia-giulia/pordenone-e-dolomiti-friulane/eventi/saletto-di-morsano-al-tagliamento-pn-sagra-di-san-pietro-e-dei-gamberi,,,,,
SagrafavoriteStevenà di Caneva (PN) – 3° Festival delle Specialità Friulane,,19 giugno - 20 giugno 2026,2026-06-19,2026-06-20,Caneva,Friuli Venezia Giulia,friuli-venezia-giulia,Pordenone e Dolomiti Friulane,pordenone-e-dolomiti-friulane,https://sagr.it/friuli-venezia-giulia/pordenone-e-dolomiti-friulane/eventi/stevena-di-caneva-pn-3-festival-delle-specialita-friulane,,,,,
Festa patronalefavoriteBarcis (PN) – Festa di San Giovanni,,20 giugno - 21 giugno 2026,2026-06-20,2026-06-21,Barcis,Friuli Venezia Giulia,friuli-venezia-giulia,Pordenone e Dolomiti Friulane,pordenone-e-dolomiti-friulane,https://sagr.it/friuli-venezia-giulia/pordenone-e-dolomiti-friulane/eventi/barcis-pn-festa-di-san-giovanni,,,,,
Festa patronalefavoriteLovaria di Pradamano (UD)- Festa di San Giovanni,,20 giugno 2026,2026-06-20,2026-06-20,Lovaria,Friuli Venezia Giulia,friuli-venezia-giulia,Pordenone e Dolomiti Friulane,pordenone-e-dolomiti-friulane,https://sagr.it/friuli-venezia-giulia/pordenone-e-dolomiti-friulane/eventi/lovaria-di-pradamano-ud-festa-di-san-giovanni,,,,,
Festa patronalefavoriteMuina di Ovaro (UD) – Sagra di San Luigi 2026,,20 giugno - 21 giugno 2026,2026-06-20,2026-06-21,Ovaro,Friuli Venezia Giulia,friuli-venezia-giulia,Pordenone e Dolomiti Friulane,pordenone-e-dolomiti-friulane,https://sagr.it/friuli-venezia-giulia/pordenone-e-dolomiti-friulane/eventi/muina-di-ovaro-ud-sagra-di-san-luigi-2026,,,,,
SagrafavoriteCiconicco di Fagagna (UD) – 13ª Festa Ator par i Curtii,,20 giugno 2026,2026-06-20,2026-06-20,Fagagna,Friuli Venezia Giulia,friuli-venezia-giulia,Pordenone e Dolomiti Friulane,pordenone-e-dolomiti-friulane,https://sagr.it/friuli-venezia-giulia/pordenone-e-dolomiti-friulane/eventi/ciconicco-di-fagagna-ud-13-festa-ator-par-i-curtii,,,,,
Festa patronalefavoritePaularo (UD) – Festa di San Vito Modesto e Crescenzia,,21 giugno 2026,2026-06-21,2026-06-21,Paularo,Friuli Venezia Giulia,friuli-venezia-giulia,Pordenone e Dolomiti Friulane,pordenone-e-dolomiti-friulane,https://sagr.it/friuli-venezia-giulia/pordenone-e-dolomiti-friulane/eventi/paularo-ud-festa-di-san-vito-modesto-e-crescenzia,,,,,
Evento culturalefavoriteMasseris di Savogna (UD) – Kries di San Giovanni,,23 giugno 2026,2026-06-23,2026-06-23,San Pietro al Natisone,Friuli Venezia Giulia,friuli-venezia-giulia,Pordenone e Dolomiti Friulane,pordenone-e-dolomiti-friulane,https://sagr.it/friuli-venezia-giulia/pordenone-e-dolomiti-friulane/eventi/masseris-di-savogna-ud-kries-di-san-giovanni,,,,,
Evento culturalefavoriteCercivento (UD) – Jerbas e Tradision,,24 giugno - 28 giugno 2026,2026-06-24,2026-06-28,Cercivento,Friuli Venezia Giulia,friuli-venezia-giulia,Pordenone e Dolomiti Friulane,pordenone-e-dolomiti-friulane,https://sagr.it/friuli-venezia-giulia/pordenone-e-dolomiti-friulane/eventi/cercivento-ud-jerbas-e-tradision,,,,,
FestivalfavoriteFagagna (UD) – Festa della Banda 2026,,25 giugno - 28 giugno 2026,2026-06-25,2026-06-28,Fagagna,Friuli Venezia Giulia,friuli-venezia-giulia,Pordenone e Dolomiti Friulane,pordenone-e-dolomiti-friulane,https://sagr.it/friuli-venezia-giulia/pordenone-e-dolomiti-friulane/eventi/fagagna-ud-festa-della-banda-2026,,,,,
RievocazionefavoriteVillanova di San Giorgio di Nogaro (UD) – 25ª Batelade di Vilegnove,,25 giugno - 27 giugno 2026,2026-06-25,2026-06-27,Villanova di San Giorgio di Nogaro,Friuli Venezia Giulia,friuli-venezia-giulia,Pordenone e Dolomiti Friulane,pordenone-e-dolomiti-friulane,https://sagr.it/friuli-venezia-giulia/pordenone-e-dolomiti-friulane/eventi/villanova-di-san-giorgio-di-nogaro-ud-25-batelade-di-vilegnove,,,,,
SagrafavoriteAzzano Decimo (PN) – 21ª Sagra dei Gnocchi,,25 giugno - 29 giugno 2026,2026-06-25,2026-06-29,Azzano Decimo,Friuli Venezia Giulia,friuli-venezia-giulia,Pordenone e Dolomiti Friulane,pordenone-e-dolomiti-friulane,https://sagr.it/friuli-venezia-giulia/pordenone-e-dolomiti-friulane/eventi/azzano-decimo-pn-21-sagra-dei-gnocchi,,,,,
SagrafavoriteBetania di Tolmezzo (UD) – 38ª Sagra di Betania,,25 giugno - 28 giugno 2026,2026-06-25,2026-06-28,Tolmezzo,Friuli Venezia Giulia,friuli-venezia-giulia,Pordenone e Dolomiti Friulane,pordenone-e-dolomiti-friulane,https://sagr.it/friuli-venezia-giulia/pordenone-e-dolomiti-friulane/eventi/betania-di-tolmezzo-ud-38-sagra-di-betania,,,,,
SagrafavoriteMaron di Brugnera (PN) – 45ª Sagra de Maron,,25 giugno - 6 luglio 2026,2026-06-25,2026-07-06,Brugnera,Friuli Venezia Giulia,friuli-venezia-giulia,Pordenone e Dolomiti Friulane,pordenone-e-dolomiti-friulane,https://sagr.it/friuli-venezia-giulia/pordenone-e-dolomiti-friulane/eventi/maron-di-brugnera-pn-45-sagra-de-maron,,,,,
SagrafavoriteRivarotta di Pasiano (PN) – 8ª Festa della Birra,,25 giugno - 5 luglio 2026,2026-06-25,2026-07-05,Pasiano di Pordenone,Friuli Venezia Giulia,friuli-venezia-giulia,Pordenone e Dolomiti Friulane,pordenone-e-dolomiti-friulane,https://sagr.it/friuli-venezia-giulia/pordenone-e-dolomiti-friulane/eventi/rivarotta-di-pasiano-pn-8-festa-della-birra,,,,,
EventofavoritePremariacco (UD) – 26° Bad Boys Ovunque,,26 giugno - 28 giugno 2026,2026-06-26,2026-06-28,Premariacco,Friuli Venezia Giulia,friuli-venezia-giulia,Pordenone e Dolomiti Friulane,pordenone-e-dolomiti-friulane,https://sagr.it/friuli-venezia-giulia/pordenone-e-dolomiti-friulane/eventi/premariacco-ud-26-bad-boys-ovunque,,,,,
Festa patronalefavoriteManiagolibero di Maniago (PN) – Feston 2026,,26 giugno - 28 giugno 2026,2026-06-26,2026-06-28,Maniago,Friuli Venezia Giulia,friuli-venezia-giulia,Pordenone e Dolomiti Friulane,pordenone-e-dolomiti-friulane,https://sagr.it/friuli-venezia-giulia/pordenone-e-dolomiti-friulane/eventi/maniagolibero-di-maniago-pn-feston-2026,,,,,
Festa patronalefavoriteTarvisio (UD) – Tradizionale Festa dei SS. Pietro e Paolo,,26 giugno - 29 giugno 2026,2026-06-26,2026-06-29,Tarvisio,Friuli Venezia Giulia,friuli-venezia-giulia,Pordenone e Dolomiti Friulane,pordenone-e-dolomiti-friulane,https://sagr.it/friuli-venezia-giulia/pordenone-e-dolomiti-friulane/eventi/tarvisio-ud-tradizionale-festa-dei-ss-pietro-e-paolo,,,,,
FestivalfavoriteBordano (UD) – FiEstate 2026,,26 giugno - 28 giugno 2026,2026-06-26,2026-06-28,Bordano,Friuli Venezia Giulia,friuli-venezia-giulia,Pordenone e Dolomiti Friulane,pordenone-e-dolomiti-friulane,https://sagr.it/friuli-venezia-giulia/pordenone-e-dolomiti-friulane/eventi/bordano-ud-fiestate-2026,,,,,
SagrafavoriteAgorà - la Grecia sotto le Stelle,,26 giugno - 28 giugno 2026,2026-06-26,2026-06-28,Cervignano del Friuli,Friuli Venezia Giulia,friuli-venezia-giulia,Pordenone e Dolomiti Friulane,pordenone-e-dolomiti-friulane,https://sagr.it/friuli-venezia-giulia/pordenone-e-dolomiti-friulane/eventi/agora-la-grecia-sotto-le-stelle,,,,,
SagrafavoriteCastello di Aviano (PN) – Sagra di Castello di Aviano,,26 giugno - 5 luglio 2026,2026-06-26,2026-07-05,Aviano,Friuli Venezia Giulia,friuli-venezia-giulia,Pordenone e Dolomiti Friulane,pordenone-e-dolomiti-friulane,https://sagr.it/friuli-venezia-giulia/pordenone-e-dolomiti-friulane/eventi/castello-di-aviano-pn-sagra-di-castello-di-aviano,,,,,
SagrafavoriteColugna di Tavagnacco (UD) – Colugna Festa d’Estate 2026,,26 giugno - 28 giugno 2026,2026-06-26,2026-06-28,Tavagnacco,Friuli Venezia Giulia,friuli-venezia-giulia,Pordenone e Dolomiti Friulane,pordenone-e-dolomiti-friulane,https://sagr.it/friuli-venezia-giulia/pordenone-e-dolomiti-friulane/eventi/colugna-di-tavagnacco-ud-colugna-festa-d-estate-2026,,,,,
SagrafavoriteFrattina di Pravisdomini (PN) – 45ª Festa tra il Verde,,26 giugno - 5 luglio 2026,2026-06-26,2026-07-05,Pravisdomini,Friuli Venezia Giulia,friuli-venezia-giulia,Pordenone e Dolomiti Friulane,pordenone-e-dolomiti-friulane,https://sagr.it/friuli-venezia-giulia/pordenone-e-dolomiti-friulane/eventi/frattina-di-pravisdomini-pn-45-festa-tra-il-verde,,,,,
SagrafavoriteRuda (UD) – Cros in,Sagra,26 giugno - 28 giugno 2026,2026-06-26,2026-06-28,Ruda,Friuli Venezia Giulia,friuli-venezia-giulia,Pordenone e Dolomiti Friulane,pordenone-e-dolomiti-friulane,https://sagr.it/friuli-venezia-giulia/pordenone-e-dolomiti-friulane/eventi/ruda-ud-cros-in-sagra,,,,,
SagrafavoriteSagra delle Fragole e dei Lamponi,,26 giugno - 5 luglio 2026,2026-06-26,2026-07-05,Attimis,Friuli Venezia Giulia,friuli-venezia-giulia,Pordenone e Dolomiti Friulane,pordenone-e-dolomiti-friulane,https://sagr.it/friuli-venezia-giulia/pordenone-e-dolomiti-friulane/eventi/sagra-delle-fragole-e-dei-lamponi,,,,,
SagrafavoriteStalis di Gemona del Friuli (UD) – Fieste da Madone da Pâs,,26 giugno - 5 luglio 2026,2026-06-26,2026-07-05,Gemona del Friuli,Friuli Venezia Giulia,friuli-venezia-giulia,Pordenone e Dolomiti Friulane,pordenone-e-dolomiti-friulane,https://sagr.it/friuli-venezia-giulia/pordenone-e-dolomiti-friulane/eventi/stalis-di-gemona-del-friuli-ud-fieste-da-madone-da-pas,,,,,
Festa patronalefavoriteAmpezzo (UD) – Festa di San Pietro e Paolo,,27 giugno - 28 giugno 2026,2026-06-27,2026-06-28,Ampezzo,Friuli Venezia Giulia,friuli-venezia-giulia,Pordenone e Dolomiti Friulane,pordenone-e-dolomiti-friulane,https://sagr.it/friuli-venezia-giulia/pordenone-e-dolomiti-friulane/eventi/ampezzo-ud-festa-di-san-pietro-e-paolo,,,,,
Festa patronalefavoriteDolegnano di San Giovanni al Natisone (UD) – 114ª Festeggiamenti di San Pietro,,27 giugno - 29 giugno 2026,2026-06-27,2026-06-29,San Giovanni al Natisone,Friuli Venezia Giulia,friuli-venezia-giulia,Pordenone e Dolomiti Friulane,pordenone-e-dolomiti-friulane,https://sagr.it/friuli-venezia-giulia/pordenone-e-dolomiti-friulane/eventi/dolegnano-di-san-giovanni-al-natisone-ud-114-festeggiamenti-di-san-pietro,,,,,
Festa patronalefavoriteRaccolana di Chiusaforte (UD) – Festa di San Pietro e Paolo,,27 giugno - 28 giugno 2026,2026-06-27,2026-06-28,Chiusaforte,Friuli Venezia Giulia,friuli-venezia-giulia,Pordenone e Dolomiti Friulane,pordenone-e-dolomiti-friulane,https://sagr.it/friuli-venezia-giulia/pordenone-e-dolomiti-friulane/eventi/raccolana-di-chiusaforte-ud-festa-di-san-pietro-e-paolo,,,,,
Festa patronalefavoriteSan Pietro al Natisone (UD) – Festeggiamenti per San Pietro e Paolo,,27 giugno - 28 giugno 2026,2026-06-27,2026-06-28,San Pietro al Natisone,Friuli Venezia Giulia,friuli-venezia-giulia,Pordenone e Dolomiti Friulane,pordenone-e-dolomiti-friulane,https://sagr.it/friuli-venezia-giulia/pordenone-e-dolomiti-friulane/eventi/san-pietro-al-natisone-ud-festeggiamenti-per-san-pietro-e-paolo,,,,,
Festa patronalefavoriteTerzo d’Aquileia (UD) – Sagra di San Pieri 2026,,27 giugno - 29 giugno 2026,2026-06-27,2026-06-29,Terzo d'Aquileia,Friuli Venezia Giulia,friuli-venezia-giulia,Pordenone e Dolomiti Friulane,pordenone-e-dolomiti-friulane,https://sagr.it/friuli-venezia-giulia/pordenone-e-dolomiti-friulane/eventi/terzo-d-aquileia-ud-sagra-di-san-pieri-2026,,,,,
Festa patronalefavoriteTrasaghis (UD) – Fûc di San Pieri,,27 giugno 2026,2026-06-27,2026-06-27,Trasaghis,Friuli Venezia Giulia,friuli-venezia-giulia,Pordenone e Dolomiti Friulane,pordenone-e-dolomiti-friulane,https://sagr.it/friuli-venezia-giulia/pordenone-e-dolomiti-friulane/eventi/trasaghis-ud-fuc-di-san-pieri,,,,,
FestivalfavoriteBrazzacco (UD) – 51ª Festa al Forte 2026,,27 giugno - 13 luglio 2026,2026-06-27,2026-07-13,Brazzacco,Friuli Venezia Giulia,friuli-venezia-giulia,Pordenone e Dolomiti Friulane,pordenone-e-dolomiti-friulane,https://sagr.it/friuli-venezia-giulia/pordenone-e-dolomiti-friulane/eventi/brazzacco-ud-51-festa-al-forte-2026,,,,,
RievocazionefavoriteGniva di Resia (UD) – Kriss 2026,,27 giugno 2026,2026-06-27,2026-06-27,Resia,Friuli Venezia Giulia,friuli-venezia-giulia,Pordenone e Dolomiti Friulane,pordenone-e-dolomiti-friulane,https://sagr.it/friuli-venezia-giulia/pordenone-e-dolomiti-friulane/eventi/gniva-di-resia-ud-kriss-2026,,,,,
SagrafavoriteFesta al Forte,,27 giugno - 13 luglio 2026,2026-06-27,2026-07-13,Brazzacco,Friuli Venezia Giulia,friuli-venezia-giulia,Pordenone e Dolomiti Friulane,pordenone-e-dolomiti-friulane,https://sagr.it/friuli-venezia-giulia/pordenone-e-dolomiti-friulane/eventi/festa-al-forte,,,,,
SagrafavoriteFieste dai Croz,,27 giugno - 12 luglio 2026,2026-06-27,2026-07-12,Bueriis,Friuli Venezia Giulia,friuli-venezia-giulia,Pordenone e Dolomiti Friulane,pordenone-e-dolomiti-friulane,https://sagr.it/friuli-venezia-giulia/pordenone-e-dolomiti-friulane/eventi/fieste-dai-croz,,,,,
SagrafavoriteFlambruzzo di Rivignano / Teor (UD) – Sagre dai Emui 2026,,27 giugno - 5 luglio 2026,2026-06-27,2026-07-05,Flambruzzo,Friuli Venezia Giulia,friuli-venezia-giulia,Pordenone e Dolomiti Friulane,pordenone-e-dolomiti-friulane,https://sagr.it/friuli-venezia-giulia/pordenone-e-dolomiti-friulane/eventi/flambruzzo-di-rivignano-teor-ud-sagre-dai-emui-2026,,,,,
SagrafavoriteSagra delle Rane – Fieste dai Croz,,27 giugno - 12 luglio 2026,2026-06-27,2026-07-12,Bueriis,Friuli Venezia Giulia,friuli-venezia-giulia,Pordenone e Dolomiti Friulane,pordenone-e-dolomiti-friulane,https://sagr.it/friuli-venezia-giulia/pordenone-e-dolomiti-friulane/eventi/sagra-delle-rane-fieste-dai-croz,,,,,
Evento culturalefavoriteStavoli di Moggio Udinese (UD) – 33ª Festa a Stavoli,,28 giugno 2026,2026-06-28,2026-06-28,Moggio Udinese,Friuli Venezia Giulia,friuli-venezia-giulia,Pordenone e Dolomiti Friulane,pordenone-e-dolomiti-friulane,https://sagr.it/friuli-venezia-giulia/pordenone-e-dolomiti-friulane/eventi/stavoli-di-moggio-udinese-ud-33-festa-a-stavoli,,,,,
Festa patronalefavoriteSan Pietro di Ragogna (UD) – Festa di San Pietro,,28 giugno 2026,2026-06-28,2026-06-28,San Pietro di Ragogna,Friuli Venezia Giulia,friuli-venezia-giulia,Pordenone e Dolomiti Friulane,pordenone-e-dolomiti-friulane,https://sagr.it/friuli-venezia-giulia/pordenone-e-dolomiti-friulane/eventi/san-pietro-di-ragogna-ud-festa-di-san-pietro,,,,,
SagrafavoriteTrivignano Udinese (UD) – Cais non Stop,,28 giugno 2026,2026-06-28,2026-06-28,Trivignano Udinese,Friuli Venezia Giulia,friuli-venezia-giulia,Pordenone e Dolomiti Friulane,pordenone-e-dolomiti-friulane,https://sagr.it/friuli-venezia-giulia/pordenone-e-dolomiti-friulane/eventi/trivignano-udinese-ud-cais-non-stop,,,,,
Evento culturalefavoriteMadrisio di Fagagna (UD) – Fieste Sot dal Morâr 2026,,2 luglio - 5 luglio 2026,2026-07-02,2026-07-05,Fagagna,Friuli Venezia Giulia,friuli-venezia-giulia,Pordenone e Dolomiti Friulane,pordenone-e-dolomiti-friulane,https://sagr.it/friuli-venezia-giulia/pordenone-e-dolomiti-friulane/eventi/madrisio-di-fagagna-ud-fieste-sot-dal-morar-2026,,,,,
FestivalfavoriteUdin&Jazz,,2 luglio - 18 luglio 2026,2026-07-02,2026-07-18,Udine,Friuli Venezia Giulia,friuli-venezia-giulia,Pordenone e Dolomiti Friulane,pordenone-e-dolomiti-friulane,https://sagr.it/friuli-venezia-giulia/pordenone-e-dolomiti-friulane/eventi/udin-jazz,,,,,
SagrafavoriteLumignacco di Pavia di Udine (UD) – Fieste dal Paîs 2026,,2 luglio - 6 luglio 2026,2026-07-02,2026-07-06,Pavia di Udine,Friuli Venezia Giulia,friuli-venezia-giulia,Pordenone e Dolomiti Friulane,pordenone-e-dolomiti-friulane,https://sagr.it/friuli-venezia-giulia/pordenone-e-dolomiti-friulane/eventi/lumignacco-di-pavia-di-udine-ud-fieste-dal-pais-2026,,,,,
SagrafavoriteOrcenico Superiore di Zoppola (PN) – Sagra dei Gamberi,,2 luglio - 12 luglio 2026,2026-07-02,2026-07-12,Zoppola,Friuli Venezia Giulia,friuli-venezia-giulia,Pordenone e Dolomiti Friulane,pordenone-e-dolomiti-friulane,https://sagr.it/friuli-venezia-giulia/pordenone-e-dolomiti-friulane/eventi/orcenico-superiore-di-zoppola-pn-sagra-dei-gamberi,,,,,
SagrafavoriteSagra dei Gamberi Orcenico Superiore,,2 luglio - 12 luglio 2026,2026-07-02,2026-07-12,Zoppola,Friuli Venezia Giulia,friuli-venezia-giulia,Pordenone e Dolomiti Friulane,pordenone-e-dolomiti-friulane,https://sagr.it/friuli-venezia-giulia/pordenone-e-dolomiti-friulane/eventi/sagra-dei-gamberi-orcenico-superiore,,,,,
Evento culturalefavoriteFarla di Majano (UD) – Farle d’Estat 2026,,3 luglio - 12 luglio 2026,2026-07-03,2026-07-12,Majano,Friuli Venezia Giulia,friuli-venezia-giulia,Pordenone e Dolomiti Friulane,pordenone-e-dolomiti-friulane,https://sagr.it/friuli-venezia-giulia/pordenone-e-dolomiti-friulane/eventi/farla-di-majano-ud-farle-d-estat-2026,,,,,
Evento culturalefavoriteVito D’Asio (PN) – 3ª Vito D’asio in Festa,,3 luglio - 5 luglio 2026,2026-07-03,2026-07-05,Vito d'Asio,Friuli Venezia Giulia,friuli-venezia-giulia,Pordenone e Dolomiti Friulane,pordenone-e-dolomiti-friulane,https://sagr.it/friuli-venezia-giulia/pordenone-e-dolomiti-friulane/eventi/vito-d-asio-pn-3-vito-d-asio-in-festa,,,,,
Festa patronalefavoritePalse di Porcia (PN) – Luglio Palsese 2026,,3 luglio - 12 luglio 2026,2026-07-03,2026-07-12,Porcia,Friuli Venezia Giulia,friuli-venezia-giulia,Pordenone e Dolomiti Friulane,pordenone-e-dolomiti-friulane,https://sagr.it/friuli-venezia-giulia/pordenone-e-dolomiti-friulane/eventi/palse-di-porcia-pn-luglio-palsese-2026,,,,,
Festa patronalefavoritePremariacco (UD) – Festa di Santa Filomena 2026,,3 luglio - 5 luglio 2026,2026-07-03,2026-07-05,Premariacco,Friuli Venezia Giulia,friuli-venezia-giulia,Pordenone e Dolomiti Friulane,pordenone-e-dolomiti-friulane,https://sagr.it/friuli-venezia-giulia/pordenone-e-dolomiti-friulane/eventi/premariacco-ud-festa-di-santa-filomena-2026,,,,,
FestivalfavoriteTeôr di Rivignano/Teôr (UD)- 18º Green Volley,,3 luglio - 5 luglio 2026,2026-07-03,2026-07-05,Rivignano Teor,Friuli Venezia Giulia,friuli-venezia-giulia,Pordenone e Dolomiti Friulane,pordenone-e-dolomiti-friulane,https://sagr.it/friuli-venezia-giulia/pordenone-e-dolomiti-friulane/eventi/teor-di-rivignano-teor-ud-18-green-volley,,,,,
SagrafavoriteCoseanetto di Coseano(UD) – Coseanet in Blave,,3 luglio - 5 luglio 2026,2026-07-03,2026-07-05,Coseano,Friuli Venezia Giulia,friuli-venezia-giulia,Pordenone e Dolomiti Friulane,pordenone-e-dolomiti-friulane,https://sagr.it/friuli-venezia-giulia/pordenone-e-dolomiti-friulane/eventi/coseanetto-di-coseano-ud-coseanet-in-blave,,,,,
SagrafavoriteFestival della Birra,,3 luglio - 12 luglio 2026,2026-07-03,2026-07-12,Dignano,Friuli Venezia Giulia,friuli-venezia-giulia,Pordenone e Dolomiti Friulane,pordenone-e-dolomiti-friulane,https://sagr.it/friuli-venezia-giulia/pordenone-e-dolomiti-friulane/eventi/festival-della-birra,,,,,
SagrafavoriteMalborghetto (UD) – Sagra di Malborghetto 2026,,3 luglio - 5 luglio 2026,2026-07-03,2026-07-05,Malborghetto,Friuli Venezia Giulia,friuli-venezia-giulia,Pordenone e Dolomiti Friulane,pordenone-e-dolomiti-friulane,https://sagr.it/friuli-venezia-giulia/pordenone-e-dolomiti-friulane/eventi/malborghetto-ud-sagra-di-malborghetto-2026,,,,,
SagrafavoriteOntagnano di Gonars (UD) – Sagre di Ontagnan,,3 luglio - 5 luglio 2026,2026-07-03,2026-07-05,Gonars,Friuli Venezia Giulia,friuli-venezia-giulia,Pordenone e Dolomiti Friulane,pordenone-e-dolomiti-friulane,https://sagr.it/friuli-venezia-giulia/pordenone-e-dolomiti-friulane/eventi/ontagnano-di-gonars-ud-sagre-di-ontagnan,,,,,
SagrafavoriteSomplago (UD) – Festa del Pesce 2026,,3 luglio - 5 luglio 2026,2026-07-03,2026-07-05,Somplago,Friuli Venezia Giulia,friuli-venezia-giulia,Pordenone e Dolomiti Friulane,pordenone-e-dolomiti-friulane,https://sagr.it/friuli-venezia-giulia/pordenone-e-dolomiti-friulane/eventi/somplago-ud-festa-del-pesce-2026,,,,,
Festa patronalefavoriteChievolis di Tramonti di Sopra (PN) – Sagra de San Piere e Paule,,4 luglio - 5 luglio 2026,2026-07-04,2026-07-05,Tramonti di Sopra,Friuli Venezia Giulia,friuli-venezia-giulia,Pordenone e Dolomiti Friulane,pordenone-e-dolomiti-friulane,https://sagr.it/friuli-venezia-giulia/pordenone-e-dolomiti-friulane/eventi/chievolis-di-tramonti-di-sopra-pn-sagra-de-san-piere-e-paule,,,,,
SagrafavoriteSagra dei gamberi,,4 luglio - 13 luglio 2026,2026-07-04,2026-07-13,Orcenico Superiore,Friuli Venezia Giulia,friuli-venezia-giulia,Pordenone e Dolomiti Friulane,pordenone-e-dolomiti-friulane,https://sagr.it/friuli-venezia-giulia/pordenone-e-dolomiti-friulane/eventi/sagra-dei-gamberi,,,,,
SagrafavoriteSan Quirino (PN) – Birre e Sapori al Brolo,,4 luglio 2026,2026-07-04,2026-07-04,San Quirino,Friuli Venezia Giulia,friuli-venezia-giulia,Pordenone e Dolomiti Friulane,pordenone-e-dolomiti-friulane,https://sagr.it/friuli-venezia-giulia/pordenone-e-dolomiti-friulane/eventi/san-quirino-pn-birre-e-sapori-al-brolo,,,,,
Festa patronalefavoriteValle di Soffumbergo (UD) – Festa del Patrono San Pietro,,5 luglio 2026,2026-07-05,2026-07-05,Valle di Soffumbergo,Friuli Venezia Giulia,friuli-venezia-giulia,Pordenone e Dolomiti Friulane,pordenone-e-dolomiti-friulane,https://sagr.it/friuli-venezia-giulia/pordenone-e-dolomiti-friulane/eventi/valle-di-soffumbergo-ud-festa-del-patrono-san-pietro,,,,,
FestivalfavoritePordenone Blues & Co.,Festival,10 luglio - 3 settembre 2026,2026-07-10,2026-09-03,Pordenone,Friuli Venezia Giulia,friuli-venezia-giulia,Pordenone e Dolomiti Friulane,pordenone-e-dolomiti-friulane,https://sagr.it/friuli-venezia-giulia/pordenone-e-dolomiti-friulane/eventi/pordenone-blues-co-festival,,,,,
SagrafavoriteSagra dea quaia,,10 luglio - 21 luglio 2026,2026-07-10,2026-07-21,Prata di Pordenone,Friuli Venezia Giulia,friuli-venezia-giulia,Pordenone e Dolomiti Friulane,pordenone-e-dolomiti-friulane,https://sagr.it/friuli-venezia-giulia/pordenone-e-dolomiti-friulane/eventi/sagra-dea-quaia,,,,,
SagrafavoriteSagra di Fauglis,,10 luglio - 19 luglio 2026,2026-07-10,2026-07-19,Gonars,Friuli Venezia Giulia,friuli-venezia-giulia,Pordenone e Dolomiti Friulane,pordenone-e-dolomiti-friulane,https://sagr.it/friuli-venezia-giulia/pordenone-e-dolomiti-friulane/eventi/sagra-di-fauglis,,,,,
SagrafavoriteSauris in festa,,11 luglio - 19 luglio 2026,2026-07-11,2026-07-19,Sauris di Sotto,Friuli Venezia Giulia,friuli-venezia-giulia,Pordenone e Dolomiti Friulane,pordenone-e-dolomiti-friulane,https://sagr.it/friuli-venezia-giulia/pordenone-e-dolomiti-friulane/eventi/sauris-in-festa,,,,,
SagrafavoriteSagre dai Borgs,,16 luglio - 20 luglio 2026,2026-07-16,2026-07-20,Jalmicco,Friuli Venezia Giulia,friuli-venezia-giulia,Pordenone e Dolomiti Friulane,pordenone-e-dolomiti-friulane,https://sagr.it/friuli-venezia-giulia/pordenone-e-dolomiti-friulane/eventi/sagre-dai-borgs,,,,,
SagrafavoriteMostra regionale delle pesche e dell'ortofrutta locale,,17 luglio - 21 luglio 2026,2026-07-17,2026-07-21,Fiumicello Villa Vicentina,Friuli Venezia Giulia,friuli-venezia-giulia,Pordenone e Dolomiti Friulane,pordenone-e-dolomiti-friulane,https://sagr.it/friuli-venezia-giulia/pordenone-e-dolomiti-friulane/eventi/mostra-regionale-delle-pesche-e-dell-ortofrutta-locale,,,,,
RievocazionefavoriteFasjn La Mede - Festa della Fienagione a Sutrio,,19 luglio 2026,2026-07-19,2026-07-19,Sutrio,Friuli Venezia Giulia,friuli-venezia-giulia,Pordenone e Dolomiti Friulane,pordenone-e-dolomiti-friulane,https://sagr.it/friuli-venezia-giulia/pordenone-e-dolomiti-friulane/eventi/fasjn-la-mede-festa-della-fienagione-a-sutrio,,,,,
SagrafavoriteSagra delle patate,,19 luglio - 28 luglio 2026,2026-07-19,2026-07-28,Ovoledo,Friuli Venezia Giulia,friuli-venezia-giulia,Pordenone e Dolomiti Friulane,pordenone-e-dolomiti-friulane,https://sagr.it/friuli-venezia-giulia/pordenone-e-dolomiti-friulane/eventi/sagra-delle-patate,,,,,
SagrafavoriteFesta della montagna,,25 luglio - 2 agosto 2026,2026-07-25,2026-08-02,Tramonti di Sopra,Friuli Venezia Giulia,friuli-venezia-giulia,Pordenone e Dolomiti Friulane,pordenone-e-dolomiti-friulane,https://sagr.it/friuli-venezia-giulia/pordenone-e-dolomiti-friulane/eventi/festa-della-montagna,,,,,
SagrafavoriteSagra dello struzzo di Pozzuolo,,25 luglio - 3 agosto 2026,2026-07-25,2026-08-03,Pozzuolo del Friuli,Friuli Venezia Giulia,friuli-venezia-giulia,Pordenone e Dolomiti Friulane,pordenone-e-dolomiti-friulane,https://sagr.it/friuli-venezia-giulia/pordenone-e-dolomiti-friulane/eventi/sagra-dello-struzzo-di-pozzuolo,,,,,
"SagrafavoriteAglio, olio e peperoncino a km 0",,26 luglio 2026,2026-07-26,2026-07-26,Resia,Friuli Venezia Giulia,friuli-venezia-giulia,Pordenone e Dolomiti Friulane,pordenone-e-dolomiti-friulane,https://sagr.it/friuli-venezia-giulia/pordenone-e-dolomiti-friulane/eventi/aglio-olio-e-peperoncino-a-km-0,,,,,
RievocazionefavoriteTempus est Jocundum,,31 luglio - 3 agosto 2026,2026-07-31,2026-08-03,Gemona del Friuli,Friuli Venezia Giulia,friuli-venezia-giulia,Pordenone e Dolomiti Friulane,pordenone-e-dolomiti-friulane,https://sagr.it/friuli-venezia-giulia/pordenone-e-dolomiti-friulane/eventi/tempus-est-jocundum,,,,,
Evento culturalefavoriteFesta degli uomini,,1 agosto - 2 agosto 2026,2026-08-01,2026-08-02,Nimis,Friuli Venezia Giulia,friuli-venezia-giulia,Pordenone e Dolomiti Friulane,pordenone-e-dolomiti-friulane,https://sagr.it/friuli-venezia-giulia/pordenone-e-dolomiti-friulane/eventi/festa-degli-uomini,,,,,
SagrafavoriteSagre d'avost e dai gjambars di flum,,1 agosto - 15 agosto 2026,2026-08-01,2026-08-15,Castions delle Mura,Friuli Venezia Giulia,friuli-venezia-giulia,Pordenone e Dolomiti Friulane,pordenone-e-dolomiti-friulane,https://sagr.it/friuli-venezia-giulia/pordenone-e-dolomiti-friulane/eventi/sagre-d-avost-e-dai-gjambars-di-flum,,,,,
SagrafavoriteFesta del gambero,,6 agosto - 10 agosto 2026,2026-08-06,2026-08-10,Amaro,Friuli Venezia Giulia,friuli-venezia-giulia,Pordenone e Dolomiti Friulane,pordenone-e-dolomiti-friulane,https://sagr.it/friuli-venezia-giulia/pordenone-e-dolomiti-friulane/eventi/festa-del-gambero,,,,,
Evento culturalefavoriteFesta dell'arrotino,,8 agosto - 9 agosto 2026,2026-08-08,2026-08-09,Stolvizza,Friuli Venezia Giulia,friuli-venezia-giulia,Pordenone e Dolomiti Friulane,pordenone-e-dolomiti-friulane,https://sagr.it/friuli-venezia-giulia/pordenone-e-dolomiti-friulane/eventi/festa-dell-arrotino,,,,,
SagrafavoriteDardagosto,,8 agosto - 15 agosto 2026,2026-08-08,2026-08-15,Dardago,Friuli Venezia Giulia,friuli-venezia-giulia,Pordenone e Dolomiti Friulane,pordenone-e-dolomiti-friulane,https://sagr.it/friuli-venezia-giulia/pordenone-e-dolomiti-friulane/eventi/dardagosto,,,,,
SagrafavoritePalio das cjarogiules,,8 agosto - 9 agosto 2026,2026-08-08,2026-08-09,Paluzza,Friuli Venezia Giulia,friuli-venezia-giulia,Pordenone e Dolomiti Friulane,pordenone-e-dolomiti-friulane,https://sagr.it/friuli-venezia-giulia/pordenone-e-dolomiti-friulane/eventi/palio-das-cjarogiules,,,,,
SagrafavoriteSagra das cartufulas,,8 agosto - 9 agosto 2026,2026-08-08,2026-08-09,Socchieve,Friuli Venezia Giulia,friuli-venezia-giulia,Pordenone e Dolomiti Friulane,pordenone-e-dolomiti-friulane,https://sagr.it/friuli-venezia-giulia/pordenone-e-dolomiti-friulane/eventi/sagra-das-cartufulas,,,,,
SagrafavoriteSagra del Lengal,,8 agosto - 16 agosto 2026,2026-08-08,2026-08-16,Cordovado,Friuli Venezia Giulia,friuli-venezia-giulia,Pordenone e Dolomiti Friulane,pordenone-e-dolomiti-friulane,https://sagr.it/friuli-venezia-giulia/pordenone-e-dolomiti-friulane/eventi/sagra-del-lengal,,,,,
SagrafavoriteFesta dell'anguria,,9 agosto - 18 agosto 2026,2026-08-09,2026-08-18,Remanzacco,Friuli Venezia Giulia,friuli-venezia-giulia,Pordenone e Dolomiti Friulane,pordenone-e-dolomiti-friulane,https://sagr.it/friuli-venezia-giulia/pordenone-e-dolomiti-friulane/eventi/festa-dell-anguria,,,,,
SagrafavoriteSagra della trota e del formaggio salato,,13 agosto - 16 agosto 2026,2026-08-13,2026-08-16,Tramonti di Sotto,Friuli Venezia Giulia,friuli-venezia-giulia,Pordenone e Dolomiti Friulane,pordenone-e-dolomiti-friulane,https://sagr.it/friuli-venezia-giulia/pordenone-e-dolomiti-friulane/eventi/sagra-della-trota-e-del-formaggio-salato,,,,,
SagrafavoriteSagre sot el cocolar,,13 agosto - 17 agosto 2026,2026-08-13,2026-08-17,Remanzacco,Friuli Venezia Giulia,friuli-venezia-giulia,Pordenone e Dolomiti Friulane,pordenone-e-dolomiti-friulane,https://sagr.it/friuli-venezia-giulia/pordenone-e-dolomiti-friulane/eventi/sagre-sot-el-cocolar,,,,,
SagrafavoriteFesta del formaggio e dei piccoli frutti,,15 agosto - 17 agosto 2026,2026-08-15,2026-08-17,Sauris,Friuli Venezia Giulia,friuli-venezia-giulia,Pordenone e Dolomiti Friulane,pordenone-e-dolomiti-friulane,https://sagr.it/friuli-venezia-giulia/pordenone-e-dolomiti-friulane/eventi/festa-del-formaggio-e-dei-piccoli-frutti,,,,,
SagrafavoriteFesta del frico resiano,,15 agosto - 23 agosto 2026,2026-08-15,2026-08-23,Oseacco,Friuli Venezia Giulia,friuli-venezia-giulia,Pordenone e Dolomiti Friulane,pordenone-e-dolomiti-friulane,https://sagr.it/friuli-venezia-giulia/pordenone-e-dolomiti-friulane/eventi/festa-del-frico-resiano,,,,,
SagrafavoriteFesta del lampone e del mirtillo,,15 agosto - 17 agosto 2026,2026-08-15,2026-08-17,Avasinis,Friuli Venezia Giulia,friuli-venezia-giulia,Pordenone e Dolomiti Friulane,pordenone-e-dolomiti-friulane,https://sagr.it/friuli-venezia-giulia/pordenone-e-dolomiti-friulane/eventi/festa-del-lampone-e-del-mirtillo,,,,,
SagrafavoriteSagra della faraona,,15 agosto - 23 agosto 2026,2026-08-15,2026-08-23,Azzano Decimo,Friuli Venezia Giulia,friuli-venezia-giulia,Pordenone e Dolomiti Friulane,pordenone-e-dolomiti-friulane,https://sagr.it/friuli-venezia-giulia/pordenone-e-dolomiti-friulane/eventi/sagra-della-faraona,,,,,
SagrafavoriteSagra das panolas,,22 agosto - 24 agosto 2026,2026-08-22,2026-08-24,Luincis,Friuli Venezia Giulia,friuli-venezia-giulia,Pordenone e Dolomiti Friulane,pordenone-e-dolomiti-friulane,https://sagr.it/friuli-venezia-giulia/pordenone-e-dolomiti-friulane/eventi/sagra-das-panolas,,,,,
FierafavoriteColtello in Festa,,29 agosto - 30 agosto 2026,2026-08-29,2026-08-30,Maniago,Friuli Venezia Giulia,friuli-venezia-giulia,Pordenone e Dolomiti Friulane,pordenone-e-dolomiti-friulane,https://sagr.it/friuli-venezia-giulia/pordenone-e-dolomiti-friulane/eventi/coltello-in-festa,,,,,
FierafavoriteSagra dei thest,,6 settembre - 7 settembre 2026,2026-09-06,2026-09-07,Polcenigo,Friuli Venezia Giulia,friuli-venezia-giulia,Pordenone e Dolomiti Friulane,pordenone-e-dolomiti-friulane,https://sagr.it/friuli-venezia-giulia/pordenone-e-dolomiti-friulane/eventi/sagra-dei-thest,,,,,
Evento culturalefavoriteSagra dei Osei,,7 settembre 2026,2026-09-07,2026-09-07,Sacile,Friuli Venezia Giulia,friuli-venezia-giulia,Pordenone e Dolomiti Friulane,pordenone-e-dolomiti-friulane,https://sagr.it/friuli-venezia-giulia/pordenone-e-dolomiti-friulane/eventi/sagra-dei-osei,,,,,
SagrafavoriteFriuli Doc,,11 settembre - 14 settembre 2026,2026-09-11,2026-09-14,Udine,Friuli Venezia Giulia,friuli-venezia-giulia,Pordenone e Dolomiti Friulane,pordenone-e-dolomiti-friulane,https://sagr.it/friuli-venezia-giulia/pordenone-e-dolomiti-friulane/eventi/friuli-doc,,,,,
SagrafavoriteFesta dei funghi e dell’ambiente,,12 settembre - 21 settembre 2026,2026-09-12,2026-09-21,Budoia,Friuli Venezia Giulia,friuli-venezia-giulia,Pordenone e Dolomiti Friulane,pordenone-e-dolomiti-friulane,https://sagr.it/friuli-venezia-giulia/pordenone-e-dolomiti-friulane/eventi/festa-dei-funghi-e-dell-ambiente,,,,,
SagrafavoriteFesta del bisonte con polenta,,26 settembre - 5 ottobre 2026,2026-09-26,2026-10-05,Ronchis,Friuli Venezia Giulia,friuli-venezia-giulia,Pordenone e Dolomiti Friulane,pordenone-e-dolomiti-friulane,https://sagr.it/friuli-venezia-giulia/pordenone-e-dolomiti-friulane/eventi/festa-del-bisonte-con-polenta,,,,,
SagrafavoriteLignano Tuna,Festival,26 settembre - 5 ottobre 2026,2026-09-26,2026-10-05,Lignano Sabbiadoro,Friuli Venezia Giulia,friuli-venezia-giulia,Pordenone e Dolomiti Friulane,pordenone-e-dolomiti-friulane,https://sagr.it/friuli-venezia-giulia/pordenone-e-dolomiti-friulane/eventi/lignano-tuna-festival,,,,,
SagrafavoriteFesta dei cavoli nostri,,5 ottobre 2026,2026-10-05,2026-10-05,Collina,Friuli Venezia Giulia,friuli-venezia-giulia,Pordenone e Dolomiti Friulane,pordenone-e-dolomiti-friulane,https://sagr.it/friuli-venezia-giulia/pordenone-e-dolomiti-friulane/eventi/festa-dei-cavoli-nostri,,,,,
SagrafavoriteFesta della mela,,8 ottobre - 11 ottobre 2026,2026-10-08,2026-10-11,Tolmezzo,Friuli Venezia Giulia,friuli-venezia-giulia,Pordenone e Dolomiti Friulane,pordenone-e-dolomiti-friulane,https://sagr.it/friuli-venezia-giulia/pordenone-e-dolomiti-friulane/eventi/festa-della-mela,,,,,
SagrafavoriteOktoberfest Remanzacco,,9 ottobre - 17 ottobre 2026,2026-10-09,2026-10-17,Remanzacco,Friuli Venezia Giulia,friuli-venezia-giulia,Pordenone e Dolomiti Friulane,pordenone-e-dolomiti-friulane,https://sagr.it/friuli-venezia-giulia/pordenone-e-dolomiti-friulane/eventi/oktoberfest-remanzacco,,,,,
SagrafavoriteFesta delle Castagne e del Miele di Castagno,,10 ottobre - 25 ottobre 2026,2026-10-10,2026-10-25,Valle Soffumbergo,Friuli Venezia Giulia,friuli-venezia-giulia,Pordenone e Dolomiti Friulane,pordenone-e-dolomiti-friulane,https://sagr.it/friuli-venezia-giulia/pordenone-e-dolomiti-friulane/eventi/festa-delle-castagne-e-del-miele-di-castagno,,,,,
SagrafavoriteSagra della patata e dei prodotti d’autunno,,18 ottobre - 19 ottobre 2026,2026-10-18,2026-10-19,Cagno,Friuli Venezia Giulia,friuli-venezia-giulia,Pordenone e Dolomiti Friulane,pordenone-e-dolomiti-friulane,https://sagr.it/friuli-venezia-giulia/pordenone-e-dolomiti-friulane/eventi/sagra-della-patata-e-dei-prodotti-d-autunno,,,,,
SagrafavoriteSagra della zucca,,18 ottobre - 19 ottobre 2026,2026-10-18,2026-10-19,Aquileia,Friuli Venezia Giulia,friuli-venezia-giulia,Pordenone e Dolomiti Friulane,pordenone-e-dolomiti-friulane,https://sagr.it/friuli-venezia-giulia/pordenone-e-dolomiti-friulane/eventi/sagra-della-zucca-mqljokz6,,,,,
SagrafavoriteSapori di castagne,,18 ottobre - 26 ottobre 2026,2026-10-18,2026-10-26,Magnano in Riviera,Friuli Venezia Giulia,friuli-venezia-giulia,Pordenone e Dolomiti Friulane,pordenone-e-dolomiti-friulane,https://sagr.it/friuli-venezia-giulia/pordenone-e-dolomiti-friulane/eventi/sapori-di-castagne,,,,,
SagrafavoriteFiesta de li Sucis,,25 ottobre - 26 ottobre 2026,2026-10-25,2026-10-26,Cordenons,Friuli Venezia Giulia,friuli-venezia-giulia,Pordenone e Dolomiti Friulane,pordenone-e-dolomiti-friulane,https://sagr.it/friuli-venezia-giulia/pordenone-e-dolomiti-friulane/eventi/fiesta-de-li-sucis,,,,,
SagrafavoriteCastagnata di Flagogna,,26 ottobre 2026,2026-10-26,2026-10-26,Flagogna,Friuli Venezia Giulia,friuli-venezia-giulia,Pordenone e Dolomiti Friulane,pordenone-e-dolomiti-friulane,https://sagr.it/friuli-venezia-giulia/pordenone-e-dolomiti-friulane/eventi/castagnata-di-flagogna,,,,,
Festa patronalefavoriteAntica Fiera di Santa Lucia,,8 novembre - 9 novembre 2026,2026-11-08,2026-11-09,Venzone,Friuli Venezia Giulia,friuli-venezia-giulia,Pordenone e Dolomiti Friulane,pordenone-e-dolomiti-friulane,https://sagr.it/friuli-venezia-giulia/pordenone-e-dolomiti-friulane/eventi/antica-fiera-di-santa-lucia,,,,,
SagrafavoriteFesta della pitina,,8 novembre - 9 novembre 2026,2026-11-08,2026-11-09,Tramonti di Sopra,Friuli Venezia Giulia,friuli-venezia-giulia,Pordenone e Dolomiti Friulane,pordenone-e-dolomiti-friulane,https://sagr.it/friuli-venezia-giulia/pordenone-e-dolomiti-friulane/eventi/festa-della-pitina,,,,,
"SagrafavoriteGemona, formaggio… e dintorni",,8 novembre - 9 novembre 2026,2026-11-08,2026-11-09,Gemona del Friuli,Friuli Venezia Giulia,friuli-venezia-giulia,Pordenone e Dolomiti Friulane,pordenone-e-dolomiti-friulane,https://sagr.it/friuli-venezia-giulia/pordenone-e-dolomiti-friulane/eventi/gemona-formaggio-e-dintorni,,,,,
SagrafavoriteL’oca e il vin novello,,8 novembre - 9 novembre 2026,2026-11-08,2026-11-09,Lavariano,Friuli Venezia Giulia,friuli-venezia-giulia,Pordenone e Dolomiti Friulane,pordenone-e-dolomiti-friulane,https://sagr.it/friuli-venezia-giulia/pordenone-e-dolomiti-friulane/eventi/l-oca-e-il-vin-novello,,,,,
SagrafavoriteSagra del frico,,8 novembre - 30 novembre 2026,2026-11-08,2026-11-30,Flaibano,Friuli Venezia Giulia,friuli-venezia-giulia,Pordenone e Dolomiti Friulane,pordenone-e-dolomiti-friulane,https://sagr.it/friuli-venezia-giulia/pordenone-e-dolomiti-friulane/eventi/sagra-del-frico,,,,,
SagrafavoriteSapori di Carnia,,14 dicembre 2026,2026-12-14,2026-12-14,Raveo,Friuli Venezia Giulia,friuli-venezia-giulia,Pordenone e Dolomiti Friulane,pordenone-e-dolomiti-friulane,https://sagr.it/friuli-venezia-giulia/pordenone-e-dolomiti-friulane/eventi/sapori-di-carnia,,,,,
SagrafavoriteFiera di Sant’Antonio Abate e la Festa della Verza,,16 gennaio - 18 gennaio 2027,2027-01-16,2027-01-18,Feletto Umberto,Friuli Venezia Giulia,friuli-venezia-giulia,Pordenone e Dolomiti Friulane,pordenone-e-dolomiti-friulane,https://sagr.it/friuli-venezia-giulia/pordenone-e-dolomiti-friulane/eventi/fiera-di-sant-antonio-abate-e-la-festa-della-verza,,,,,
SagrafavoriteSagra di San Biagio,,6 febbraio - 15 febbraio 2027,2027-02-06,2027-02-15,Maseris,Friuli Venezia Giulia,friuli-venezia-giulia,Pordenone e Dolomiti Friulane,pordenone-e-dolomiti-friulane,https://sagr.it/friuli-venezia-giulia/pordenone-e-dolomiti-friulane/eventi/sagra-di-san-biagio,,,,,
SagrafavoriteSagra delle Cape,,7 marzo - 15 marzo 2027,2027-03-07,2027-03-15,Lignano Sabbiadoro,Friuli Venezia Giulia,friuli-venezia-giulia,Pordenone e Dolomiti Friulane,pordenone-e-dolomiti-friulane,https://sagr.it/friuli-venezia-giulia/pordenone-e-dolomiti-friulane/eventi/sagra-delle-cape,,,,,
SagrafavoriteSagra del vino,,22 maggio - 24 maggio 2027,2027-05-22,2027-05-24,Casarsa della Delizia,Friuli Venezia Giulia,friuli-venezia-giulia,Pordenone e Dolomiti Friulane,pordenone-e-dolomiti-friulane,https://sagr.it/friuli-venezia-giulia/pordenone-e-dolomiti-friulane/eventi/sagra-del-vino,,,,,
Festa patronalefavoriteSagra di San Marco,,24 aprile - 30 agosto 2026,2026-04-24,2026-08-30,Trieste,Friuli Venezia Giulia,friuli-venezia-giulia,Trieste e Carso,trieste-e-carso,https://sagr.it/friuli-venezia-giulia/trieste-e-carso/eventi/sagra-di-san-marco,,,,,
SagrafavoriteFesta degli asparagi,,25 aprile - 10 maggio 2026,2026-04-25,2026-05-10,Fossalon di Grado,Friuli Venezia Giulia,friuli-venezia-giulia,Trieste e Carso,trieste-e-carso,https://sagr.it/friuli-venezia-giulia/trieste-e-carso/eventi/festa-degli-asparagi,,,,,
SagrafavoriteFriuli Doc Spring Edition,,29 maggio - 2 giugno 2026,2026-05-29,2026-06-02,Grado,Friuli Venezia Giulia,friuli-venezia-giulia,Trieste e Carso,trieste-e-carso,https://sagr.it/friuli-venezia-giulia/trieste-e-carso/eventi/friuli-doc-spring-edition,,,,,
SagrafavoriteMattonaia di San Dorligo della Valle (TS) – Šagra Na Krmenki / Sagra di Mattonaia,,12 giugno - 15 giugno 2026,2026-06-12,2026-06-15,San Dorligo della Valle,Friuli Venezia Giulia,friuli-venezia-giulia,Trieste e Carso,trieste-e-carso,https://sagr.it/friuli-venezia-giulia/trieste-e-carso/eventi/mattonaia-di-san-dorligo-della-valle-ts-sagra-na-krmenki-sagra-di-mattonaia,,,,,
Evento culturalefavoriteTrieste (TS) – Sagra della Pallamano,,17 giugno - 28 giugno 2026,2026-06-17,2026-06-28,Trieste,Friuli Venezia Giulia,friuli-venezia-giulia,Trieste e Carso,trieste-e-carso,https://sagr.it/friuli-venezia-giulia/trieste-e-carso/eventi/trieste-ts-sagra-della-pallamano,,,,,
Festa patronalefavoriteMuggia (TS) – Sagra dei Protettori 2026,,19 giugno - 29 giugno 2026,2026-06-19,2026-06-29,Muggia,Friuli Venezia Giulia,friuli-venezia-giulia,Trieste e Carso,trieste-e-carso,https://sagr.it/friuli-venezia-giulia/trieste-e-carso/eventi/muggia-ts-sagra-dei-protettori-2026,,,,,
FestivalfavoriteTrieste (TS) / Rione San Giovanni – SanGioFest 2026,,20 giugno - 21 giugno 2026,2026-06-20,2026-06-21,Trieste,Friuli Venezia Giulia,friuli-venezia-giulia,Trieste e Carso,trieste-e-carso,https://sagr.it/friuli-venezia-giulia/trieste-e-carso/eventi/trieste-ts-rione-san-giovanni-sangiofest-2026,,,,,
SagrafavoriteMare e Vitovska in Morje,,26 giugno - 27 giugno 2026,2026-06-26,2026-06-27,Duino-Aurisina,Friuli Venezia Giulia,friuli-venezia-giulia,Trieste e Carso,trieste-e-carso,https://sagr.it/friuli-venezia-giulia/trieste-e-carso/eventi/mare-e-vitovska-in-morje,,,,,
Festa patronalefavoriteRoiano di Trieste (TS) – Festa Patronale dei Ss. Ermacora e Fortunato,,3 luglio - 12 luglio 2026,2026-07-03,2026-07-12,Trieste,Friuli Venezia Giulia,friuli-venezia-giulia,Trieste e Carso,trieste-e-carso,https://sagr.it/friuli-venezia-giulia/trieste-e-carso/eventi/roiano-di-trieste-ts-festa-patronale-dei-ss-ermacora-e-fortunato,,,,,
RievocazionefavoritePalio di San Donato,,21 agosto - 23 agosto 2026,2026-08-21,2026-08-23,Cividale del Friuli,Friuli Venezia Giulia,friuli-venezia-giulia,Trieste e Carso,trieste-e-carso,https://sagr.it/friuli-venezia-giulia/trieste-e-carso/eventi/palio-di-san-donato,,,,,
SagrafavoriteSagre da las masanetes,,10 ottobre - 19 ottobre 2026,2026-10-10,2026-10-19,Villaorba (Basiliano),Friuli Venezia Giulia,friuli-venezia-giulia,Trieste e Carso,trieste-e-carso,https://sagr.it/friuli-venezia-giulia/trieste-e-carso/eventi/sagre-da-las-masanetes,,,,,
Evento culturalefavoriteFestival Valle di Comino,,13 marzo - 6 giugno 2026,2026-03-13,2026-06-06,Picinisco,Lazio,lazio,Ciociaria,ciociaria,https://sagr.it/lazio/ciociaria/eventi/festival-valle-di-comino,,,,,
SagrafavoriteSagra dei Frittelli,,29 marzo 2026,2026-03-29,2026-03-29,Sant'Elia,Lazio,lazio,Ciociaria,ciociaria,https://sagr.it/lazio/ciociaria/eventi/sagra-dei-frittelli,,,,,
SagrafavoriteOltre Roma,,30 marzo - 31 marzo 2026,2026-03-30,2026-03-31,Isola del Liri,Lazio,lazio,Ciociaria,ciociaria,https://sagr.it/lazio/ciociaria/eventi/oltre-roma,,,,,
SagrafavoriteSagra della Montanara,,2 maggio - 3 maggio 2026,2026-05-02,2026-05-03,Pofi,Lazio,lazio,Ciociaria,ciociaria,https://sagr.it/lazio/ciociaria/eventi/sagra-della-montanara,,,,,
SagrafavoriteVini d&rsquo;Abbazia,,12 giugno - 14 giugno 2026,2026-06-12,2026-06-14,Fossanova,Lazio,lazio,Ciociaria,ciociaria,https://sagr.it/lazio/ciociaria/eventi/vini-d-abbazia,,,,,
SagrafavoriteFesta degli Orapi - Passeggiando tra Profumi e Colori,,13 giugno - 20 giugno 2026,2026-06-13,2026-06-20,Picinisco,Lazio,lazio,Ciociaria,ciociaria,https://sagr.it/lazio/ciociaria/eventi/festa-degli-orapi-passeggiando-tra-profumi-e-colori,,,,,
SagrafavoriteIl gusto dell’estate,,20 giugno 2026,2026-06-20,2026-06-20,San Donato Val di Comino,Lazio,lazio,Ciociaria,ciociaria,https://sagr.it/lazio/ciociaria/eventi/il-gusto-dell-estate,,,,,
SagrafavoriteMortadella Party,,26 giugno - 27 giugno 2026,2026-06-26,2026-06-27,Pastena,Lazio,lazio,Ciociaria,ciociaria,https://sagr.it/lazio/ciociaria/eventi/mortadella-party,,,,,
RievocazionefavoriteFesta Medievale - Storie e Delizie,,27 giugno - 28 giugno 2026,2026-06-27,2026-06-28,Aquino,Lazio,lazio,Ciociaria,ciociaria,https://sagr.it/lazio/ciociaria/eventi/festa-medievale-storie-e-delizie,,,,,
FestivalfavoriteCassino Birra,,3 luglio - 12 luglio 2026,2026-07-03,2026-07-12,Cassino,Lazio,lazio,Ciociaria,ciociaria,https://sagr.it/lazio/ciociaria/eventi/cassino-birra,,,,,
Evento culturalefavoritePastorizia in,Festival,4 luglio - 5 luglio 2026,2026-07-04,2026-07-05,Picinisco,Lazio,lazio,Ciociaria,ciociaria,https://sagr.it/lazio/ciociaria/eventi/pastorizia-in-festival,,,,,
SagrafavoriteSagra degli stringozzi talocciani,,4 luglio - 6 luglio 2026,2026-07-04,2026-07-06,Talocci,Lazio,lazio,Ciociaria,ciociaria,https://sagr.it/lazio/ciociaria/eventi/sagra-degli-stringozzi-talocciani,,,,,
SagrafavoriteSagra dei cecapreti e della bufaletta,,1 agosto 2026,2026-08-01,2026-08-01,Villa Santo Stefano,Lazio,lazio,Ciociaria,ciociaria,https://sagr.it/lazio/ciociaria/eventi/sagra-dei-cecapreti-e-della-bufaletta,,,,,
SagrafavoriteSagra della Pizza Fritta,,1 agosto - 2 agosto 2026,2026-08-01,2026-08-02,Vico nel Lazio,Lazio,lazio,Ciociaria,ciociaria,https://sagr.it/lazio/ciociaria/eventi/sagra-della-pizza-fritta-mqxvgkvq,,,,,
SagrafavoriteFRITT&PIZZA FESTIVAL,,3 agosto 2026,2026-08-03,2026-08-03,Roccasecca,Lazio,lazio,Ciociaria,ciociaria,https://sagr.it/lazio/ciociaria/eventi/festa-della-pizza-fritta-e-mortadella,,,,,
SagrafavoriteSagra delle olive e marzoline,,12 agosto 2026,2026-08-12,2026-08-12,Esperia,Lazio,lazio,Ciociaria,ciociaria,https://sagr.it/lazio/ciociaria/eventi/sagra-delle-olive-e-marzoline,,,,,
SagrafavoriteSagra dell'abbuoto,,16 agosto 2026,2026-08-16,2026-08-16,Viticuso,Lazio,lazio,Ciociaria,ciociaria,https://sagr.it/lazio/ciociaria/eventi/sagra-dell-abbuoto,,,,,
SagrafavoriteSagra del cesanese,,20 agosto - 23 agosto 2026,2026-08-20,2026-08-23,Serrone,Lazio,lazio,Ciociaria,ciociaria,https://sagr.it/lazio/ciociaria/eventi/sagra-del-cesanese,,,,,
SagrafavoriteFesta del tartufo,,28 agosto - 30 agosto 2026,2026-08-28,2026-08-30,Campoli Appennino,Lazio,lazio,Ciociaria,ciociaria,https://sagr.it/lazio/ciociaria/eventi/festa-del-tartufo,,,,,
SagrafavoriteFesta del Peperone,,13 settembre - 14 settembre 2026,2026-09-13,2026-09-14,Pontecorvo,Lazio,lazio,Ciociaria,ciociaria,https://sagr.it/lazio/ciociaria/eventi/festa-del-peperone-pontecorvo,,,,,
SagrafavoriteSagra dell’uva cesanese del Piglio,,3 ottobre - 5 ottobre 2026,2026-10-03,2026-10-05,Piglio,Lazio,lazio,Ciociaria,ciociaria,https://sagr.it/lazio/ciociaria/eventi/sagra-dell-uva-cesanese-del-piglio,,,,,
SagrafavoriteSagra della Stesa,,4 ottobre - 5 ottobre 2026,2026-10-04,2026-10-05,Strangolagalli,Lazio,lazio,Ciociaria,ciociaria,https://sagr.it/lazio/ciociaria/eventi/sagra-della-stesa,,,,,
SagrafavoritePastorizia in Festival – edizione invernale,,10 ottobre - 11 ottobre 2026,2026-10-10,2026-10-11,Picinisco,Lazio,lazio,Ciociaria,ciociaria,https://sagr.it/lazio/ciociaria/eventi/pastorizia-in-festival-edizione-invernale,,,,,
SagrafavoriteLe cantine di San Martino,,8 novembre - 9 novembre 2026,2026-11-08,2026-11-09,Arce,Lazio,lazio,Ciociaria,ciociaria,https://sagr.it/lazio/ciociaria/eventi/le-cantine-di-san-martino,,,,,
SagrafavoriteSan Martino Sapori d’Autunno,,8 novembre 2026,2026-11-08,2026-11-08,Villa Santo Stefano,Lazio,lazio,Ciociaria,ciociaria,https://sagr.it/lazio/ciociaria/eventi/san-martino-sapori-d-autunno,,,,,
SagrafavoriteFesta del vino novello,,15 novembre - 16 novembre 2026,2026-11-15,2026-11-16,Strangolagalli,Lazio,lazio,Ciociaria,ciociaria,https://sagr.it/lazio/ciociaria/eventi/festa-del-vino-novello,,,,,
SagrafavoriteWine not – Le vie del vino rosso,,16 novembre - 17 novembre 2026,2026-11-16,2026-11-17,Veroli,Lazio,lazio,Ciociaria,ciociaria,https://sagr.it/lazio/ciociaria/eventi/wine-not-le-vie-del-vino-rosso,,,,,
SagrafavoriteFesta del Broccoletto,,7 dicembre - 8 dicembre 2026,2026-12-07,2026-12-08,Roccasecca,Lazio,lazio,Ciociaria,ciociaria,https://sagr.it/lazio/ciociaria/eventi/festa-del-broccoletto,,,,,
Festa patronalefavoritePolenta di San Sebastiano,,25 gennaio 2027,2027-01-25,2027-01-25,Villa Santo Stefano,Lazio,lazio,Ciociaria,ciociaria,https://sagr.it/lazio/ciociaria/eventi/polenta-di-san-sebastiano,,,,,
Festa patronalefavoriteSagra della Crespella,,15 marzo 2027,2027-03-15,2027-03-15,Veroli,Lazio,lazio,Ciociaria,ciociaria,https://sagr.it/lazio/ciociaria/eventi/sagra-della-crespella,,,,,
SagrafavoriteFesta di primavera & Sagra dell’asparago selvatico,,19 aprile 2027,2027-04-19,2027-04-19,Santopadre,Lazio,lazio,Ciociaria,ciociaria,https://sagr.it/lazio/ciociaria/eventi/festa-di-primavera-sagra-dell-asparago-selvatico,,,,,
Festa patronalefavoriteVia Matris,,28 marzo - 3 aprile 2026,2026-03-28,2026-04-03,Sant'Arcangelo di Romagna,Lazio,lazio,Roma e Dintorni,roma-e-dintorni,https://sagr.it/lazio/roma-e-dintorni/eventi/via-matris,,,,,
SagrafavoriteBroccoletti in piazza,,29 marzo 2026,2026-03-29,2026-03-29,Anguillara Sabazia,Lazio,lazio,Roma e Dintorni,roma-e-dintorni,https://sagr.it/lazio/roma-e-dintorni/eventi/broccoletti-in-piazza,,,,,
SagrafavoriteFrankenBierFest,,10 aprile - 12 aprile 2026,2026-04-10,2026-04-12,Roma,Lazio,lazio,Roma e Dintorni,roma-e-dintorni,https://sagr.it/lazio/roma-e-dintorni/eventi/frankenbierfest,,,,,
SagrafavoriteSagra del Carciofo Ladispoli,,10 aprile - 12 aprile 2026,2026-04-10,2026-04-12,Ladispoli,Lazio,lazio,Roma e Dintorni,roma-e-dintorni,https://sagr.it/lazio/roma-e-dintorni/eventi/sagra-del-carciofo-ladispoli,,,,,
Festa patronalefavoritePrimavera in Festa ad Anzio,,24 aprile - 26 aprile 2026,2026-04-24,2026-04-26,Anzio,Lazio,lazio,Roma e Dintorni,roma-e-dintorni,https://sagr.it/lazio/roma-e-dintorni/eventi/primavera-in-festa-ad-anzio,,,,,
FierafavoriteMostra Agricola di Campoverde Aprilia,,24 aprile - 3 maggio 2026,2026-04-24,2026-05-03,Aprilia,Lazio,lazio,Roma e Dintorni,roma-e-dintorni,https://sagr.it/lazio/roma-e-dintorni/eventi/mostra-agricola-di-campoverde-aprilia,,,,,
SagrafavoriteFesta del Baccanale,,25 aprile - 3 maggio 2026,2026-04-25,2026-05-03,Campagnano di Roma,Lazio,lazio,Roma e Dintorni,roma-e-dintorni,https://sagr.it/lazio/roma-e-dintorni/eventi/festa-del-baccanale,,,,,
Evento culturalefavoriteFestival dell’Oriente Roma,,1 maggio - 3 maggio 2026,2026-05-01,2026-05-03,Roma,Lazio,lazio,Roma e Dintorni,roma-e-dintorni,https://sagr.it/lazio/roma-e-dintorni/eventi/festival-dell-oriente-roma,,,,,
SagrafavoriteFesta delle Virtù,,1 maggio 2026,2026-05-01,2026-05-01,Formia,Lazio,lazio,Roma e Dintorni,roma-e-dintorni,https://sagr.it/lazio/roma-e-dintorni/eventi/festa-delle-virtu,,,,,
SagrafavoriteFesta dell'Attozzata,,3 maggio 2026,2026-05-03,2026-05-03,Barbarano Romano,Lazio,lazio,Roma e Dintorni,roma-e-dintorni,https://sagr.it/lazio/roma-e-dintorni/eventi/festa-dell-attozzata,,,,,
SagrafavoriteSagra delle Fragole,,9 maggio - 17 maggio 2026,2026-05-09,2026-05-17,Palestrina,Lazio,lazio,Roma e Dintorni,roma-e-dintorni,https://sagr.it/lazio/roma-e-dintorni/eventi/sagra-delle-fragole-moor2e9z,,,,,
SagrafavoriteSagra degli Gnocchi a Nerola,,10 maggio 2026,2026-05-10,2026-05-10,Nerola,Lazio,lazio,Roma e Dintorni,roma-e-dintorni,https://sagr.it/lazio/roma-e-dintorni/eventi/sagra-degli-gnocchi-a-nerola,,,,,
SagrafavoriteSagra degli Gnocchi con Sugo di Castrato,,10 maggio 2026,2026-05-10,2026-05-10,Nerola,Lazio,lazio,Roma e Dintorni,roma-e-dintorni,https://sagr.it/lazio/roma-e-dintorni/eventi/sagra-degli-gnocchi-con-sugo-di-castrato-moytm4wz,,,,,
SagrafavoriteSagra degli gnocchi con sugo di castrato,,17 maggio 2026,2026-05-17,2026-05-17,Nerola,Lazio,lazio,Roma e Dintorni,roma-e-dintorni,https://sagr.it/lazio/roma-e-dintorni/eventi/sagra-degli-gnocchi-con-sugo-di-castrato,,,,,
SagrafavoriteVino X Roma,,22 maggio - 23 maggio 2026,2026-05-22,2026-05-23,Roma,Lazio,lazio,Roma e Dintorni,roma-e-dintorni,https://sagr.it/lazio/roma-e-dintorni/eventi/vino-x-roma,,,,,
Evento culturalefavoriteFesta delle Rose,,24 maggio 2026,2026-05-24,2026-05-24,Manziana,Lazio,lazio,Roma e Dintorni,roma-e-dintorni,https://sagr.it/lazio/roma-e-dintorni/eventi/festa-delle-rose-moytm5ho,,,,,
SagrafavoriteSagra della tellina,,29 maggio - 31 maggio 2026,2026-05-29,2026-05-31,Passoscuro,Lazio,lazio,Roma e Dintorni,roma-e-dintorni,https://sagr.it/lazio/roma-e-dintorni/eventi/sagra-della-tellina,,,,,
SagrafavoriteSagra della Pecora,,31 maggio 2026,2026-05-31,2026-05-31,Sermoneta,Lazio,lazio,Roma e Dintorni,roma-e-dintorni,https://sagr.it/lazio/roma-e-dintorni/eventi/sagra-della-pecora-mp8uzeqh,,,,,
SagrafavoriteSagra degli gnocchi - Riofreddo,,1 giugno - 30 giugno 2026,2026-06-01,2026-06-30,Riofreddo,Lazio,lazio,Roma e Dintorni,roma-e-dintorni,https://sagr.it/lazio/roma-e-dintorni/eventi/sagra-degli-gnocchi-riofreddo,,,,,
SagrafavoriteSagra del Raviolo Dolce Cameratano,,1 giugno - 30 giugno 2026,2026-06-01,2026-06-30,Camerata Nuova,Lazio,lazio,Roma e Dintorni,roma-e-dintorni,https://sagr.it/lazio/roma-e-dintorni/eventi/sagra-del-raviolo-dolce-cameratano,,,,,
SagrafavoriteSagra delle Fragole a Nemi,,1 giugno - 30 giugno 2026,2026-06-01,2026-06-30,Nemi,Lazio,lazio,Roma e Dintorni,roma-e-dintorni,https://sagr.it/lazio/roma-e-dintorni/eventi/sagra-delle-fragole-a-nemi,,,,,
SagrafavoriteSagra delle Pennette Tricolore,,1 giugno 2026,2026-06-01,2026-06-01,Agosta,Lazio,lazio,Roma e Dintorni,roma-e-dintorni,https://sagr.it/lazio/roma-e-dintorni/eventi/sagra-delle-pennette-tricolore,,,,,
SagrafavoriteSagra delle cerase,,2 giugno - 7 giugno 2026,2026-06-02,2026-06-07,Palombara Sabina,Lazio,lazio,Roma e Dintorni,roma-e-dintorni,https://sagr.it/lazio/roma-e-dintorni/eventi/sagra-delle-cerase,,,,,
EventofavoriteFesta Laurentina,,5 giugno - 7 giugno 2026,2026-06-05,2026-06-07,Roma,Lazio,lazio,Roma e Dintorni,roma-e-dintorni,https://sagr.it/lazio/roma-e-dintorni/eventi/festa-laurentina,,,,,
SagrafavoriteSagra degli arrosticini,,5 giugno - 6 giugno 2026,2026-06-05,2026-06-06,Castelnuovo di Porto,Lazio,lazio,Roma e Dintorni,roma-e-dintorni,https://sagr.it/lazio/roma-e-dintorni/eventi/sagra-degli-arrosticini,,,,,
SagrafavoriteSagra del Pesce Fiumicino,,5 giugno - 7 giugno 2026,2026-06-05,2026-06-07,Fiumicino,Lazio,lazio,Roma e Dintorni,roma-e-dintorni,https://sagr.it/lazio/roma-e-dintorni/eventi/sagra-del-pesce-fiumicino,,,,,
SagrafavoriteI Sapori del Parco,,6 giugno - 7 giugno 2026,2026-06-06,2026-06-07,Sabaudia,Lazio,lazio,Roma e Dintorni,roma-e-dintorni,https://sagr.it/lazio/roma-e-dintorni/eventi/i-sapori-del-parco,,,,,
SagrafavoriteSagra della Ricotta,,7 giugno 2026,2026-06-07,2026-06-07,Capranica Prenestina,Lazio,lazio,Roma e Dintorni,roma-e-dintorni,https://sagr.it/lazio/roma-e-dintorni/eventi/sagra-della-ricotta,,,,,
FestivalfavoriteRock in Roma,,9 giugno - 18 luglio 2026,2026-06-09,2026-07-18,Roma,Lazio,lazio,Roma e Dintorni,roma-e-dintorni,https://sagr.it/lazio/roma-e-dintorni/eventi/rock-in-roma,,,,,
FestivalfavoriteRoma Summer Fest,,12 giugno - 15 settembre 2026,2026-06-12,2026-09-15,Roma,Lazio,lazio,Roma e Dintorni,roma-e-dintorni,https://sagr.it/lazio/roma-e-dintorni/eventi/roma-summer-fest,,,,,
SagrafavoriteGnocchi a coda de soreca,,12 giugno - 14 giugno 2026,2026-06-12,2026-06-14,Valmontone,Lazio,lazio,Roma e Dintorni,roma-e-dintorni,https://sagr.it/lazio/roma-e-dintorni/eventi/gnocchi-a-coda-de-soreca,,,,,
SagrafavoriteVinea,,12 giugno - 14 giugno 2026,2026-06-12,2026-06-14,Montecelio,Lazio,lazio,Roma e Dintorni,roma-e-dintorni,https://sagr.it/lazio/roma-e-dintorni/eventi/vinea,,,,,
Street FoodfavoriteInternational Street Food,,12 giugno - 14 giugno 2026,2026-06-12,2026-06-14,Latina,Lazio,lazio,Roma e Dintorni,roma-e-dintorni,https://sagr.it/lazio/roma-e-dintorni/eventi/international-street-food,,,,,
Evento culturalefavoriteInfiorata a Genzano di Roma,,13 giugno - 15 giugno 2026,2026-06-13,2026-06-15,Genzano di Roma,Lazio,lazio,Roma e Dintorni,roma-e-dintorni,https://sagr.it/lazio/roma-e-dintorni/eventi/infiorata-a-genzano-di-roma,,,,,
SagrafavoriteSagra del Pesce ad Anguillara Sabazia,,13 giugno - 14 giugno 2026,2026-06-13,2026-06-14,Anguillara Sabazia,Lazio,lazio,Roma e Dintorni,roma-e-dintorni,https://sagr.it/lazio/roma-e-dintorni/eventi/sagra-del-pesce-ad-anguillara-sabazia,,,,,
Festa patronalefavoriteFesta di San Giorgio,,19 giugno - 21 giugno 2026,2026-06-19,2026-06-21,Riano,Lazio,lazio,Roma e Dintorni,roma-e-dintorni,https://sagr.it/lazio/roma-e-dintorni/eventi/festa-di-san-giorgio-mqjngcaj,,,,,
SagrafavoriteSagra dell'Arrosticino,,19 giugno - 20 giugno 2026,2026-06-19,2026-06-20,Fiano Romano,Lazio,lazio,Roma e Dintorni,roma-e-dintorni,https://sagr.it/lazio/roma-e-dintorni/eventi/sagra-dell-arrosticino,,,,,
SagrafavoriteSagra della Lumaca,,19 giugno - 21 giugno 2026,2026-06-19,2026-06-21,Allumiere,Lazio,lazio,Roma e Dintorni,roma-e-dintorni,https://sagr.it/lazio/roma-e-dintorni/eventi/sagra-della-lumaca-mq9ia3sj,,,,,
RievocazionefavoriteBracciano Medievale - Arti e Mestieri,,20 giugno - 21 giugno 2026,2026-06-20,2026-06-21,Bracciano,Lazio,lazio,Roma e Dintorni,roma-e-dintorni,https://sagr.it/lazio/roma-e-dintorni/eventi/bracciano-medievale-arti-e-mestieri,,,,,
RievocazionefavoritePalio di Cori,,20 giugno - 25 luglio 2026,2026-06-20,2026-07-25,Cori,Lazio,lazio,Roma e Dintorni,roma-e-dintorni,https://sagr.it/lazio/roma-e-dintorni/eventi/palio-di-cori,,,,,
MercatofavoriteGli Ambulanti di Forte dei Marmi,,21 giugno 2026,2026-06-21,2026-06-21,Marina di San Nicola,Lazio,lazio,Roma e Dintorni,roma-e-dintorni,https://sagr.it/lazio/roma-e-dintorni/eventi/gli-ambulanti-di-forte-dei-marmi,,,,,
SagrafavoriteSagra della Lumaca a Valmontone,,24 giugno - 28 giugno 2026,2026-06-24,2026-06-28,Valmontone,Lazio,lazio,Roma e Dintorni,roma-e-dintorni,https://sagr.it/lazio/roma-e-dintorni/eventi/sagra-della-lumaca-a-valmontone,,,,,
Evento culturalefavoriteRocca... in Cantina,,26 giugno - 27 giugno 2026,2026-06-26,2026-06-27,Tolfa,Lazio,lazio,Roma e Dintorni,roma-e-dintorni,https://sagr.it/lazio/roma-e-dintorni/eventi/rocca-in-cantina,,,,,
RievocazionefavoriteSagra dei Bigoi al Torcio - Aratura d'Epoca e Antichi Mestieri,,26 giugno - 28 giugno 2026,2026-06-26,2026-06-28,Sabaudia,Lazio,lazio,Roma e Dintorni,roma-e-dintorni,https://sagr.it/lazio/roma-e-dintorni/eventi/sagra-dei-bigoi-al-torcio-aratura-d-epoca-e-antichi-mestieri,,,,,
SagrafavoriteFesta della Birra & Pizza,,26 giugno - 28 giugno 2026,2026-06-26,2026-06-28,Velletri,Lazio,lazio,Roma e Dintorni,roma-e-dintorni,https://sagr.it/lazio/roma-e-dintorni/eventi/festa-della-birra-pizza,,,,,
SagrafavoriteSagra della casareccia con salsiccia e ficorilli,,28 giugno - 29 giugno 2026,2026-06-28,2026-06-29,Montelibretti,Lazio,lazio,Roma e Dintorni,roma-e-dintorni,https://sagr.it/lazio/roma-e-dintorni/eventi/sagra-della-casareccia-con-salsiccia-e-ficorilli,,,,,
SagrafavoriteCapena Beer Fest,,2 luglio - 4 luglio 2026,2026-07-02,2026-07-04,Capena,Lazio,lazio,Roma e Dintorni,roma-e-dintorni,https://sagr.it/lazio/roma-e-dintorni/eventi/capena-beer-fest,,,,,
SagrafavoriteCellittata Larianese,,2 luglio - 5 luglio 2026,2026-07-02,2026-07-05,Lariano,Lazio,lazio,Roma e Dintorni,roma-e-dintorni,https://sagr.it/lazio/roma-e-dintorni/eventi/cellittata-larianese,,,,,
Evento culturalefavoriteRoma Buskers,Festival,3 luglio - 5 luglio 2026,2026-07-03,2026-07-05,Roma,Lazio,lazio,Roma e Dintorni,roma-e-dintorni,https://sagr.it/lazio/roma-e-dintorni/eventi/roma-buskers-festival,,,,,
SagrafavoriteSagra del Cinghiale & dei Sentieri dell'Allume,,3 luglio - 5 luglio 2026,2026-07-03,2026-07-05,Allumiere,Lazio,lazio,Roma e Dintorni,roma-e-dintorni,https://sagr.it/lazio/roma-e-dintorni/eventi/sagra-del-cinghiale-dei-sentieri-dell-allume,,,,,
RievocazionefavoritePalio Madama Margherita,,4 luglio - 12 luglio 2026,2026-07-04,2026-07-12,Castel Madama,Lazio,lazio,Roma e Dintorni,roma-e-dintorni,https://sagr.it/lazio/roma-e-dintorni/eventi/palio-madama-margherita,,,,,
RievocazionefavoriteFesta della Mietitura - Chiesuola,,9 luglio - 20 luglio 2026,2026-07-09,2026-07-20,Chiesuola,Lazio,lazio,Roma e Dintorni,roma-e-dintorni,https://sagr.it/lazio/roma-e-dintorni/eventi/festa-della-mietitura-chiesuola,,,,,
SagrafavoriteSagra Der Cignale,,10 luglio - 12 luglio 2026,2026-07-10,2026-07-12,Canale Monterano,Lazio,lazio,Roma e Dintorni,roma-e-dintorni,https://sagr.it/lazio/roma-e-dintorni/eventi/sagra-der-cignale,,,,,
SagrafavoriteSagra degli Antichi Sapori e dell'Acquacotta,,10 luglio - 12 luglio 2026,2026-07-10,2026-07-12,Allumiere,Lazio,lazio,Roma e Dintorni,roma-e-dintorni,https://sagr.it/lazio/roma-e-dintorni/eventi/sagra-degli-antichi-sapori-e-dell-acquacotta,,,,,
SagrafavoriteSagra del Raviolo Ciciglianegliu,,10 luglio - 12 luglio 2026,2026-07-10,2026-07-12,Ciciliano,Lazio,lazio,Roma e Dintorni,roma-e-dintorni,https://sagr.it/lazio/roma-e-dintorni/eventi/sagra-del-raviolo-ciciglianegliu,,,,,
SagrafavoriteSagra del Tartufo Aurunco,,10 luglio - 12 luglio 2026,2026-07-10,2026-07-12,Santi Cosma e Damiano,Lazio,lazio,Roma e Dintorni,roma-e-dintorni,https://sagr.it/lazio/roma-e-dintorni/eventi/sagra-del-tartufo-aurunco,,,,,
SagrafavoriteSagra della Bistecca,,10 luglio - 11 luglio 2026,2026-07-10,2026-07-11,Tolfa,Lazio,lazio,Roma e Dintorni,roma-e-dintorni,https://sagr.it/lazio/roma-e-dintorni/eventi/sagra-della-bistecca-tolfa,,,,,
SagrafavoriteSagra del fallacciano,,12 luglio 2026,2026-07-12,2026-07-12,Bellegra,Lazio,lazio,Roma e Dintorni,roma-e-dintorni,https://sagr.it/lazio/roma-e-dintorni/eventi/sagra-del-fallacciano,,,,,
SagrafavoriteFesta della Birra Sant’Isidoro,,16 luglio - 19 luglio 2026,2026-07-16,2026-07-19,Sabaudia,Lazio,lazio,Roma e Dintorni,roma-e-dintorni,https://sagr.it/lazio/roma-e-dintorni/eventi/festa-della-birra-sant-isidoro,,,,,
SagrafavoriteSagra dell'Arrosticino,,17 luglio - 19 luglio 2026,2026-07-17,2026-07-19,Manziana,Lazio,lazio,Roma e Dintorni,roma-e-dintorni,https://sagr.it/lazio/roma-e-dintorni/eventi/sagra-dell-arrosticino-mqt9i29n,,,,,
SagrafavoriteSagra della pera spadona,,19 luglio - 20 luglio 2026,2026-07-19,2026-07-20,Castel Madama,Lazio,lazio,Roma e Dintorni,roma-e-dintorni,https://sagr.it/lazio/roma-e-dintorni/eventi/sagra-della-pera-spadona,,,,,
SagrafavoriteFesta Cozze e Pecorino,,23 luglio - 2 agosto 2026,2026-07-23,2026-08-02,Fiumicino,Lazio,lazio,Roma e Dintorni,roma-e-dintorni,https://sagr.it/lazio/roma-e-dintorni/eventi/festa-cozze-e-pecorino,,,,,
SagrafavoriteSagra de li lombrichi,,25 luglio - 27 luglio 2026,2026-07-25,2026-07-27,Manziana,Lazio,lazio,Roma e Dintorni,roma-e-dintorni,https://sagr.it/lazio/roma-e-dintorni/eventi/sagra-de-li-lombrichi,,,,,
SagrafavoriteSagra dei maccaruni,,1 agosto - 3 agosto 2026,2026-08-01,2026-08-03,Gavignano,Lazio,lazio,Roma e Dintorni,roma-e-dintorni,https://sagr.it/lazio/roma-e-dintorni/eventi/sagra-dei-maccaruni,,,,,
SagrafavoriteSagra della zazzicchia,,2 agosto - 3 agosto 2026,2026-08-02,2026-08-03,Sonnino,Lazio,lazio,Roma e Dintorni,roma-e-dintorni,https://sagr.it/lazio/roma-e-dintorni/eventi/sagra-della-zazzicchia,,,,,
SagrafavoriteSagra del prosciutto,,3 agosto 2026,2026-08-03,2026-08-03,Bassiano,Lazio,lazio,Roma e Dintorni,roma-e-dintorni,https://sagr.it/lazio/roma-e-dintorni/eventi/sagra-del-prosciutto,,,,,
SagrafavoriteSagra delle Pappardelle,,7 agosto - 9 agosto 2026,2026-08-07,2026-08-09,Canale Monterano,Lazio,lazio,Roma e Dintorni,roma-e-dintorni,https://sagr.it/lazio/roma-e-dintorni/eventi/sagra-delle-pappardelle,,,,,
SagrafavoriteSagra delle rane e del fagiolo regina,,8 agosto - 9 agosto 2026,2026-08-08,2026-08-09,Agosta,Lazio,lazio,Roma e Dintorni,roma-e-dintorni,https://sagr.it/lazio/roma-e-dintorni/eventi/sagra-delle-rane-e-del-fagiolo-regina,,,,,
SagrafavoriteSagra della pizza fritta,,9 agosto 2026,2026-08-09,2026-08-09,Arsoli,Lazio,lazio,Roma e Dintorni,roma-e-dintorni,https://sagr.it/lazio/roma-e-dintorni/eventi/sagra-della-pizza-fritta,,,,,
Festa patronalefavoritePalio delle contrade,,15 agosto - 23 agosto 2026,2026-08-15,2026-08-23,Allumiere,Lazio,lazio,Roma e Dintorni,roma-e-dintorni,https://sagr.it/lazio/roma-e-dintorni/eventi/palio-delle-contrade-mp7j73h9,,,,,
SagrafavoriteSagra dei Cuzzi,,16 agosto 2026,2026-08-16,2026-08-16,Roviano,Lazio,lazio,Roma e Dintorni,roma-e-dintorni,https://sagr.it/lazio/roma-e-dintorni/eventi/sagra-dei-cuzzi,,,,,
SagrafavoriteSagra degli gnoccacci ai funghi porcini,,22 agosto - 29 agosto 2026,2026-08-22,2026-08-29,Rocca Santo Stefano,Lazio,lazio,Roma e Dintorni,roma-e-dintorni,https://sagr.it/lazio/roma-e-dintorni/eventi/sagra-degli-gnoccacci-ai-funghi-porcini,,,,,
SagrafavoriteSagra del pomodoro pantano,,22 agosto - 24 agosto 2026,2026-08-22,2026-08-24,Ardea,Lazio,lazio,Roma e Dintorni,roma-e-dintorni,https://sagr.it/lazio/roma-e-dintorni/eventi/sagra-del-pomodoro-pantano,,,,,
SagrafavoriteSagra delle sagne co' gliù beccalà,,22 agosto 2026,2026-08-22,2026-08-22,Pisoniano,Lazio,lazio,Roma e Dintorni,roma-e-dintorni,https://sagr.it/lazio/roma-e-dintorni/eventi/sagra-delle-sagne-co-gliu-beccala,,,,,
SagrafavoriteSagra dell’uva e del vino dei Colli Ceriti,,27 agosto - 30 agosto 2026,2026-08-27,2026-08-30,Cerveteri,Lazio,lazio,Roma e Dintorni,roma-e-dintorni,https://sagr.it/lazio/roma-e-dintorni/eventi/sagra-dell-uva-e-del-vino-dei-colli-ceriti,,,,,
SagrafavoriteSagra del Pizzutello,,29 agosto - 31 agosto 2026,2026-08-29,2026-08-31,Tivoli,Lazio,lazio,Roma e Dintorni,roma-e-dintorni,https://sagr.it/lazio/roma-e-dintorni/eventi/sagra-del-pizzutello,,,,,
SagrafavoriteSagra degli ‘ndremmappi di jenne,,4 settembre - 5 settembre 2026,2026-09-04,2026-09-05,Jenne,Lazio,lazio,Roma e Dintorni,roma-e-dintorni,https://sagr.it/lazio/roma-e-dintorni/eventi/sagra-degli-ndremmappi-di-jenne,,,,,
SagrafavoriteSagra delle pinciarelle,,5 settembre - 7 settembre 2026,2026-09-05,2026-09-07,Montecelio,Lazio,lazio,Roma e Dintorni,roma-e-dintorni,https://sagr.it/lazio/roma-e-dintorni/eventi/sagra-delle-pinciarelle,,,,,
SagrafavoriteSagra della Fagiolina di Arsoli,,7 settembre 2026,2026-09-07,2026-09-07,Arsoli,Lazio,lazio,Roma e Dintorni,roma-e-dintorni,https://sagr.it/lazio/roma-e-dintorni/eventi/sagra-della-fagiolina-di-arsoli,,,,,
SagrafavoriteFesta del porcino mostra mercato,,10 settembre - 21 settembre 2026,2026-09-10,2026-09-21,Lariano,Lazio,lazio,Roma e Dintorni,roma-e-dintorni,https://sagr.it/lazio/roma-e-dintorni/eventi/festa-del-porcino-mostra-mercato,,,,,
SagrafavoriteFesta del pane casareccio IGP,,18 settembre - 21 settembre 2026,2026-09-18,2026-09-21,Genzano di Roma,Lazio,lazio,Roma e Dintorni,roma-e-dintorni,https://sagr.it/lazio/roma-e-dintorni/eventi/festa-del-pane-casareccio-igp,,,,,
SagrafavoriteRoma Baccalà,,18 settembre - 21 settembre 2026,2026-09-18,2026-09-21,Roma,Lazio,lazio,Roma e Dintorni,roma-e-dintorni,https://sagr.it/lazio/roma-e-dintorni/eventi/roma-baccala,,,,,
SagrafavoriteFesta dell’uva e dei vini,,20 settembre - 21 settembre 2026,2026-09-20,2026-09-21,Velletri,Lazio,lazio,Roma e Dintorni,roma-e-dintorni,https://sagr.it/lazio/roma-e-dintorni/eventi/festa-dell-uva-e-dei-vini,,,,,
SagrafavoriteSagra dell’uva di San Cesareo,,26 settembre - 28 settembre 2026,2026-09-26,2026-09-28,San Cesareo,Lazio,lazio,Roma e Dintorni,roma-e-dintorni,https://sagr.it/lazio/roma-e-dintorni/eventi/sagra-dell-uva-di-san-cesareo,,,,,
SagrafavoriteSagra dell’uva,,27 settembre - 5 ottobre 2026,2026-09-27,2026-10-05,Marino,Lazio,lazio,Roma e Dintorni,roma-e-dintorni,https://sagr.it/lazio/roma-e-dintorni/eventi/sagra-dell-uva-mqbexrmo,,,,,
SagrafavoriteFesta dell’Uva di Mentana,,3 ottobre - 4 ottobre 2026,2026-10-03,2026-10-04,Mentana,Lazio,lazio,Roma e Dintorni,roma-e-dintorni,https://sagr.it/lazio/roma-e-dintorni/eventi/festa-dell-uva-di-mentana,,,,,
SagrafavoriteSagra delle tacchie ai funghi porcini,,3 ottobre - 12 ottobre 2026,2026-10-03,2026-10-12,Bellegra,Lazio,lazio,Roma e Dintorni,roma-e-dintorni,https://sagr.it/lazio/roma-e-dintorni/eventi/sagra-delle-tacchie-ai-funghi-porcini,,,,,
SagrafavoriteSagra pasta e fagioli,,4 ottobre 2026,2026-10-04,2026-10-04,Pisoniano,Lazio,lazio,Roma e Dintorni,roma-e-dintorni,https://sagr.it/lazio/roma-e-dintorni/eventi/sagra-pasta-e-fagioli,,,,,
SagrafavoriteVendemmiale Capena,,4 ottobre - 5 ottobre 2026,2026-10-04,2026-10-05,Capena,Lazio,lazio,Roma e Dintorni,roma-e-dintorni,https://sagr.it/lazio/roma-e-dintorni/eventi/vendemmiale-capena,,,,,
SagrafavoriteSagra dell’Uva Italia e sagra delle Pincinelle,,10 ottobre - 12 ottobre 2026,2026-10-10,2026-10-12,Colonna,Lazio,lazio,Roma e Dintorni,roma-e-dintorni,https://sagr.it/lazio/roma-e-dintorni/eventi/sagra-dell-uva-italia-e-sagra-delle-pincinelle,,,,,
SagrafavoriteSagra del Tartufo,,11 ottobre - 19 ottobre 2026,2026-10-11,2026-10-19,Canterano,Lazio,lazio,Roma e Dintorni,roma-e-dintorni,https://sagr.it/lazio/roma-e-dintorni/eventi/sagra-del-tartufo-mqbextca,,,,,
SagrafavoriteSagra delle sagne e farre,,11 ottobre - 12 ottobre 2026,2026-10-11,2026-10-12,Licenza,Lazio,lazio,Roma e Dintorni,roma-e-dintorni,https://sagr.it/lazio/roma-e-dintorni/eventi/sagra-delle-sagne-e-farre,,,,,
FierafavoriteExpoCook,,13 ottobre 2026,2026-10-13,2026-10-13,Roma,Lazio,lazio,Roma e Dintorni,roma-e-dintorni,https://sagr.it/lazio/roma-e-dintorni/eventi/expocook,,,,,
SagrafavoriteSagra dei marroni,,17 ottobre - 26 ottobre 2026,2026-10-17,2026-10-26,Rocca Massima,Lazio,lazio,Roma e Dintorni,roma-e-dintorni,https://sagr.it/lazio/roma-e-dintorni/eventi/sagra-dei-marroni,,,,,
SagrafavoriteSagra della castagna,,18 ottobre - 26 ottobre 2026,2026-10-18,2026-10-26,Cave,Lazio,lazio,Roma e Dintorni,roma-e-dintorni,https://sagr.it/lazio/roma-e-dintorni/eventi/sagra-della-castagna-mqpoy5pu,,,,,
SagrafavoriteSagra della pappardella al cinghiale,,18 ottobre 2026,2026-10-18,2026-10-18,Sacrofano,Lazio,lazio,Roma e Dintorni,roma-e-dintorni,https://sagr.it/lazio/roma-e-dintorni/eventi/sagra-della-pappardella-al-cinghiale,,,,,
SagrafavoriteIl marrone Segnino,,23 ottobre - 26 ottobre 2026,2026-10-23,2026-10-26,Segni,Lazio,lazio,Roma e Dintorni,roma-e-dintorni,https://sagr.it/lazio/roma-e-dintorni/eventi/il-marrone-segnino,,,,,
SagrafavoriteSagra delle “Zazzicchie e Verole”,,25 ottobre - 26 ottobre 2026,2026-10-25,2026-10-26,Gerano,Lazio,lazio,Roma e Dintorni,roma-e-dintorni,https://sagr.it/lazio/roma-e-dintorni/eventi/sagra-delle-zazzicchie-e-verole,,,,,
SagrafavoriteFesta della castagna,,1 novembre - 2 novembre 2026,2026-11-01,2026-11-02,Riofreddo,Lazio,lazio,Roma e Dintorni,roma-e-dintorni,https://sagr.it/lazio/roma-e-dintorni/eventi/festa-della-castagna-mqpoy6q5,,,,,
SagrafavoriteSagra della Rola,,8 novembre - 9 novembre 2026,2026-11-08,2026-11-09,Rocca Canterano,Lazio,lazio,Roma e Dintorni,roma-e-dintorni,https://sagr.it/lazio/roma-e-dintorni/eventi/sagra-della-rola,,,,,
SagrafavoriteSagra mosciarella,,30 novembre 2026,2026-11-30,2026-11-30,Capranica Prenestina,Lazio,lazio,Roma e Dintorni,roma-e-dintorni,https://sagr.it/lazio/roma-e-dintorni/eventi/sagra-mosciarella,,,,,
SagrafavoriteSagra della pizza gialla e broccoletti,,14 febbraio - 15 febbraio 2027,2027-02-14,2027-02-15,San Vito Romano,Lazio,lazio,Roma e Dintorni,roma-e-dintorni,https://sagr.it/lazio/roma-e-dintorni/eventi/sagra-della-pizza-gialla-e-broccoletti,,,,,
SagrafavoriteSagra della Polenta rencocciata,,21 febbraio - 22 febbraio 2027,2027-02-21,2027-02-22,Licenza,Lazio,lazio,Roma e Dintorni,roma-e-dintorni,https://sagr.it/lazio/roma-e-dintorni/eventi/sagra-della-polenta-rencocciata,,,,,
SagrafavoriteSagra della Falia e Broccoletti,,15 marzo 2027,2027-03-15,2027-03-15,Priverno,Lazio,lazio,Roma e Dintorni,roma-e-dintorni,https://sagr.it/lazio/roma-e-dintorni/eventi/sagra-della-falia-e-broccoletti,,,,,
Evento culturalefavoritePalio dei somari Sindaci,,19 aprile 2026,2026-04-19,2026-04-19,Amatrice,Lazio,lazio,Sabina,sabina,https://sagr.it/lazio/sabina/eventi/palio-dei-somari-sindaci,,,,,
SagrafavoriteSagra dei vertuti,,1 maggio 2026,2026-05-01,2026-05-01,Rocca Sinibalda,Lazio,lazio,Sabina,sabina,https://sagr.it/lazio/sabina/eventi/sagra-dei-vertuti,,,,,
SagrafavoriteSagra dell'Asparago Selvatico,,10 maggio 2026,2026-05-10,2026-05-10,Poggio Moiano,Lazio,lazio,Sabina,sabina,https://sagr.it/lazio/sabina/eventi/sagra-dell-asparago-selvatico,,,,,
SagrafavoriteSagra dell’Asparago Poggio Moiano,,10 maggio 2026,2026-05-10,2026-05-10,Poggio Moiano,Lazio,lazio,Sabina,sabina,https://sagr.it/lazio/sabina/eventi/sagra-dell-asparago-poggio-moiano,,,,,
SagrafavoriteSagra dell'Asparago Selvatico,,24 maggio 2026,2026-05-24,2026-05-24,Poggio Moiano,Lazio,lazio,Sabina,sabina,https://sagr.it/lazio/sabina/eventi/sagra-dell-asparago-selvatico-mpiwc3xb,,,,,
SagrafavoriteSagra della Fregnaccia a Montasola,,1 giugno - 30 giugno 2026,2026-06-01,2026-06-30,Montasola,Lazio,lazio,Sabina,sabina,https://sagr.it/lazio/sabina/eventi/sagra-della-fregnaccia-a-montasola,,,,,
SagrafavoriteCastello DiVino Wine,Festival,13 giugno - 14 giugno 2026,2026-06-13,2026-06-14,Nerola,Lazio,lazio,Sabina,sabina,https://sagr.it/lazio/sabina/eventi/castello-divino-wine-festival,,,,,
RievocazionefavoriteCastaldato Interocrino,,20 giugno - 24 luglio 2026,2026-06-20,2026-07-24,Antrodoco,Lazio,lazio,Sabina,sabina,https://sagr.it/lazio/sabina/eventi/castaldato-interocrino,,,,,
RievocazionefavoritePalio del Velluto,,26 giugno - 29 giugno 2026,2026-06-26,2026-06-29,Leonessa,Lazio,lazio,Sabina,sabina,https://sagr.it/lazio/sabina/eventi/palio-del-velluto,,,,,
SagrafavoriteSagra del fallone selciano,,29 giugno 2026,2026-06-29,2026-06-29,Selci,Lazio,lazio,Sabina,sabina,https://sagr.it/lazio/sabina/eventi/sagra-del-fallone-selciano,,,,,
SagrafavoriteSagra dei Cecamariti,,6 luglio 2026,2026-07-06,2026-07-06,Orvinio,Lazio,lazio,Sabina,sabina,https://sagr.it/lazio/sabina/eventi/sagra-dei-cecamariti,,,,,
SagrafavoriteSagra del gambero di fiume e della trota,,24 luglio - 25 luglio 2026,2026-07-24,2026-07-25,Rivodutri,Lazio,lazio,Sabina,sabina,https://sagr.it/lazio/sabina/eventi/sagra-del-gambero-di-fiume-e-della-trota,,,,,
SagrafavoriteSagra dei Maccheroni a Fezze,,25 luglio - 26 luglio 2026,2026-07-25,2026-07-26,Montenero Sabino,Lazio,lazio,Sabina,sabina,https://sagr.it/lazio/sabina/eventi/sagra-dei-maccheroni-a-fezze,,,,,
SagrafavoriteSagra del Tartufo,,26 luglio 2026,2026-07-26,2026-07-26,Micigliano,Lazio,lazio,Sabina,sabina,https://sagr.it/lazio/sabina/eventi/sagra-del-tartufo-monauceq,,,,,
SagrafavoriteSagra delle sagne strascinate,,27 luglio 2026,2026-07-27,2026-07-27,Paganico Sabino,Lazio,lazio,Sabina,sabina,https://sagr.it/lazio/sabina/eventi/sagra-delle-sagne-strascinate,,,,,
SagrafavoriteSagra dei stringozzi,,31 luglio - 3 agosto 2026,2026-07-31,2026-08-03,Casperia,Lazio,lazio,Sabina,sabina,https://sagr.it/lazio/sabina/eventi/sagra-dei-stringozzi,,,,,
SagrafavoriteSagra delle fettuccine alla trebulana,,1 agosto - 2 agosto 2026,2026-08-01,2026-08-02,Monteleone Sabino,Lazio,lazio,Sabina,sabina,https://sagr.it/lazio/sabina/eventi/sagra-delle-fettuccine-alla-trebulana,,,,,
SagrafavoriteSagra delle fettuccine al fungo porcino,,3 agosto 2026,2026-08-03,2026-08-03,Ascrea,Lazio,lazio,Sabina,sabina,https://sagr.it/lazio/sabina/eventi/sagra-delle-fettuccine-al-fungo-porcino,,,,,
SagrafavoriteSagra del tartufo,,8 agosto 2026,2026-08-08,2026-08-08,Petrella Salto,Lazio,lazio,Sabina,sabina,https://sagr.it/lazio/sabina/eventi/sagra-del-tartufo-moxezoyn,,,,,
SagrafavoriteSagra della lenticchia di Rascino,,10 agosto 2026,2026-08-10,2026-08-10,Fiamignano,Lazio,lazio,Sabina,sabina,https://sagr.it/lazio/sabina/eventi/sagra-della-lenticchia-di-rascino,,,,,
"SagrafavoriteSagra ""de u pizzicottu”",,15 agosto - 16 agosto 2026,2026-08-15,2026-08-16,Contigliano,Lazio,lazio,Sabina,sabina,https://sagr.it/lazio/sabina/eventi/sagra-de-u-pizzicottu,,,,,
SagrafavoriteSagra delle strengozze,,21 agosto - 24 agosto 2026,2026-08-21,2026-08-24,Cantalice,Lazio,lazio,Sabina,sabina,https://sagr.it/lazio/sabina/eventi/sagra-delle-strengozze,,,,,
SagrafavoriteSagra della Braciola,,22 agosto - 27 agosto 2026,2026-08-22,2026-08-27,Cittareale,Lazio,lazio,Sabina,sabina,https://sagr.it/lazio/sabina/eventi/sagra-della-braciola,,,,,
SagrafavoriteSagra degli spaghetti all’amatriciana,,30 agosto - 31 agosto 2026,2026-08-30,2026-08-31,Amatrice,Lazio,lazio,Sabina,sabina,https://sagr.it/lazio/sabina/eventi/sagra-degli-spaghetti-all-amatriciana,,,,,
SagrafavoriteSagra dei Longarini e del Ciammellocco,,12 settembre - 14 settembre 2026,2026-09-12,2026-09-14,Cretone,Lazio,lazio,Sabina,sabina,https://sagr.it/lazio/sabina/eventi/sagra-dei-longarini-e-del-ciammellocco,,,,,
SagrafavoriteSagra degli Stigliozzi,,28 settembre 2026,2026-09-28,2026-09-28,Castel di Tora,Lazio,lazio,Sabina,sabina,https://sagr.it/lazio/sabina/eventi/sagra-degli-stigliozzi,,,,,
SagrafavoriteSagra della Porchetta,,3 ottobre - 4 ottobre 2026,2026-10-03,2026-10-04,Poggio Bustone,Lazio,lazio,Sabina,sabina,https://sagr.it/lazio/sabina/eventi/sagra-della-porchetta-poggio-bustone,,,,,
SagrafavoriteSagra della patata,,10 ottobre - 12 ottobre 2026,2026-10-10,2026-10-12,Leonessa,Lazio,lazio,Sabina,sabina,https://sagr.it/lazio/sabina/eventi/sagra-della-patata-mqbexs1g,,,,,
SagrafavoriteSagra dei frascarelli e castagne,,1 novembre 2026,2026-11-01,2026-11-01,Rocca Sinibalda,Lazio,lazio,Sabina,sabina,https://sagr.it/lazio/sabina/eventi/sagra-dei-frascarelli-e-castagne,,,,,
SagrafavoriteSagra della castagna rossa del cicolano,,1 novembre 2026,2026-11-01,2026-11-01,Marcetelli,Lazio,lazio,Sabina,sabina,https://sagr.it/lazio/sabina/eventi/sagra-della-castagna-rossa-del-cicolano,,,,,
SagrafavoriteSagra della bruschetta,,15 novembre 2026,2026-11-15,2026-11-15,Monteleone Sabino,Lazio,lazio,Sabina,sabina,https://sagr.it/lazio/sabina/eventi/sagra-della-bruschetta-monteleone-sabino,,,,,
SagrafavoriteSagra dellu Pizzillu,,8 dicembre 2026,2026-12-08,2026-12-08,Orvinio,Lazio,lazio,Sabina,sabina,https://sagr.it/lazio/sabina/eventi/sagra-dellu-pizzillu,,,,,
SagrafavoriteSagra del frittello,,22 marzo 2027,2027-03-22,2027-03-22,Roccantica,Lazio,lazio,Sabina,sabina,https://sagr.it/lazio/sabina/eventi/sagra-del-frittello,,,,,
SagrafavoriteSagra delle pappardelle al sugo di lepre,,19 aprile 2027,2027-04-19,2027-04-19,Nerola,Lazio,lazio,Sabina,sabina,https://sagr.it/lazio/sabina/eventi/sagra-delle-pappardelle-al-sugo-di-lepre,,,,,
SagrafavoriteSagra dell'asparago verde di Canino IGP,,18 aprile - 19 aprile 2026,2026-04-18,2026-04-19,Canino,Lazio,lazio,Tuscia e Viterbo,tuscia-e-viterbo,https://sagr.it/lazio/tuscia-e-viterbo/eventi/sagra-dell-asparago-verde-di-canino-igp,,,,,
RievocazionefavoritePalio di Sant&rsquo;Anselmo e Sagra del Biscotto Bomarzo,,22 aprile - 25 aprile 2026,2026-04-22,2026-04-25,Bomarzo,Lazio,lazio,Tuscia e Viterbo,tuscia-e-viterbo,https://sagr.it/lazio/tuscia-e-viterbo/eventi/palio-di-sant-anselmo-e-sagra-del-biscotto-bomarzo,,,,,
SagrafavoriteSagra della fava e del pecorino,,1 maggio 2026,2026-05-01,2026-05-01,Filacciano,Lazio,lazio,Tuscia e Viterbo,tuscia-e-viterbo,https://sagr.it/lazio/tuscia-e-viterbo/eventi/sagra-della-fava-e-del-pecorino,,,,,
SagrafavoriteCarciofo fest,,6 maggio - 10 maggio 2026,2026-05-06,2026-05-10,Orte,Lazio,lazio,Tuscia e Viterbo,tuscia-e-viterbo,https://sagr.it/lazio/tuscia-e-viterbo/eventi/carciofo-fest,,,,,
SagrafavoriteSagra del Salame Cotto e del Pecorino di Nepi,,8 maggio - 10 maggio 2026,2026-05-08,2026-05-10,Nepi,Lazio,lazio,Tuscia e Viterbo,tuscia-e-viterbo,https://sagr.it/lazio/tuscia-e-viterbo/eventi/sagra-del-salame-cotto-e-del-pecorino-di-nepi,,,,,
SagrafavoriteAssaggi - Salone dell'Enogastronomia Laziale,,16 maggio - 18 maggio 2026,2026-05-16,2026-05-18,Viterbo,Lazio,lazio,Tuscia e Viterbo,tuscia-e-viterbo,https://sagr.it/lazio/tuscia-e-viterbo/eventi/assaggi-salone-dell-enogastronomia-laziale,,,,,
SagrafavoriteAssaggi a Viterbo,,16 maggio - 18 maggio 2026,2026-05-16,2026-05-18,Viterbo,Lazio,lazio,Tuscia e Viterbo,tuscia-e-viterbo,https://sagr.it/lazio/tuscia-e-viterbo/eventi/assaggi-a-viterbo,,,,,
SagrafavoriteSagra del Fungo Porcino,,17 maggio - 24 maggio 2026,2026-05-17,2026-05-24,Vallerano,Lazio,lazio,Tuscia e Viterbo,tuscia-e-viterbo,https://sagr.it/lazio/tuscia-e-viterbo/eventi/sagra-del-fungo-porcino-moor2efy,,,,,
SagrafavoriteFesta del Fungo Porcino,,22 maggio - 24 maggio 2026,2026-05-22,2026-05-24,Canepina,Lazio,lazio,Tuscia e Viterbo,tuscia-e-viterbo,https://sagr.it/lazio/tuscia-e-viterbo/eventi/festa-del-fungo-porcino,,,,,
SagrafavoriteSagra dello zucchino,,31 maggio - 2 giugno 2026,2026-05-31,2026-06-02,Borgo Montenero,Lazio,lazio,Tuscia e Viterbo,tuscia-e-viterbo,https://sagr.it/lazio/tuscia-e-viterbo/eventi/sagra-dello-zucchino,,,,,
FierafavoriteFiera dell’Agricoltura e Artigianato a Caprarola,,1 giugno - 30 giugno 2026,2026-06-01,2026-06-30,Caprarola,Lazio,lazio,Tuscia e Viterbo,tuscia-e-viterbo,https://sagr.it/lazio/tuscia-e-viterbo/eventi/fiera-dell-agricoltura-e-artigianato-a-caprarola,,,,,
RievocazionefavoritePalio dei Borgia,,5 giugno - 21 giugno 2026,2026-06-05,2026-06-21,Nepi,Lazio,lazio,Tuscia e Viterbo,tuscia-e-viterbo,https://sagr.it/lazio/tuscia-e-viterbo/eventi/palio-dei-borgia,,,,,
SagrafavoriteFesta delle ciliegie,,6 giugno - 8 giugno 2026,2026-06-06,2026-06-08,Celleno,Lazio,lazio,Tuscia e Viterbo,tuscia-e-viterbo,https://sagr.it/lazio/tuscia-e-viterbo/eventi/festa-delle-ciliegie-mobz20vm,,,,,
SagrafavoriteFesta del Fiore di Zucca,,12 giugno - 14 giugno 2026,2026-06-12,2026-06-14,Graffignano,Lazio,lazio,Tuscia e Viterbo,tuscia-e-viterbo,https://sagr.it/lazio/tuscia-e-viterbo/eventi/festa-del-fiore-di-zucca,,,,,
Evento culturalefavoriteCivitonix,,13 giugno - 14 giugno 2026,2026-06-13,2026-06-14,Civita Castellana,Lazio,lazio,Tuscia e Viterbo,tuscia-e-viterbo,https://sagr.it/lazio/tuscia-e-viterbo/eventi/civitonix,,,,,
FierafavoriteAsinItaly,,13 giugno - 14 giugno 2026,2026-06-13,2026-06-14,Allumiere,Lazio,lazio,Tuscia e Viterbo,tuscia-e-viterbo,https://sagr.it/lazio/tuscia-e-viterbo/eventi/asinitaly,,,,,
SagrafavoriteFesta dei Cimini,,17 giugno - 21 giugno 2026,2026-06-17,2026-06-21,Soriano nel Cimino,Lazio,lazio,Tuscia e Viterbo,tuscia-e-viterbo,https://sagr.it/lazio/tuscia-e-viterbo/eventi/festa-dei-cimini,,,,,
SagrafavoriteSagra della Frittura,,19 giugno - 21 giugno 2026,2026-06-19,2026-06-21,Vallerano,Lazio,lazio,Tuscia e Viterbo,tuscia-e-viterbo,https://sagr.it/lazio/tuscia-e-viterbo/eventi/sagra-della-frittura-mq1rregh,,,,,
SagrafavoriteWine & Flowers Bolsena,,19 giugno - 21 giugno 2026,2026-06-19,2026-06-21,Bolsena,Lazio,lazio,Tuscia e Viterbo,tuscia-e-viterbo,https://sagr.it/lazio/tuscia-e-viterbo/eventi/wine-flowers-bolsena,,,,,
SagrafavoriteSagra della Pizza,,26 giugno - 28 giugno 2026,2026-06-26,2026-06-28,Bagnoregio,Lazio,lazio,Tuscia e Viterbo,tuscia-e-viterbo,https://sagr.it/lazio/tuscia-e-viterbo/eventi/sagra-della-pizza-mqn2drnu,,,,,
SagrafavoriteSagra della Frittura,,27 giugno - 29 giugno 2026,2026-06-27,2026-06-29,Vallerano,Lazio,lazio,Tuscia e Viterbo,tuscia-e-viterbo,https://sagr.it/lazio/tuscia-e-viterbo/eventi/sagra-della-frittura,,,,,
SagrafavoriteSagra delle regne,,1 luglio - 19 luglio 2026,2026-07-01,2026-07-19,Minturno,Lazio,lazio,Tuscia e Viterbo,tuscia-e-viterbo,https://sagr.it/lazio/tuscia-e-viterbo/eventi/sagra-delle-regne,,,,,
RievocazionefavoriteFestival Ludika 1243,,2 luglio - 5 luglio 2026,2026-07-02,2026-07-05,Viterbo,Lazio,lazio,Tuscia e Viterbo,tuscia-e-viterbo,https://sagr.it/lazio/tuscia-e-viterbo/eventi/festival-ludika-1243,,,,,
SagrafavoriteSagra del Cappellaccio e del Visciolo,,3 luglio - 5 luglio 2026,2026-07-03,2026-07-05,Castel Sant'Elia,Lazio,lazio,Tuscia e Viterbo,tuscia-e-viterbo,https://sagr.it/lazio/tuscia-e-viterbo/eventi/sagra-del-cappellaccio-e-del-visciolo,,,,,
SagrafavoriteSagra della Gavinella Carbognanese,,3 luglio - 11 luglio 2026,2026-07-03,2026-07-11,Carbognano,Lazio,lazio,Tuscia e Viterbo,tuscia-e-viterbo,https://sagr.it/lazio/tuscia-e-viterbo/eventi/sagra-della-gavinella-carbognanese,,,,,
SagrafavoriteVejano e... la piazza a fiamma,,3 luglio - 5 luglio 2026,2026-07-03,2026-07-05,Vejano,Lazio,lazio,Tuscia e Viterbo,tuscia-e-viterbo,https://sagr.it/lazio/tuscia-e-viterbo/eventi/vejano-e-la-piazza-a-fiamma,,,,,
SagrafavoriteSagra dei maccaroni canepinesi,,4 luglio - 6 luglio 2026,2026-07-04,2026-07-06,Canepina,Lazio,lazio,Tuscia e Viterbo,tuscia-e-viterbo,https://sagr.it/lazio/tuscia-e-viterbo/eventi/sagra-dei-maccaroni-canepinesi,,,,,
SagrafavoriteFesta della Mietitura,,9 luglio - 20 luglio 2026,2026-07-09,2026-07-20,Chiesuola Latina,Lazio,lazio,Tuscia e Viterbo,tuscia-e-viterbo,https://sagr.it/lazio/tuscia-e-viterbo/eventi/festa-della-mietitura,,,,,
SagrafavoriteFesta dei Sapori,,17 luglio - 19 luglio 2026,2026-07-17,2026-07-19,Vejano,Lazio,lazio,Tuscia e Viterbo,tuscia-e-viterbo,https://sagr.it/lazio/tuscia-e-viterbo/eventi/festa-dei-sapori,,,,,
SagrafavoriteSagra della Pecora,,17 luglio - 26 luglio 2026,2026-07-17,2026-07-26,Civita Castellana,Lazio,lazio,Tuscia e Viterbo,tuscia-e-viterbo,https://sagr.it/lazio/tuscia-e-viterbo/eventi/sagra-della-pecora-civita-castellana,,,,,
SagrafavoriteFestival dell'aglio rosso,,19 luglio 2026,2026-07-19,2026-07-19,Proceno,Lazio,lazio,Tuscia e Viterbo,tuscia-e-viterbo,https://sagr.it/lazio/tuscia-e-viterbo/eventi/festival-dell-aglio-rosso,,,,,
SagrafavoriteFesta degli Gnocchi co'i Ferro,,23 luglio - 26 luglio 2026,2026-07-23,2026-07-26,Soriano nel Cimino,Lazio,lazio,Tuscia e Viterbo,tuscia-e-viterbo,https://sagr.it/lazio/tuscia-e-viterbo/eventi/festa-degli-gnocchi-co-i-ferro,,,,,
SagrafavoriteFesta della Bistecca,,25 luglio - 2 agosto 2026,2026-07-25,2026-08-02,Soriano nel Cimino,Lazio,lazio,Tuscia e Viterbo,tuscia-e-viterbo,https://sagr.it/lazio/tuscia-e-viterbo/eventi/festa-della-bistecca,,,,,
Festa patronalefavoriteFesteggiamenti in onore di S. Giacinta e S. Biagio a Vignanello,,29 luglio - 2 agosto 2026,2026-07-29,2026-08-02,Vignanello,Lazio,lazio,Tuscia e Viterbo,tuscia-e-viterbo,https://sagr.it/lazio/tuscia-e-viterbo/eventi/festeggiamenti-in-onore-di-s-giacinta-e-s-biagio-a-vignanello,,,,,
SagrafavoriteSagra del cavatello,,31 luglio - 3 agosto 2026,2026-07-31,2026-08-03,Vitorchiano,Lazio,lazio,Tuscia e Viterbo,tuscia-e-viterbo,https://sagr.it/lazio/tuscia-e-viterbo/eventi/sagra-del-cavatello,,,,,
SagrafavoriteSagra della carne maremmana,,1 agosto - 3 agosto 2026,2026-08-01,2026-08-03,Monte Romano,Lazio,lazio,Tuscia e Viterbo,tuscia-e-viterbo,https://sagr.it/lazio/tuscia-e-viterbo/eventi/sagra-della-carne-maremmana,,,,,
RievocazionefavoriteFesta medievale di Fossanova,,10 agosto - 12 agosto 2026,2026-08-10,2026-08-12,Fossanova,Lazio,lazio,Tuscia e Viterbo,tuscia-e-viterbo,https://sagr.it/lazio/tuscia-e-viterbo/eventi/festa-medievale-di-fossanova,,,,,
SagrafavoriteSagra dei Pizzicotti alla Liscianara,,10 agosto - 11 agosto 2026,2026-08-10,2026-08-11,Lisciano,Lazio,lazio,Tuscia e Viterbo,tuscia-e-viterbo,https://sagr.it/lazio/tuscia-e-viterbo/eventi/sagra-dei-pizzicotti-alla-liscianara,,,,,
SagrafavoriteSagra del Fagiolo di Sutri,,29 agosto - 31 agosto 2026,2026-08-29,2026-08-31,Sutri,Lazio,lazio,Tuscia e Viterbo,tuscia-e-viterbo,https://sagr.it/lazio/tuscia-e-viterbo/eventi/sagra-del-fagiolo-di-sutri,,,,,
SagrafavoriteSagra della nocciola,,26 settembre - 28 settembre 2026,2026-09-26,2026-09-28,Caprarola,Lazio,lazio,Tuscia e Viterbo,tuscia-e-viterbo,https://sagr.it/lazio/tuscia-e-viterbo/eventi/sagra-della-nocciola,,,,,
SagrafavoriteLe giornate della castagna,,3 ottobre - 2 novembre 2026,2026-10-03,2026-11-02,Canepina,Lazio,lazio,Tuscia e Viterbo,tuscia-e-viterbo,https://sagr.it/lazio/tuscia-e-viterbo/eventi/le-giornate-della-castagna,,,,,
SagrafavoriteSagra del Marrone di Latera,,17 ottobre - 25 ottobre 2026,2026-10-17,2026-10-25,Latera,Lazio,lazio,Tuscia e Viterbo,tuscia-e-viterbo,https://sagr.it/lazio/tuscia-e-viterbo/eventi/sagra-del-marrone-di-latera,,,,,
SagrafavoriteSagra delle castagne,,17 ottobre - 19 ottobre 2026,2026-10-17,2026-10-19,Soriano nel Cimino,Lazio,lazio,Tuscia e Viterbo,tuscia-e-viterbo,https://sagr.it/lazio/tuscia-e-viterbo/eventi/sagra-delle-castagne,,,,,
SagrafavoriteFesta dell’olio e del vino novello,,7 novembre - 16 novembre 2026,2026-11-07,2026-11-16,Vignanello,Lazio,lazio,Tuscia e Viterbo,tuscia-e-viterbo,https://sagr.it/lazio/tuscia-e-viterbo/eventi/festa-dell-olio-e-del-vino-novello,,,,,
SagrafavoriteSan Martino Olio Funghi e Vino,,14 novembre - 16 novembre 2026,2026-11-14,2026-11-16,Castiglione in Teverina,Lazio,lazio,Tuscia e Viterbo,tuscia-e-viterbo,https://sagr.it/lazio/tuscia-e-viterbo/eventi/san-martino-olio-funghi-e-vino,,,,,
SagrafavoriteSagra dell’olivo di Canino,,5 dicembre - 8 dicembre 2026,2026-12-05,2026-12-08,Canino,Lazio,lazio,Tuscia e Viterbo,tuscia-e-viterbo,https://sagr.it/lazio/tuscia-e-viterbo/eventi/sagra-dell-olivo-di-canino,,,,,
Evento culturalefavoriteFesta della Merca,,18 aprile - 19 aprile 2027,2027-04-18,2027-04-19,Tarquinia,Lazio,lazio,Tuscia e Viterbo,tuscia-e-viterbo,https://sagr.it/lazio/tuscia-e-viterbo/eventi/festa-della-merca,,,,,
FestivalfavoriteCARNEVALE DELLA ZUCCA,,21 febbraio 2026,2026-02-21,2026-02-21,MONEGLIA,Liguria,liguria,Cinque Terre e Levante,cinque-terre-e-levante,https://sagr.it/liguria/cinque-terre-e-levante/eventi/carnevale-della-zucca,,,,,
SagrafavoriteSestri Levante Wine,Festival,29 marzo - 30 marzo 2026,2026-03-29,2026-03-30,Sestri Levante,Liguria,liguria,Cinque Terre e Levante,cinque-terre-e-levante,https://sagr.it/liguria/cinque-terre-e-levante/eventi/sestri-levante-wine-festival,,,,,
SagrafavoriteMostra Mercato dell’Olio d’Oliva,,6 aprile 2026,2026-04-06,2026-04-06,Moneglia,Liguria,liguria,Cinque Terre e Levante,cinque-terre-e-levante,https://sagr.it/liguria/cinque-terre-e-levante/eventi/mostra-mercato-dell-olio-d-oliva,,,,,
SagrafavoriteMonterosso,Festival,9 maggio - 10 maggio 2026,2026-05-09,2026-05-10,Monterosso al Mare,Liguria,liguria,Cinque Terre e Levante,cinque-terre-e-levante,https://sagr.it/liguria/cinque-terre-e-levante/eventi/monterosso-festival,,,,,
SagrafavoriteSagra del Pesce di Camogli,,10 maggio 2026,2026-05-10,2026-05-10,Camogli,Liguria,liguria,Cinque Terre e Levante,cinque-terre-e-levante,https://sagr.it/liguria/cinque-terre-e-levante/eventi/sagra-del-pesce-di-camogli,,,,,
SagrafavoriteFesta del limone,,16 maggio - 17 maggio 2026,2026-05-16,2026-05-17,Monterosso al Mare,Liguria,liguria,Cinque Terre e Levante,cinque-terre-e-levante,https://sagr.it/liguria/cinque-terre-e-levante/eventi/festa-del-limone,,,,,
SagrafavoriteItalian Oyster Fest,,22 maggio - 24 maggio 2026,2026-05-22,2026-05-24,La Spezia,Liguria,liguria,Cinque Terre e Levante,cinque-terre-e-levante,https://sagr.it/liguria/cinque-terre-e-levante/eventi/italian-oyster-fest,,,,,
SagrafavoriteFesta della Focaccia di Recco,,24 maggio 2026,2026-05-24,2026-05-24,Recco,Liguria,liguria,Cinque Terre e Levante,cinque-terre-e-levante,https://sagr.it/liguria/cinque-terre-e-levante/eventi/festa-della-focaccia-di-recco,,,,,
SagrafavoriteSagra delle Acciughe a Teriasca di Sori,,30 maggio - 1 giugno 2026,2026-05-30,2026-06-01,Sori,Liguria,liguria,Cinque Terre e Levante,cinque-terre-e-levante,https://sagr.it/liguria/cinque-terre-e-levante/eventi/sagra-delle-acciughe-a-teriasca-di-sori,,,,,
SagrafavoriteSAGRA PANSA E STACCA,,13 giugno 2026,2026-06-13,2026-06-13,Portovenere,Liguria,liguria,Cinque Terre e Levante,cinque-terre-e-levante,https://sagr.it/liguria/cinque-terre-e-levante/eventi/sagra-pansa-e-stacca,,,,,
SagrafavoriteRE MUSCOLO E REGINA ACCIUGA già Sagra del Muscolo e Sagra dell’Acciuga,,19 giugno 2026,2026-06-19,2026-06-19,La Spezia,Liguria,liguria,Cinque Terre e Levante,cinque-terre-e-levante,https://sagr.it/liguria/cinque-terre-e-levante/eventi/re-muscolo-e-regina-acciuga-gia-sagra-del-muscolo-e-sagra-dell-acciuga,,,,,
SagrafavoriteSagra del Re Muscolo e Regina Acciuga,,19 giugno - 12 luglio 2026,2026-06-19,2026-07-12,Cadimare,Liguria,liguria,Cinque Terre e Levante,cinque-terre-e-levante,https://sagr.it/liguria/cinque-terre-e-levante/eventi/sagra-del-re-muscolo-e-regina-acciuga,,,,,
Evento culturalefavoriteBenvenuto Vermentino,,20 giugno - 21 giugno 2026,2026-06-20,2026-06-21,Castelnuovo Magra,Liguria,liguria,Cinque Terre e Levante,cinque-terre-e-levante,https://sagr.it/liguria/cinque-terre-e-levante/eventi/benvenuto-vermentino,,,,,
SagrafavoriteFesta dell'acciuga di Monterosso,,20 giugno - 21 giugno 2026,2026-06-20,2026-06-21,Monterosso al Mare,Liguria,liguria,Cinque Terre e Levante,cinque-terre-e-levante,https://sagr.it/liguria/cinque-terre-e-levante/eventi/festa-dell-acciuga-di-monterosso,,,,,
SagrafavoriteRASSEGNA DELL’OLIO D’OLIVA EVO E DEI PRODOTTI DI QUALITA’,,20 giugno - 21 giugno 2026,2026-06-20,2026-06-21,Castelnuovo Magra,Liguria,liguria,Cinque Terre e Levante,cinque-terre-e-levante,https://sagr.it/liguria/cinque-terre-e-levante/eventi/rassegna-dell-olio-d-oliva-evo-e-dei-prodotti-di-qualita,,,,,
SagrafavoriteSagra della Acciuga,,20 giugno 2026,2026-06-20,2026-06-20,Monterosso al Mare,Liguria,liguria,Cinque Terre e Levante,cinque-terre-e-levante,https://sagr.it/liguria/cinque-terre-e-levante/eventi/sagra-della-acciuga,,,,,
SagrafavoriteLiguria da Bere,,26 giugno - 28 giugno 2026,2026-06-26,2026-06-28,La Spezia,Liguria,liguria,Cinque Terre e Levante,cinque-terre-e-levante,https://sagr.it/liguria/cinque-terre-e-levante/eventi/liguria-da-bere,,,,,
FestivalfavoriteAmfiteatrof Music,Festival,4 luglio - 6 settembre 2026,2026-07-04,2026-09-06,Levanto,Liguria,liguria,Cinque Terre e Levante,cinque-terre-e-levante,https://sagr.it/liguria/cinque-terre-e-levante/eventi/amfiteatrof-music-festival,,,,,
FestivalfavoriteFestival Internazionale del Jazz della Spezia,,8 luglio - 4 agosto 2026,2026-07-08,2026-08-04,La Spezia,Liguria,liguria,Cinque Terre e Levante,cinque-terre-e-levante,https://sagr.it/liguria/cinque-terre-e-levante/eventi/festival-internazionale-del-jazz-della-spezia,,,,,
FestivalfavoriteFestival Internazionale di Musica da Camera,,10 luglio - 28 agosto 2026,2026-07-10,2026-08-28,Cervo,Liguria,liguria,Cinque Terre e Levante,cinque-terre-e-levante,https://sagr.it/liguria/cinque-terre-e-levante/eventi/festival-internazionale-di-musica-da-camera,,,,,
RievocazionefavoriteFesta trebbiatura,,10 luglio - 19 luglio 2026,2026-07-10,2026-07-19,Sarzana,Liguria,liguria,Cinque Terre e Levante,cinque-terre-e-levante,https://sagr.it/liguria/cinque-terre-e-levante/eventi/festa-trebbiatura,,,,,
SagrafavoriteSagra del croxetto e dell'asado,,11 luglio 2026,2026-07-11,2026-07-11,Scurtabo',Liguria,liguria,Cinque Terre e Levante,cinque-terre-e-levante,https://sagr.it/liguria/cinque-terre-e-levante/eventi/sagra-del-croxetto-e-dell-asado,,,,,
SagrafavoriteSagra della Lasagna al forno,,11 luglio - 12 luglio 2026,2026-07-11,2026-07-12,Sesta Godano,Liguria,liguria,Cinque Terre e Levante,cinque-terre-e-levante,https://sagr.it/liguria/cinque-terre-e-levante/eventi/sagra-della-lasagna-al-forno,,,,,
SagrafavoriteSagra del bagnun,,17 luglio - 20 luglio 2026,2026-07-17,2026-07-20,Riva Trigoso,Liguria,liguria,Cinque Terre e Levante,cinque-terre-e-levante,https://sagr.it/liguria/cinque-terre-e-levante/eventi/sagra-del-bagnun,,,,,
celebrationSagrafavoriteVERNAZZA IN VIGNA,,19 luglio 2026,2026-07-19,2026-07-19,Vernazza,Liguria,liguria,Cinque Terre e Levante,cinque-terre-e-levante,https://sagr.it/liguria/cinque-terre-e-levante/eventi/vernazza-in-vigna,,,,,
Festa patronalefavoriteGIOCHI DI SANTA MARGHERITA,,20 luglio 2026,2026-07-20,2026-07-20,Vernazza,Liguria,liguria,Cinque Terre e Levante,cinque-terre-e-levante,https://sagr.it/liguria/cinque-terre-e-levante/eventi/giochi-di-santa-margherita,,,,,
FestivalfavoriteMoonland,,23 luglio - 27 luglio 2026,2026-07-23,2026-07-27,Sarzana,Liguria,liguria,Cinque Terre e Levante,cinque-terre-e-levante,https://sagr.it/liguria/cinque-terre-e-levante/eventi/moonland,,,,,
FierafavoriteTigullio Expo,,31 luglio - 4 agosto 2026,2026-07-31,2026-08-04,Rapallo,Liguria,liguria,Cinque Terre e Levante,cinque-terre-e-levante,https://sagr.it/liguria/cinque-terre-e-levante/eventi/tigullio-expo,,,,,
Evento culturalefavoriteGROPPO E GLI SPAVENTAPASSERI,,1 agosto 2026,2026-08-01,2026-08-01,Sesta Godano,Liguria,liguria,Cinque Terre e Levante,cinque-terre-e-levante,https://sagr.it/liguria/cinque-terre-e-levante/eventi/groppo-e-gli-spaventapasseri,,,,,
SagrafavoritePITEI ‘ N CANTINA,,1 agosto 2026,2026-08-01,2026-08-01,La Spezia,Liguria,liguria,Cinque Terre e Levante,cinque-terre-e-levante,https://sagr.it/liguria/cinque-terre-e-levante/eventi/pitei-n-cantina,,,,,
Festa patronalefavoriteFESTA N.S. ASSUNTA,,13 agosto 2026,2026-08-13,2026-08-13,USCIO,Liguria,liguria,Cinque Terre e Levante,cinque-terre-e-levante,https://sagr.it/liguria/cinque-terre-e-levante/eventi/festa-n-s-assunta,,,,,
Festa patronalefavoriteMADONNA BIANCA,,17 agosto 2026,2026-08-17,2026-08-17,Portovenere,Liguria,liguria,Cinque Terre e Levante,cinque-terre-e-levante,https://sagr.it/liguria/cinque-terre-e-levante/eventi/madonna-bianca,,,,,
SagrafavoriteSagra del muscolo,,21 agosto - 23 agosto 2026,2026-08-21,2026-08-23,Sarzana,Liguria,liguria,Cinque Terre e Levante,cinque-terre-e-levante,https://sagr.it/liguria/cinque-terre-e-levante/eventi/sagra-del-muscolo,,,,,
"RievocazionefavoriteSTRIGORA, UN GIORNO CON LE STREGHE DI TRIORA",,23 agosto 2026,2026-08-23,2026-08-23,TRIORA,Liguria,liguria,Cinque Terre e Levante,cinque-terre-e-levante,https://sagr.it/liguria/cinque-terre-e-levante/eventi/strigora-un-giorno-con-le-streghe-di-triora,,,,,
SagrafavoriteLa scartozzera,,28 agosto - 6 settembre 2026,2026-08-28,2026-09-06,Borghetto-Melara,Liguria,liguria,Cinque Terre e Levante,cinque-terre-e-levante,https://sagr.it/liguria/cinque-terre-e-levante/eventi/la-scartozzera,,,,,
celebrationSagrafavoriteSAGRA DELL’UVA,,18 settembre 2026,2026-09-18,2026-09-18,Vezzano Ligure,Liguria,liguria,Cinque Terre e Levante,cinque-terre-e-levante,https://sagr.it/liguria/cinque-terre-e-levante/eventi/sagra-dell-uva,,,,,
celebrationSagrafavoriteSAGRA DEI BATTOLLI,,27 settembre 2026,2026-09-27,2026-09-27,USCIO,Liguria,liguria,Cinque Terre e Levante,cinque-terre-e-levante,https://sagr.it/liguria/cinque-terre-e-levante/eventi/sagra-dei-battolli,,,,,
celebrationSagrafavoriteSAPORI D’AUTUNNO,,4 ottobre 2026,2026-10-04,2026-10-04,Castelnuovo Magra,Liguria,liguria,Cinque Terre e Levante,cinque-terre-e-levante,https://sagr.it/liguria/cinque-terre-e-levante/eventi/sapori-d-autunno,,,,,
celebrationSagrafavoriteFESTA DELLA CASTAGNA,,18 ottobre 2026,2026-10-18,2026-10-18,MONTEGROSSO PIAN LATTE,Liguria,liguria,Cinque Terre e Levante,cinque-terre-e-levante,https://sagr.it/liguria/cinque-terre-e-levante/eventi/festa-della-castagna,,,,,
Evento culturalefavoritePRESEPE VIVENTE,,22 dicembre 2026,2026-12-22,2026-12-22,Deiva Marina,Liguria,liguria,Cinque Terre e Levante,cinque-terre-e-levante,https://sagr.it/liguria/cinque-terre-e-levante/eventi/presepe-vivente,,,,,
Festa patronalefavoriteSAGRA DELLA MIMOSA,,8 febbraio 2026,2026-02-08,2026-02-08,Pieve Ligure,Liguria,liguria,Genova e Dintorni,genova-e-dintorni,https://sagr.it/liguria/genova-e-dintorni/eventi/sagra-della-mimosa,,,,,
FierafavoriteNuova Fiera Primavera,,21 marzo - 29 marzo 2026,2026-03-21,2026-03-29,Genova,Liguria,liguria,Genova e Dintorni,genova-e-dintorni,https://sagr.it/liguria/genova-e-dintorni/eventi/nuova-fiera-primavera,,,,,
SagrafavoriteSagra della Farinata,,28 marzo - 26 aprile 2026,2026-03-28,2026-04-26,Genova,Liguria,liguria,Genova e Dintorni,genova-e-dintorni,https://sagr.it/liguria/genova-e-dintorni/eventi/sagra-della-farinata,,,,,
SagrafavoriteMOSTRA MERCATO DELL’OLIO DI OLIVA DI MONEGLIA,,6 aprile 2026,2026-04-06,2026-04-06,Moneglia,Liguria,liguria,Genova e Dintorni,genova-e-dintorni,https://sagr.it/liguria/genova-e-dintorni/eventi/mostra-mercato-dell-olio-di-oliva-di-moneglia,,,,,
SagrafavoriteSAGRA DELLE FOCACCETTE MEGLI – RECCO,,6 aprile 2026,2026-04-06,2026-04-06,Recco,Liguria,liguria,Genova e Dintorni,genova-e-dintorni,https://sagr.it/liguria/genova-e-dintorni/eventi/sagra-delle-focaccette-megli-recco,,,,,
SagrafavoriteSagra delle Focaccette di Megli,,11 aprile - 12 aprile 2026,2026-04-11,2026-04-12,Recco,Liguria,liguria,Genova e Dintorni,genova-e-dintorni,https://sagr.it/liguria/genova-e-dintorni/eventi/sagra-delle-focaccette-di-megli,,,,,
SagrafavoriteMangialonga nel Golfo Paradiso,,25 aprile 2026,2026-04-25,2026-04-25,Recco,Liguria,liguria,Genova e Dintorni,genova-e-dintorni,https://sagr.it/liguria/genova-e-dintorni/eventi/mangialonga-nel-golfo-paradiso,,,,,
SagrafavoriteSagra del pesce,,9 maggio - 10 maggio 2026,2026-05-09,2026-05-10,Camogli,Liguria,liguria,Genova e Dintorni,genova-e-dintorni,https://sagr.it/liguria/genova-e-dintorni/eventi/sagra-del-pesce,,,,,
Evento culturalefavoriteAdunata Nazionale Alpini Genova,,10 maggio 2026,2026-05-10,2026-05-10,Genova,Liguria,liguria,Genova e Dintorni,genova-e-dintorni,https://sagr.it/liguria/genova-e-dintorni/eventi/adunata-nazionale-alpini-genova,,,,,
SagrafavoriteFesta dell'Aglio Orsino,,11 maggio 2026,2026-05-11,2026-05-11,Bormida-Genepro,Liguria,liguria,Genova e Dintorni,genova-e-dintorni,https://sagr.it/liguria/genova-e-dintorni/eventi/festa-dell-aglio-orsino,,,,,
SagrafavoriteFesta della focaccia di Recco,,24 maggio 2026,2026-05-24,2026-05-24,Recco,Liguria,liguria,Genova e Dintorni,genova-e-dintorni,https://sagr.it/liguria/genova-e-dintorni/eventi/festa-della-focaccia-di-recco-mnab6tf9,,,,,
SagrafavoriteFesta del vino di Verici,,29 maggio - 30 maggio 2026,2026-05-29,2026-05-30,Casarza Ligure,Liguria,liguria,Genova e Dintorni,genova-e-dintorni,https://sagr.it/liguria/genova-e-dintorni/eventi/festa-del-vino-di-verici,,,,,
MercatofavoriteMercato Europeo ANVA,,5 giugno - 14 giugno 2026,2026-06-05,2026-06-14,Genova,Liguria,liguria,Genova e Dintorni,genova-e-dintorni,https://sagr.it/liguria/genova-e-dintorni/eventi/mercato-europeo-anva,,,,,
SagrafavoriteFESTIVAL DEL CANESTRELLETTO DI TORRIGLIA,,7 giugno 2026,2026-06-07,2026-06-07,Torriglia,Liguria,liguria,Genova e Dintorni,genova-e-dintorni,https://sagr.it/liguria/genova-e-dintorni/eventi/festival-del-canestrelletto-di-torriglia,,,,,
SagrafavoriteLumacata - Genova Fabbriche,,11 giugno - 15 giugno 2026,2026-06-11,2026-06-15,Genova,Liguria,liguria,Genova e Dintorni,genova-e-dintorni,https://sagr.it/liguria/genova-e-dintorni/eventi/lumacata-genova-fabbriche,,,,,
SagrafavoriteSagra du Fugassin,,12 giugno - 14 giugno 2026,2026-06-12,2026-06-14,Mele,Liguria,liguria,Genova e Dintorni,genova-e-dintorni,https://sagr.it/liguria/genova-e-dintorni/eventi/sagra-du-fugassin,,,,,
Evento culturalefavoriteFesta delle rose,,13 giugno - 14 giugno 2026,2026-06-13,2026-06-14,Busalla,Liguria,liguria,Genova e Dintorni,genova-e-dintorni,https://sagr.it/liguria/genova-e-dintorni/eventi/festa-delle-rose,,,,,
Festa patronalefavoriteFesta della Madonna delle Ciliegie,,18 giugno - 21 giugno 2026,2026-06-18,2026-06-21,Carasco,Liguria,liguria,Genova e Dintorni,genova-e-dintorni,https://sagr.it/liguria/genova-e-dintorni/eventi/festa-della-madonna-delle-ciliegie,,,,,
Festa patronalefavoriteFESTA PATRONALE DI SAN GIOVANNI BATTISTA,,20 giugno 2026,2026-06-20,2026-06-20,NE VAL GRAVEGLIA,Liguria,liguria,Genova e Dintorni,genova-e-dintorni,https://sagr.it/liguria/genova-e-dintorni/eventi/festa-patronale-di-san-giovanni-battista,,,,,
SagrafavoriteSagra dell'Asado,,20 giugno - 21 giugno 2026,2026-06-20,2026-06-21,San Bartolomeo di Sori,Liguria,liguria,Genova e Dintorni,genova-e-dintorni,https://sagr.it/liguria/genova-e-dintorni/eventi/sagra-dell-asado,,,,,
Evento culturalefavoriteGIORNATE DEL MARE VOLTRESI,,22 giugno 2026,2026-06-22,2026-06-22,GENOVA-VOLTRI,Liguria,liguria,Genova e Dintorni,genova-e-dintorni,https://sagr.it/liguria/genova-e-dintorni/eventi/giornate-del-mare-voltresi,,,,,
SagrafavoriteSAGRA DELLE TROFIE,,27 giugno 2026,2026-06-27,2026-06-27,Sori,Liguria,liguria,Genova e Dintorni,genova-e-dintorni,https://sagr.it/liguria/genova-e-dintorni/eventi/sagra-delle-trofie,,,,,
Festa patronalefavoriteFesta Patronale di San Matteo,,3 luglio - 5 luglio 2026,2026-07-03,2026-07-05,Sori,Liguria,liguria,Genova e Dintorni,genova-e-dintorni,https://sagr.it/liguria/genova-e-dintorni/eventi/festa-patronale-di-san-matteo,,,,,
SagrafavoriteSagra del Raviolo,,3 luglio - 6 luglio 2026,2026-07-03,2026-07-06,Ronco Scrivia,Liguria,liguria,Genova e Dintorni,genova-e-dintorni,https://sagr.it/liguria/genova-e-dintorni/eventi/sagra-del-raviolo-mqxvgk0d,,,,,
FestivalfavoriteBalena,Festival,7 luglio - 26 luglio 2026,2026-07-07,2026-07-26,Genova,Liguria,liguria,Genova e Dintorni,genova-e-dintorni,https://sagr.it/liguria/genova-e-dintorni/eventi/balena-festival,,,,,
celebrationSagrafavoriteFESTA GASTRONOMICA ISORELLE,,10 luglio 2026,2026-07-10,2026-07-10,Savignone,Liguria,liguria,Genova e Dintorni,genova-e-dintorni,https://sagr.it/liguria/genova-e-dintorni/eventi/festa-gastronomica-isorelle,,,,,
SagrafavoriteFesta di Sant'Alberto e Sagra della Lumaca,,11 luglio - 12 luglio 2026,2026-07-11,2026-07-12,Sant'Olcese,Liguria,liguria,Genova e Dintorni,genova-e-dintorni,https://sagr.it/liguria/genova-e-dintorni/eventi/festa-di-sant-alberto-e-sagra-della-lumaca,,,,,
SagrafavoriteSagra della Lumaca Sant’Olcese,,11 luglio - 12 luglio 2026,2026-07-11,2026-07-12,Sant'Olcese,Liguria,liguria,Genova e Dintorni,genova-e-dintorni,https://sagr.it/liguria/genova-e-dintorni/eventi/sagra-della-lumaca-sant-olcese,,,,,
SagrafavoriteSagra dello sgabeo,,22 luglio - 26 luglio 2026,2026-07-22,2026-07-26,Sarzana,Liguria,liguria,Genova e Dintorni,genova-e-dintorni,https://sagr.it/liguria/genova-e-dintorni/eventi/sagra-dello-sgabeo,,,,,
Festa patronalefavoriteFESTA PATRONALE SANT’ANNA DI NENNO VALBREVENNA,,24 luglio 2026,2026-07-24,2026-07-24,Valbrevenna,Liguria,liguria,Genova e Dintorni,genova-e-dintorni,https://sagr.it/liguria/genova-e-dintorni/eventi/festa-patronale-sant-anna-di-nenno-valbrevenna,,,,,
FestivalfavoriteEntroterraneo,Festival,24 luglio - 25 luglio 2026,2026-07-24,2026-07-25,Giovo,Liguria,liguria,Genova e Dintorni,genova-e-dintorni,https://sagr.it/liguria/genova-e-dintorni/eventi/entroterraneo-festival,,,,,
SagrafavoriteSagra campestre di Bastia,,3 agosto 2026,2026-08-03,2026-08-03,Busalla,Liguria,liguria,Genova e Dintorni,genova-e-dintorni,https://sagr.it/liguria/genova-e-dintorni/eventi/sagra-campestre-di-bastia,,,,,
celebrationSagrafavoriteSAGRA DELLO STOCCAFISSO & TROFIE AL PESTO,,14 agosto 2026,2026-08-14,2026-08-14,Valbrevenna,Liguria,liguria,Genova e Dintorni,genova-e-dintorni,https://sagr.it/liguria/genova-e-dintorni/eventi/sagra-dello-stoccafisso-trofie-al-pesto,,,,,
Evento culturalefavoriteCONCORSO DI PITTURA ESTEMPORANEA “Scorci di Crocefieschi”,,22 agosto 2026,2026-08-22,2026-08-22,Crocefieschi,Liguria,liguria,Genova e Dintorni,genova-e-dintorni,https://sagr.it/liguria/genova-e-dintorni/eventi/concorso-di-pittura-estemporanea-scorci-di-crocefieschi,,,,,
Festa patronalefavoriteFESTEGGIAMENTI MADONNA DELLA GUARDIA,,29 agosto 2026,2026-08-29,2026-08-29,Ronco Scrivia,Liguria,liguria,Genova e Dintorni,genova-e-dintorni,https://sagr.it/liguria/genova-e-dintorni/eventi/festeggiamenti-madonna-della-guardia,,,,,
Festa patronalefavoriteFESTA PATRONALE DI SORRIVI,,5 settembre 2026,2026-09-05,2026-09-05,Savignone,Liguria,liguria,Genova e Dintorni,genova-e-dintorni,https://sagr.it/liguria/genova-e-dintorni/eventi/festa-patronale-di-sorrivi,,,,,
celebrationFesta patronalefavoriteSAGRA DEL FUOCO “Recco è 8 settembre” – Festeggiamenti in onore di N.S. del Suffragio,,5 settembre 2026,2026-09-05,2026-09-05,Recco,Liguria,liguria,Genova e Dintorni,genova-e-dintorni,https://sagr.it/liguria/genova-e-dintorni/eventi/sagra-del-fuoco-recco-e-8-settembre-festeggiamenti-in-onore-di-n-s-del-suffragio,,,,,
Evento culturalefavoriteU MUNDANTIGU,,6 settembre 2026,2026-09-06,2026-09-06,Valbrevenna,Liguria,liguria,Genova e Dintorni,genova-e-dintorni,https://sagr.it/liguria/genova-e-dintorni/eventi/u-mundantigu,,,,,
celebrationSagrafavoriteSTRACASELLA,,6 settembre 2026,2026-09-06,2026-09-06,Casella,Liguria,liguria,Genova e Dintorni,genova-e-dintorni,https://sagr.it/liguria/genova-e-dintorni/eventi/stracasella,,,,,
Festa patronalefavoriteFESTA DU LUETTO,,12 settembre 2026,2026-09-12,2026-09-12,NE VAL GRAVEGLIA,Liguria,liguria,Genova e Dintorni,genova-e-dintorni,https://sagr.it/liguria/genova-e-dintorni/eventi/festa-du-luetto,,,,,
Festa patronalefavoriteFESTA N.S. DELL’ADDOLORATA,,20 settembre 2026,2026-09-20,2026-09-20,Uscio,Liguria,liguria,Genova e Dintorni,genova-e-dintorni,https://sagr.it/liguria/genova-e-dintorni/eventi/festa-n-s-dell-addolorata,,,,,
Evento culturalefavoriteMostra della razza Cabannina,,21 settembre 2026,2026-09-21,2026-09-21,Rezzoaglio,Liguria,liguria,Genova e Dintorni,genova-e-dintorni,https://sagr.it/liguria/genova-e-dintorni/eventi/mostra-della-razza-cabannina,,,,,
Evento culturalefavoriteRONCO SCRIVIA UN VIAGGIO NELLA STORIA,,3 ottobre 2026,2026-10-03,2026-10-03,Ronco Scrivia,Liguria,liguria,Genova e Dintorni,genova-e-dintorni,https://sagr.it/liguria/genova-e-dintorni/eventi/ronco-scrivia-un-viaggio-nella-storia,,,,,
SagrafavoriteSAGRA DELLA PATATA,,3 ottobre 2026,2026-10-03,2026-10-03,Rovegno,Liguria,liguria,Genova e Dintorni,genova-e-dintorni,https://sagr.it/liguria/genova-e-dintorni/eventi/sagra-della-patata,,,,,
celebrationSagrafavoriteSAGRA DELLE TROFIE DI CASTAGNE Festa d’Autunno,,3 ottobre 2026,2026-10-03,2026-10-03,Busalla,Liguria,liguria,Genova e Dintorni,genova-e-dintorni,https://sagr.it/liguria/genova-e-dintorni/eventi/sagra-delle-trofie-di-castagne-festa-d-autunno,,,,,
Festa patronalefavoriteFESTA DI N.S DELLE GRAZIE – MADONNA DEI GOTTI,,10 ottobre 2026,2026-10-10,2026-10-10,Camogli,Liguria,liguria,Genova e Dintorni,genova-e-dintorni,https://sagr.it/liguria/genova-e-dintorni/eventi/festa-di-n-s-delle-grazie-madonna-dei-gotti,,,,,
SagrafavoriteFesta del Fungo e Sagra della Ballotta,,10 ottobre - 11 ottobre 2026,2026-10-10,2026-10-11,Gattorna,Liguria,liguria,Genova e Dintorni,genova-e-dintorni,https://sagr.it/liguria/genova-e-dintorni/eventi/festa-del-fungo-e-sagra-della-ballotta,,,,,
celebrationSagrafavoriteCASTAGNATA,,11 ottobre 2026,2026-10-11,2026-10-11,Rossiglione,Liguria,liguria,Genova e Dintorni,genova-e-dintorni,https://sagr.it/liguria/genova-e-dintorni/eventi/castagnata,,,,,
celebrationSagrafavoriteSAGRA DELLA CASTAGNA,,11 ottobre 2026,2026-10-11,2026-10-11,Crocefieschi,Liguria,liguria,Genova e Dintorni,genova-e-dintorni,https://sagr.it/liguria/genova-e-dintorni/eventi/sagra-della-castagna,,,,,
SagrafavoriteZuccainpiazza,,18 ottobre - 19 ottobre 2026,2026-10-18,2026-10-19,Rocchetta di Cengio,Liguria,liguria,Genova e Dintorni,genova-e-dintorni,https://sagr.it/liguria/genova-e-dintorni/eventi/zuccainpiazza,,,,,
celebrationSagrafavoriteCASTAGNATA DEGLI ALPINI,,18 ottobre 2026,2026-10-18,2026-10-18,Torriglia,Liguria,liguria,Genova e Dintorni,genova-e-dintorni,https://sagr.it/liguria/genova-e-dintorni/eventi/castagnata-degli-alpini,,,,,
celebrationSagrafavoriteSAGRA DEL CASTAGNELLO – FESTA D’AUTUNNO,,18 ottobre 2026,2026-10-18,2026-10-18,Uscio,Liguria,liguria,Genova e Dintorni,genova-e-dintorni,https://sagr.it/liguria/genova-e-dintorni/eventi/sagra-del-castagnello-festa-d-autunno,,,,,
MercatofavoriteMERCATINI DI NATALE IN VILLAVECCHIA,,6 dicembre 2026,2026-12-06,2026-12-06,Ronco Scrivia,Liguria,liguria,Genova e Dintorni,genova-e-dintorni,https://sagr.it/liguria/genova-e-dintorni/eventi/mercatini-di-natale-in-villavecchia,,,,,
Evento culturalefavoritePRESEPI IN FONTANABUONA,,8 dicembre 2026,2026-12-08,2026-12-08,San Colombano Certenoli,Liguria,liguria,Genova e Dintorni,genova-e-dintorni,https://sagr.it/liguria/genova-e-dintorni/eventi/presepi-in-fontanabuona,,,,,
SagrafavoriteCampionato Mondiale di Pesto Genovese al Mortaio,,21 marzo 2027,2027-03-21,2027-03-21,Genova,Liguria,liguria,Genova e Dintorni,genova-e-dintorni,https://sagr.it/liguria/genova-e-dintorni/eventi/campionato-mondiale-di-pesto-genovese-al-mortaio,,,,,
SagrafavoriteFesta delle focaccette,,11 aprile - 12 aprile 2027,2027-04-11,2027-04-12,Recco,Liguria,liguria,Genova e Dintorni,genova-e-dintorni,https://sagr.it/liguria/genova-e-dintorni/eventi/festa-delle-focaccette,,,,,
Festa patronalefavoriteFESTEGGIAMENTI PATRONALI DI SAN SEBASTIANO,,5 gennaio 2026,2026-01-05,2026-01-05,Camporosso,Liguria,liguria,Riviera di Ponente,riviera-di-ponente,https://sagr.it/liguria/riviera-di-ponente/eventi/festeggiamenti-patronali-di-san-sebastiano,,,,,
Evento culturalefavoriteSanremo in Fiore,,26 marzo - 29 marzo 2026,2026-03-26,2026-03-29,Sanremo,Liguria,liguria,Riviera di Ponente,riviera-di-ponente,https://sagr.it/liguria/riviera-di-ponente/eventi/sanremo-in-fiore,,,,,
RievocazionefavoriteVENERDI SANTO,,3 aprile 2026,2026-04-03,2026-04-03,Triora,Liguria,liguria,Riviera di Ponente,riviera-di-ponente,https://sagr.it/liguria/riviera-di-ponente/eventi/venerdi-santo,,,,,
Festa patronalefavoriteBenvenuta Primavera a Giusvalla,,12 aprile 2026,2026-04-12,2026-04-12,Giusvalla,Liguria,liguria,Riviera di Ponente,riviera-di-ponente,https://sagr.it/liguria/riviera-di-ponente/eventi/benvenuta-primavera-a-giusvalla,,,,,
Festa patronalefavoritePROCESSIONE DEL MONTE,,19 aprile 2026,2026-04-19,2026-04-19,Triora,Liguria,liguria,Riviera di Ponente,riviera-di-ponente,https://sagr.it/liguria/riviera-di-ponente/eventi/processione-del-monte,,,,,
SagrafavoriteFlauer Alassio,,24 aprile - 26 aprile 2026,2026-04-24,2026-04-26,Alassio,Liguria,liguria,Riviera di Ponente,riviera-di-ponente,https://sagr.it/liguria/riviera-di-ponente/eventi/flauer-alassio,,,,,
Evento culturalefavoriteNUOVAMENTE FESTIVAL,,1 maggio 2026,2026-05-01,2026-05-01,Cervo,Liguria,liguria,Riviera di Ponente,riviera-di-ponente,https://sagr.it/liguria/riviera-di-ponente/eventi/nuovamente-festival,,,,,
SagrafavoriteAromatica,,8 maggio - 10 maggio 2026,2026-05-08,2026-05-10,Diano Marina,Liguria,liguria,Riviera di Ponente,riviera-di-ponente,https://sagr.it/liguria/riviera-di-ponente/eventi/aromatica,,,,,
SagrafavoriteAzzurro Pesce d’Autore,,15 maggio - 17 maggio 2026,2026-05-15,2026-05-17,Andora,Liguria,liguria,Riviera di Ponente,riviera-di-ponente,https://sagr.it/liguria/riviera-di-ponente/eventi/azzurro-pesce-d-autore,,,,,
SagrafavoriteCundigiun Varazze Food-Fun,Festival,23 maggio - 24 maggio 2026,2026-05-23,2026-05-24,Varazze,Liguria,liguria,Riviera di Ponente,riviera-di-ponente,https://sagr.it/liguria/riviera-di-ponente/eventi/cundigiun-varazze-food-fun-festival,,,,,
SagrafavoriteCENGIO IN FESTA,,29 maggio 2026,2026-05-29,2026-05-29,Cengio,Liguria,liguria,Riviera di Ponente,riviera-di-ponente,https://sagr.it/liguria/riviera-di-ponente/eventi/cengio-in-festa,,,,,
SagrafavoriteSAGRA DEI SAPORI LIGURI,,29 maggio 2026,2026-05-29,2026-05-29,Boissano,Liguria,liguria,Riviera di Ponente,riviera-di-ponente,https://sagr.it/liguria/riviera-di-ponente/eventi/sagra-dei-sapori-liguri,,,,,
SagrafavoriteFRAGOLATA,,31 maggio 2026,2026-05-31,2026-05-31,ROSSIGLIONE,Liguria,liguria,Riviera di Ponente,riviera-di-ponente,https://sagr.it/liguria/riviera-di-ponente/eventi/fragolata,,,,,
RievocazionefavoriteIl Ritorno dei Doria,,12 giugno - 14 giugno 2026,2026-06-12,2026-06-14,Loano,Liguria,liguria,Riviera di Ponente,riviera-di-ponente,https://sagr.it/liguria/riviera-di-ponente/eventi/il-ritorno-dei-doria,,,,,
SagrafavoriteSAGRA DELLA POLENTA BIANCA,,13 giugno 2026,2026-06-13,2026-06-13,Erli,Liguria,liguria,Riviera di Ponente,riviera-di-ponente,https://sagr.it/liguria/riviera-di-ponente/eventi/sagra-della-polenta-bianca,,,,,
Festa patronalefavoriteIneja,,19 giugno - 29 giugno 2026,2026-06-19,2026-06-29,Imperia,Liguria,liguria,Riviera di Ponente,riviera-di-ponente,https://sagr.it/liguria/riviera-di-ponente/eventi/ineja,,,,,
SagrafavoriteGiusvalla Posto da Luppoli,,19 giugno - 20 giugno 2026,2026-06-19,2026-06-20,Giusvalla,Liguria,liguria,Riviera di Ponente,riviera-di-ponente,https://sagr.it/liguria/riviera-di-ponente/eventi/giusvalla-posto-da-luppoli,,,,,
SagrafavoriteFESTA DEL BRANDA E CUCINA TIPICA,,20 giugno 2026,2026-06-20,2026-06-20,Rezzo,Liguria,liguria,Riviera di Ponente,riviera-di-ponente,https://sagr.it/liguria/riviera-di-ponente/eventi/festa-del-branda-e-cucina-tipica,,,,,
Festa patronalefavoriteFESTA DI SAN ZANE,,23 giugno 2026,2026-06-23,2026-06-23,Triora,Liguria,liguria,Riviera di Ponente,riviera-di-ponente,https://sagr.it/liguria/riviera-di-ponente/eventi/festa-di-san-zane,,,,,
MercatofavoriteMercato Europeo,,26 giugno - 28 giugno 2026,2026-06-26,2026-06-28,Savona,Liguria,liguria,Riviera di Ponente,riviera-di-ponente,https://sagr.it/liguria/riviera-di-ponente/eventi/mercato-europeo,,,,,
SagrafavoriteFesta dell'albicocca di Valleggia,,26 giugno - 29 giugno 2026,2026-06-26,2026-06-29,Quiliano,Liguria,liguria,Riviera di Ponente,riviera-di-ponente,https://sagr.it/liguria/riviera-di-ponente/eventi/festa-dell-albicocca-di-valleggia,,,,,
SagrafavoriteLuceto Summer Fest,,26 giugno - 28 giugno 2026,2026-06-26,2026-06-28,Luceto,Liguria,liguria,Riviera di Ponente,riviera-di-ponente,https://sagr.it/liguria/riviera-di-ponente/eventi/luceto-summer-fest,,,,,
SagrafavoriteAnciua,Festival,27 giugno - 1 agosto 2026,2026-06-27,2026-08-01,Savona,Liguria,liguria,Riviera di Ponente,riviera-di-ponente,https://sagr.it/liguria/riviera-di-ponente/eventi/anciua-festival,,,,,
SagrafavoriteFesta dell'aglio di Vessalico,,2 luglio 2026,2026-07-02,2026-07-02,Vessalico,Liguria,liguria,Riviera di Ponente,riviera-di-ponente,https://sagr.it/liguria/riviera-di-ponente/eventi/festa-dell-aglio-di-vessalico,,,,,
celebrationSagrafavoriteSAGRA DELLO GNOCCO,,3 luglio 2026,2026-07-03,2026-07-03,Mioglia,Liguria,liguria,Riviera di Ponente,riviera-di-ponente,https://sagr.it/liguria/riviera-di-ponente/eventi/sagra-dello-gnocco,,,,,
FestivalfavoriteSanremo Summer Symphony,,5 luglio - 21 agosto 2026,2026-07-05,2026-08-21,Sanremo,Liguria,liguria,Riviera di Ponente,riviera-di-ponente,https://sagr.it/liguria/riviera-di-ponente/eventi/sanremo-summer-symphony,,,,,
SagrafavoriteSAGRA DELLA TIRA,,9 luglio 2026,2026-07-09,2026-07-09,Cairo Montenotte,Liguria,liguria,Riviera di Ponente,riviera-di-ponente,https://sagr.it/liguria/riviera-di-ponente/eventi/sagra-della-tira,,,,,
RievocazionefavoritePalio Storico di Albenga,,10 luglio - 19 luglio 2026,2026-07-10,2026-07-19,Albenga,Liguria,liguria,Riviera di Ponente,riviera-di-ponente,https://sagr.it/liguria/riviera-di-ponente/eventi/palio-storico-di-albenga,,,,,
SagrafavoriteGiusvalla in Festa,,10 luglio - 12 luglio 2026,2026-07-10,2026-07-12,Giusvalla,Liguria,liguria,Riviera di Ponente,riviera-di-ponente,https://sagr.it/liguria/riviera-di-ponente/eventi/giusvalla-in-festa,,,,,
SagrafavoriteSAGRE DEL RAVIOLO,,11 luglio 2026,2026-07-11,2026-07-11,Vallebona,Liguria,liguria,Riviera di Ponente,riviera-di-ponente,https://sagr.it/liguria/riviera-di-ponente/eventi/sagre-del-raviolo,,,,,
SagrafavoriteBirravezzanen,,15 luglio - 18 luglio 2026,2026-07-15,2026-07-18,Vessalico,Liguria,liguria,Riviera di Ponente,riviera-di-ponente,https://sagr.it/liguria/riviera-di-ponente/eventi/birravezzanen,,,,,
SagrafavoriteI Birrai di Offenburg,,16 luglio - 18 luglio 2026,2026-07-16,2026-07-18,Pietra Ligure,Liguria,liguria,Riviera di Ponente,riviera-di-ponente,https://sagr.it/liguria/riviera-di-ponente/eventi/i-birrai-di-offenburg,,,,,
SagrafavoriteLa Grigliatona Boissano,,17 luglio - 19 luglio 2026,2026-07-17,2026-07-19,Boissano,Liguria,liguria,Riviera di Ponente,riviera-di-ponente,https://sagr.it/liguria/riviera-di-ponente/eventi/la-grigliatona-boissano,,,,,
SagrafavoriteSAGRA DELLA TROTA,,18 luglio 2026,2026-07-18,2026-07-18,Rezzo,Liguria,liguria,Riviera di Ponente,riviera-di-ponente,https://sagr.it/liguria/riviera-di-ponente/eventi/sagra-della-trota-mqpo4x3r,,,,,
Festa patronalefavoriteFESTA DELLE ERBE E DELLA LAVANDA,,19 luglio 2026,2026-07-19,2026-07-19,COSIO D’ARROSCIA,Liguria,liguria,Riviera di Ponente,riviera-di-ponente,https://sagr.it/liguria/riviera-di-ponente/eventi/festa-delle-erbe-e-della-lavanda,,,,,
SagrafavoriteSagra du Michettin,,21 luglio - 26 luglio 2026,2026-07-21,2026-07-26,San Giorgio di Albenga,Liguria,liguria,Riviera di Ponente,riviera-di-ponente,https://sagr.it/liguria/riviera-di-ponente/eventi/sagra-du-michettin,,,,,
SagrafavoriteUna Barca nel Bosco,,23 luglio - 26 luglio 2026,2026-07-23,2026-07-26,Mallare,Liguria,liguria,Riviera di Ponente,riviera-di-ponente,https://sagr.it/liguria/riviera-di-ponente/eventi/una-barca-nel-bosco,,,,,
Festa patronalefavoriteCarnevale di Loano – Summer Edition,,25 luglio 2026,2026-07-25,2026-07-25,Loano,Liguria,liguria,Riviera di Ponente,riviera-di-ponente,https://sagr.it/liguria/riviera-di-ponente/eventi/carnevale-di-loano-summer-edition,,,,,
SagrafavoriteSagra della Capra e Fagioli,,25 luglio 2026,2026-07-25,2026-07-25,Rocchetta Nervina,Liguria,liguria,Riviera di Ponente,riviera-di-ponente,https://sagr.it/liguria/riviera-di-ponente/eventi/sagra-della-capra-e-fagioli,,,,,
celebrationSagrafavoriteSAGRA DELLA LUMACA E DEGLI SPIEDINI,,25 luglio 2026,2026-07-25,2026-07-25,Pontedassio,Liguria,liguria,Riviera di Ponente,riviera-di-ponente,https://sagr.it/liguria/riviera-di-ponente/eventi/sagra-della-lumaca-e-degli-spiedini,,,,,
celebrationSagrafavoriteSAGRA DEGLI SPAGHETTI ALLA BERETTŰNA,,1 agosto 2026,2026-08-01,2026-08-01,Borgomaro,Liguria,liguria,Riviera di Ponente,riviera-di-ponente,https://sagr.it/liguria/riviera-di-ponente/eventi/sagra-degli-spaghetti-alla-berettuna,,,,,
SagrafavoriteSagra del coniglio in porchetta,,2 agosto 2026,2026-08-02,2026-08-02,Castellaro,Liguria,liguria,Riviera di Ponente,riviera-di-ponente,https://sagr.it/liguria/riviera-di-ponente/eventi/sagra-del-coniglio-in-porchetta,,,,,
SagrafavoriteSagra del vino Lumassina,,2 agosto - 4 agosto 2026,2026-08-02,2026-08-04,Orco Feglino,Liguria,liguria,Riviera di Ponente,riviera-di-ponente,https://sagr.it/liguria/riviera-di-ponente/eventi/sagra-del-vino-lumassina,,,,,
SagrafavoriteSagra du pignurin pan e vin,,2 agosto 2026,2026-08-02,2026-08-02,Ospedaletti,Liguria,liguria,Riviera di Ponente,riviera-di-ponente,https://sagr.it/liguria/riviera-di-ponente/eventi/sagra-du-pignurin-pan-e-vin,,,,,
celebrationSagrafavoriteSAGRA DEL TURTUN,,2 agosto 2026,2026-08-02,2026-08-02,Castel Vittorio,Liguria,liguria,Riviera di Ponente,riviera-di-ponente,https://sagr.it/liguria/riviera-di-ponente/eventi/sagra-del-turtun,,,,,
RievocazionefavoriteCAIRO MEDIEVALE,,6 agosto 2026,2026-08-06,2026-08-06,Cairo Montenotte,Liguria,liguria,Riviera di Ponente,riviera-di-ponente,https://sagr.it/liguria/riviera-di-ponente/eventi/cairo-medievale,,,,,
celebrationSagrafavoriteFESTA DEL GRAN PISTAU (Festa del Grano Pestato),,6 agosto 2026,2026-08-06,2026-08-06,Pigna,Liguria,liguria,Riviera di Ponente,riviera-di-ponente,https://sagr.it/liguria/riviera-di-ponente/eventi/festa-del-gran-pistau-festa-del-grano-pestato,,,,,
SagrafavoriteFesta dei gunbi,,7 agosto - 10 agosto 2026,2026-08-07,2026-08-10,Toirano,Liguria,liguria,Riviera di Ponente,riviera-di-ponente,https://sagr.it/liguria/riviera-di-ponente/eventi/festa-dei-gunbi,,,,,
celebrationSagrafavoriteSAGRA DELLE PESCHE E DEL VINO PIGATO,,7 agosto 2026,2026-08-07,2026-08-07,Ortovero,Liguria,liguria,Riviera di Ponente,riviera-di-ponente,https://sagr.it/liguria/riviera-di-ponente/eventi/sagra-delle-pesche-e-del-vino-pigato,,,,,
SagrafavoriteSagra del Nostralino,,10 agosto - 14 agosto 2026,2026-08-10,2026-08-14,Pietra Ligure,Liguria,liguria,Riviera di Ponente,riviera-di-ponente,https://sagr.it/liguria/riviera-di-ponente/eventi/sagra-del-nostralino,,,,,
SagrafavoriteSagralea rassegna del vino Pigato e degli altri vini liguri,,12 agosto - 16 agosto 2026,2026-08-12,2026-08-16,Salea,Liguria,liguria,Riviera di Ponente,riviera-di-ponente,https://sagr.it/liguria/riviera-di-ponente/eventi/sagralea-rassegna-del-vino-pigato-e-degli-altri-vini-liguri,,,,,
Festa patronalefavoriteFESTIVAL DI SAN ROCCO,,14 agosto 2026,2026-08-14,2026-08-14,Altare,Liguria,liguria,Riviera di Ponente,riviera-di-ponente,https://sagr.it/liguria/riviera-di-ponente/eventi/festival-di-san-rocco,,,,,
celebrationFesta patronalefavoriteFESTA DI SAN BERNARDO D’ARMO SAGRA DU PAN FRITU,,14 agosto 2026,2026-08-14,2026-08-14,Armo,Liguria,liguria,Riviera di Ponente,riviera-di-ponente,https://sagr.it/liguria/riviera-di-ponente/eventi/festa-di-san-bernardo-d-armo-sagra-du-pan-fritu,,,,,
celebrationSagrafavoriteSAGRA DELLA BURIDDA E GARA NAZIONALE DI BOCCE,,15 agosto 2026,2026-08-15,2026-08-15,BORGHETTO D’ARROSCIA,Liguria,liguria,Riviera di Ponente,riviera-di-ponente,https://sagr.it/liguria/riviera-di-ponente/eventi/sagra-della-buridda-e-gara-nazionale-di-bocce,,,,,
EventofavoriteGARA DI BOCCE ALLA PETANQUE A TERNE O COPPIE FISSE,,16 agosto 2026,2026-08-16,2026-08-16,Pieve di Teco,Liguria,liguria,Riviera di Ponente,riviera-di-ponente,https://sagr.it/liguria/riviera-di-ponente/eventi/gara-di-bocce-alla-petanque-a-terne-o-coppie-fisse,,,,,
Festa patronalefavoriteFESTA DU PAISE – SAN ROCCO,,16 agosto 2026,2026-08-16,2026-08-16,Bardineto,Liguria,liguria,Riviera di Ponente,riviera-di-ponente,https://sagr.it/liguria/riviera-di-ponente/eventi/festa-du-paise-san-rocco,,,,,
celebrationSagrafavoriteECOSAGRA DELLE MELANZANE RIPIENE,,17 agosto 2026,2026-08-17,2026-08-17,Finale Ligure,Liguria,liguria,Riviera di Ponente,riviera-di-ponente,https://sagr.it/liguria/riviera-di-ponente/eventi/ecosagra-delle-melanzane-ripiene,,,,,
celebrationSagrafavoriteFESTA DELLA CUCINA BIANCA,,20 agosto 2026,2026-08-20,2026-08-20,Mendatica,Liguria,liguria,Riviera di Ponente,riviera-di-ponente,https://sagr.it/liguria/riviera-di-ponente/eventi/festa-della-cucina-bianca,,,,,
SagrafavoriteSagra della Fràndura,,23 agosto 2026,2026-08-23,2026-08-23,Montalto Ligure,Liguria,liguria,Riviera di Ponente,riviera-di-ponente,https://sagr.it/liguria/riviera-di-ponente/eventi/sagra-della-frandura,,,,,
celebrationSagrafavoriteFRANDURA,,23 agosto 2026,2026-08-23,2026-08-23,Montalto Carpasio,Liguria,liguria,Riviera di Ponente,riviera-di-ponente,https://sagr.it/liguria/riviera-di-ponente/eventi/frandura,,,,,
SagrafavoritePOLENTATA,,28 agosto 2026,2026-08-28,2026-08-28,Boissano,Liguria,liguria,Riviera di Ponente,riviera-di-ponente,https://sagr.it/liguria/riviera-di-ponente/eventi/polentata,,,,,
MercatofavoriteMOSTRA MERCATO “GLI ORTI DI PIGNONE”,,29 agosto 2026,2026-08-29,2026-08-29,PIGNONE,Liguria,liguria,Riviera di Ponente,riviera-di-ponente,https://sagr.it/liguria/riviera-di-ponente/eventi/mostra-mercato-gli-orti-di-pignone,,,,,
celebrationSagrafavoriteSAGRA DELLA CARPASINA,,30 agosto 2026,2026-08-30,2026-08-30,Montalto Carpasio,Liguria,liguria,Riviera di Ponente,riviera-di-ponente,https://sagr.it/liguria/riviera-di-ponente/eventi/sagra-della-carpasina,,,,,
SagrafavoriteLA REPUBBLICA DEL GUSTO,,5 settembre 2026,2026-09-05,2026-09-05,Noli,Liguria,liguria,Riviera di Ponente,riviera-di-ponente,https://sagr.it/liguria/riviera-di-ponente/eventi/la-repubblica-del-gusto,,,,,
SagrafavoriteSagra del bollito misto alla piemontese,,5 settembre - 6 settembre 2026,2026-09-05,2026-09-06,Mioglia,Liguria,liguria,Riviera di Ponente,riviera-di-ponente,https://sagr.it/liguria/riviera-di-ponente/eventi/sagra-del-bollito-misto-alla-piemontese,,,,,
SagrafavoriteFESTA DELL’UVA,,11 settembre - 19 settembre 2026,2026-09-11,2026-09-19,Pornassio,Liguria,liguria,Riviera di Ponente,riviera-di-ponente,https://sagr.it/liguria/riviera-di-ponente/eventi/festa-dell-uva,,,,,
Festa patronalefavoriteFESTA DEL PADRE SANTO,,13 settembre 2026,2026-09-13,2026-09-13,Camporosso,Liguria,liguria,Riviera di Ponente,riviera-di-ponente,https://sagr.it/liguria/riviera-di-ponente/eventi/festa-del-padre-santo,,,,,
celebrationSagrafavoriteFESTA DEL FUNGO D’ORO,,19 settembre 2026,2026-09-19,2026-09-19,Bardineto,Liguria,liguria,Riviera di Ponente,riviera-di-ponente,https://sagr.it/liguria/riviera-di-ponente/eventi/festa-del-fungo-d-oro,,,,,
RievocazionefavoriteCORTEO DELLE MALGHE E PALIO DELLE CAPRE,,20 settembre 2026,2026-09-20,2026-09-20,Mendatica,Liguria,liguria,Riviera di Ponente,riviera-di-ponente,https://sagr.it/liguria/riviera-di-ponente/eventi/corteo-delle-malghe-e-palio-delle-capre,,,,,
SagrafavoriteFesta dell’amaretto di Sassello,,21 settembre 2026,2026-09-21,2026-09-21,Sassello,Liguria,liguria,Riviera di Ponente,riviera-di-ponente,https://sagr.it/liguria/riviera-di-ponente/eventi/festa-dell-amaretto-di-sassello,,,,,
celebrationSagrafavoriteIL SALTO DELL’ACCIUGA,,9 ottobre 2026,2026-10-09,2026-10-09,Laigueglia,Liguria,liguria,Riviera di Ponente,riviera-di-ponente,https://sagr.it/liguria/riviera-di-ponente/eventi/il-salto-dell-acciuga,,,,,
celebrationSagrafavoriteFESTA DELLA CALDARROSTA,,11 ottobre 2026,2026-10-11,2026-10-11,Pigna,Liguria,liguria,Riviera di Ponente,riviera-di-ponente,https://sagr.it/liguria/riviera-di-ponente/eventi/festa-della-caldarrosta,,,,,
celebrationSagrafavoriteFIERA DELLA ZUCCA,,11 ottobre 2026,2026-10-11,2026-10-11,Zuccarello,Liguria,liguria,Riviera di Ponente,riviera-di-ponente,https://sagr.it/liguria/riviera-di-ponente/eventi/fiera-della-zucca,,,,,
SagrafavoriteFesta della castagna,,12 ottobre 2026,2026-10-12,2026-10-12,Molini di Triora,Liguria,liguria,Riviera di Ponente,riviera-di-ponente,https://sagr.it/liguria/riviera-di-ponente/eventi/festa-della-castagna-mqljoiye,,,,,
celebrationSagrafavoriteZUCCA IN PIAZZA,,17 ottobre 2026,2026-10-17,2026-10-17,Cengio,Liguria,liguria,Riviera di Ponente,riviera-di-ponente,https://sagr.it/liguria/riviera-di-ponente/eventi/zucca-in-piazza,,,,,
SagrafavoriteOliOliva,,6 novembre - 8 novembre 2026,2026-11-06,2026-11-08,Imperia,Liguria,liguria,Riviera di Ponente,riviera-di-ponente,https://sagr.it/liguria/riviera-di-ponente/eventi/olioliva,,,,,
SagrafavoriteOlioliva festa dell’olio nuovo,,7 novembre - 9 novembre 2026,2026-11-07,2026-11-09,Imperia,Liguria,liguria,Riviera di Ponente,riviera-di-ponente,https://sagr.it/liguria/riviera-di-ponente/eventi/olioliva-festa-dell-olio-nuovo,,,,,
Evento culturalefavoritePRESEPE VIVENTE DI ROCCAVIGNALE,,22 dicembre 2026,2026-12-22,2026-12-22,Roccavignale,Liguria,liguria,Riviera di Ponente,riviera-di-ponente,https://sagr.it/liguria/riviera-di-ponente/eventi/presepe-vivente-di-roccavignale,,,,,
FierafavoriteTradizionale Fiera della Candelora,,1 febbraio - 3 febbraio 2027,2027-02-01,2027-02-03,San Bartolomeo al Mare,Liguria,liguria,Riviera di Ponente,riviera-di-ponente,https://sagr.it/liguria/riviera-di-ponente/eventi/tradizionale-fiera-della-candelora,,,,,
MercatofavoriteGardensia,,27 marzo - 29 marzo 2026,2026-03-27,2026-03-29,Montichiari,Lombardia,lombardia,Franciacorta e Brescia,franciacorta-e-brescia,https://sagr.it/lombardia/franciacorta-e-brescia/eventi/gardensia,,,,,
SagrafavoriteFiera della Spongada,,29 marzo 2026,2026-03-29,2026-03-29,Breno,Lombardia,lombardia,Franciacorta e Brescia,franciacorta-e-brescia,https://sagr.it/lombardia/franciacorta-e-brescia/eventi/fiera-della-spongada-mna3j570,,,,,
Evento culturalefavoriteFesta della pecora gigante bergamasca,,11 aprile - 12 aprile 2026,2026-04-11,2026-04-12,Spirano,Lombardia,lombardia,Franciacorta e Brescia,franciacorta-e-brescia,https://sagr.it/lombardia/franciacorta-e-brescia/eventi/festa-della-pecora-gigante-bergamasca,,,,,
SagrafavoriteSagra del loertis,,22 aprile - 26 aprile 2026,2026-04-22,2026-04-26,Castel Mella,Lombardia,lombardia,Franciacorta e Brescia,franciacorta-e-brescia,https://sagr.it/lombardia/franciacorta-e-brescia/eventi/sagra-del-loertis,,,,,
SagrafavoriteFesta del Salame di Monte Isola,,1 maggio - 3 maggio 2026,2026-05-01,2026-05-03,Monte Isola,Lombardia,lombardia,Franciacorta e Brescia,franciacorta-e-brescia,https://sagr.it/lombardia/franciacorta-e-brescia/eventi/festa-del-salame-di-monte-isola,,,,,
SagrafavoriteSagra del riso coi saltarei,,15 maggio - 19 maggio 2026,2026-05-15,2026-05-19,Pontepossero,Lombardia,lombardia,Franciacorta e Brescia,franciacorta-e-brescia,https://sagr.it/lombardia/franciacorta-e-brescia/eventi/sagra-del-riso-coi-saltarei,,,,,
SagrafavoriteFesta de la saresa,,29 maggio - 2 giugno 2026,2026-05-29,2026-06-02,Ceresara,Lombardia,lombardia,Franciacorta e Brescia,franciacorta-e-brescia,https://sagr.it/lombardia/franciacorta-e-brescia/eventi/festa-de-la-saresa,,,,,
SagrafavoriteFesta del risotto,,29 maggio - 14 giugno 2026,2026-05-29,2026-06-14,Villimpenta,Lombardia,lombardia,Franciacorta e Brescia,franciacorta-e-brescia,https://sagr.it/lombardia/franciacorta-e-brescia/eventi/festa-del-risotto,,,,,
Festa patronalefavoriteSagra di San Vito a Barbariga,,11 giugno - 15 giugno 2026,2026-06-11,2026-06-15,Barbariga,Lombardia,lombardia,Franciacorta e Brescia,franciacorta-e-brescia,https://sagr.it/lombardia/franciacorta-e-brescia/eventi/sagra-di-san-vito-a-barbariga,,,,,
SagrafavoriteFesta della Birra di Sabbio Chiese,,11 giugno - 21 giugno 2026,2026-06-11,2026-06-21,Sabbio Chiese,Lombardia,lombardia,Franciacorta e Brescia,franciacorta-e-brescia,https://sagr.it/lombardia/franciacorta-e-brescia/eventi/festa-della-birra-di-sabbio-chiese,,,,,
SagrafavoriteCamignonissima,,16 giugno - 21 giugno 2026,2026-06-16,2026-06-21,Camignone,Lombardia,lombardia,Franciacorta e Brescia,franciacorta-e-brescia,https://sagr.it/lombardia/franciacorta-e-brescia/eventi/camignonissima,,,,,
SagrafavoriteFesta della Campagna - Nuvolento,,18 giugno - 22 giugno 2026,2026-06-18,2026-06-22,Nuvolento,Lombardia,lombardia,Franciacorta e Brescia,franciacorta-e-brescia,https://sagr.it/lombardia/franciacorta-e-brescia/eventi/festa-della-campagna-nuvolento,,,,,
SagrafavoriteFesta del tortello amaro,,19 giugno - 22 giugno 2026,2026-06-19,2026-06-22,Castel Goffredo,Lombardia,lombardia,Franciacorta e Brescia,franciacorta-e-brescia,https://sagr.it/lombardia/franciacorta-e-brescia/eventi/festa-del-tortello-amaro,,,,,
SagrafavoriteFesta della Birra a Roncadelle,,24 giugno - 27 giugno 2026,2026-06-24,2026-06-27,Roncadelle,Lombardia,lombardia,Franciacorta e Brescia,franciacorta-e-brescia,https://sagr.it/lombardia/franciacorta-e-brescia/eventi/festa-della-birra-a-roncadelle,,,,,
SagrafavoriteSagra delle pesche - Festa dei Persech,,9 luglio - 19 luglio 2026,2026-07-09,2026-07-19,Collebeato,Lombardia,lombardia,Franciacorta e Brescia,franciacorta-e-brescia,https://sagr.it/lombardia/franciacorta-e-brescia/eventi/sagra-delle-pesche-festa-dei-persech,,,,,
SagrafavoriteSagra della tinca al forno,,10 luglio - 20 luglio 2026,2026-07-10,2026-07-20,Clusane,Lombardia,lombardia,Franciacorta e Brescia,franciacorta-e-brescia,https://sagr.it/lombardia/franciacorta-e-brescia/eventi/sagra-della-tinca-al-forno,,,,,
SagrafavoriteSagra degli gnocchi ripieni,,16 luglio - 20 luglio 2026,2026-07-16,2026-07-20,Albino,Lombardia,lombardia,Franciacorta e Brescia,franciacorta-e-brescia,https://sagr.it/lombardia/franciacorta-e-brescia/eventi/sagra-degli-gnocchi-ripieni,,,,,
Festa patronalefavoriteSagra di Sant'Anna e Giocchino,,22 luglio - 27 luglio 2026,2026-07-22,2026-07-27,Calcinato,Lombardia,lombardia,Franciacorta e Brescia,franciacorta-e-brescia,https://sagr.it/lombardia/franciacorta-e-brescia/eventi/sagra-di-sant-anna-e-giocchino,,,,,
FestivalfavoriteFoom Fest Pontoglio,,23 luglio - 27 luglio 2026,2026-07-23,2026-07-27,Pontoglio,Lombardia,lombardia,Franciacorta e Brescia,franciacorta-e-brescia,https://sagr.it/lombardia/franciacorta-e-brescia/eventi/foom-fest-pontoglio,,,,,
SagrafavoriteFoom Fest,,23 luglio - 27 luglio 2026,2026-07-23,2026-07-27,Pontoglio,Lombardia,lombardia,Franciacorta e Brescia,franciacorta-e-brescia,https://sagr.it/lombardia/franciacorta-e-brescia/eventi/foom-fest,,,,,
FierafavoriteFiera di Santa Maria,,29 agosto - 8 settembre 2026,2026-08-29,2026-09-08,Calcinato,Lombardia,lombardia,Franciacorta e Brescia,franciacorta-e-brescia,https://sagr.it/lombardia/franciacorta-e-brescia/eventi/fiera-di-santa-maria,,,,,
SagrafavoriteFestival d’Autunno in Franciacorta,,18 settembre - 20 settembre 2026,2026-09-18,2026-09-20,Franciacorta,Lombardia,lombardia,Franciacorta e Brescia,franciacorta-e-brescia,https://sagr.it/lombardia/franciacorta-e-brescia/eventi/festival-d-autunno-in-franciacorta,,,,,
SagrafavoriteFiera del Casoncello di Barbariga,,25 settembre - 28 settembre 2026,2026-09-25,2026-09-28,Barbariga,Lombardia,lombardia,Franciacorta e Brescia,franciacorta-e-brescia,https://sagr.it/lombardia/franciacorta-e-brescia/eventi/fiera-del-casoncello-di-barbariga,,,,,
SagrafavoriteSagra della patata,,4 ottobre 2026,2026-10-04,2026-10-04,Monno,Lombardia,lombardia,Franciacorta e Brescia,franciacorta-e-brescia,https://sagr.it/lombardia/franciacorta-e-brescia/eventi/sagra-della-patata-mqljokho,,,,,
SagrafavoriteSagra del Salame Cotto e Grepola,,2 novembre 2026,2026-11-02,2026-11-02,Quinzano d'Oglio,Lombardia,lombardia,Franciacorta e Brescia,franciacorta-e-brescia,https://sagr.it/lombardia/franciacorta-e-brescia/eventi/sagra-del-salame-cotto-e-grepola,,,,,
SagrafavoriteCioccolandia,,7 novembre - 8 novembre 2026,2026-11-07,2026-11-08,Castel San Giovanni,Lombardia,lombardia,Franciacorta e Brescia,franciacorta-e-brescia,https://sagr.it/lombardia/franciacorta-e-brescia/eventi/cioccolandia,,,,,
SagrafavoriteSagra del Casoncello di Pontoglio De.Co. – Festa di Sant’Antonio Abate,,4 gennaio - 18 gennaio 2027,2027-01-04,2027-01-18,Pontoglio,Lombardia,lombardia,Franciacorta e Brescia,franciacorta-e-brescia,https://sagr.it/lombardia/franciacorta-e-brescia/eventi/sagra-del-casoncello-di-pontoglio-de-co-festa-di-sant-antonio-abate,,,,,
SagrafavoriteFestival della Cicoria,,24 aprile - 3 maggio 2026,2026-04-24,2026-05-03,Monte Croce,Lombardia,lombardia,Laghi Lombardi,laghi-lombardi,https://sagr.it/lombardia/laghi-lombardi/eventi/festival-della-cicoria,,,,,
SagrafavoriteWOW Festival - Walk Of Wine a Lecco,,1 maggio - 3 maggio 2026,2026-05-01,2026-05-03,Lecco,Lombardia,lombardia,Laghi Lombardi,laghi-lombardi,https://sagr.it/lombardia/laghi-lombardi/eventi/wow-festival-walk-of-wine-a-lecco,,,,,
SagrafavoriteFiorentina VS Costoletta VS Planted Steak,,8 maggio - 17 maggio 2026,2026-05-08,2026-05-17,Bergamo,Lombardia,lombardia,Laghi Lombardi,laghi-lombardi,https://sagr.it/lombardia/laghi-lombardi/eventi/fiorentina-vs-costoletta-vs-planted-steak,,,,,
SagrafavoriteSagra del Pizzocchero a Montano Lucino,,9 maggio - 10 maggio 2026,2026-05-09,2026-05-10,Montano Lucino,Lombardia,lombardia,Laghi Lombardi,laghi-lombardi,https://sagr.it/lombardia/laghi-lombardi/eventi/sagra-del-pizzocchero-a-montano-lucino,,,,,
Festa patronalefavoriteFesta di Primavera a Trescore Balneario,,10 maggio 2026,2026-05-10,2026-05-10,Trescore Balneario,Lombardia,lombardia,Laghi Lombardi,laghi-lombardi,https://sagr.it/lombardia/laghi-lombardi/eventi/festa-di-primavera-a-trescore-balneario,,,,,
SagrafavoriteValtenesi in Rosa,,22 maggio - 24 maggio 2026,2026-05-22,2026-05-24,Moniga del Garda,Lombardia,lombardia,Laghi Lombardi,laghi-lombardi,https://sagr.it/lombardia/laghi-lombardi/eventi/valtenesi-in-rosa,,,,,
SagrafavoriteFiera del vino,,29 maggio - 2 giugno 2026,2026-05-29,2026-06-02,Polpenazze del Garda,Lombardia,lombardia,Laghi Lombardi,laghi-lombardi,https://sagr.it/lombardia/laghi-lombardi/eventi/fiera-del-vino-moxipig4,,,,,
SagrafavoriteNon Solo,Sagra,29 maggio - 1 giugno 2026,2026-05-29,2026-06-01,Rogeno,Lombardia,lombardia,Laghi Lombardi,laghi-lombardi,https://sagr.it/lombardia/laghi-lombardi/eventi/non-solo-sagra,,,,,
Street FoodfavoriteAltrimenti ci Arrabbiamo - Tributo a Bud Spencer e Terrence Hill,,30 maggio 2026,2026-05-30,2026-05-30,Asso,Lombardia,lombardia,Laghi Lombardi,laghi-lombardi,https://sagr.it/lombardia/laghi-lombardi/eventi/altrimenti-ci-arrabbiamo-tributo-a-bud-spencer-e-terrence-hill,,,,,
SagrafavoriteCountry Beer Fess,,5 giugno - 7 giugno 2026,2026-06-05,2026-06-07,Lonato del Garda,Lombardia,lombardia,Laghi Lombardi,laghi-lombardi,https://sagr.it/lombardia/laghi-lombardi/eventi/country-beer-fess,,,,,
SagrafavoriteFesta Alpina Ghisalba,,5 giugno - 15 giugno 2026,2026-06-05,2026-06-15,Ghisalba,Lombardia,lombardia,Laghi Lombardi,laghi-lombardi,https://sagr.it/lombardia/laghi-lombardi/eventi/festa-alpina-ghisalba,,,,,
SagrafavoriteFesta dei Cortili a Bulgarograsso,,5 giugno - 6 giugno 2026,2026-06-05,2026-06-06,Bulgarograsso,Lombardia,lombardia,Laghi Lombardi,laghi-lombardi,https://sagr.it/lombardia/laghi-lombardi/eventi/festa-dei-cortili-a-bulgarograsso,,,,,
SagrafavoriteFesta della Campagna,,5 giugno - 28 giugno 2026,2026-06-05,2026-06-28,Palazzago,Lombardia,lombardia,Laghi Lombardi,laghi-lombardi,https://sagr.it/lombardia/laghi-lombardi/eventi/festa-della-campagna,,,,,
SagrafavoriteFesta del Luartis,,6 giugno 2026,2026-06-06,2026-06-06,Isola Dovarese,Lombardia,lombardia,Laghi Lombardi,laghi-lombardi,https://sagr.it/lombardia/laghi-lombardi/eventi/festa-del-luartis,,,,,
FestivalfavoriteSbirrando,,10 giugno - 14 giugno 2026,2026-06-10,2026-06-14,Calusco d'Adda,Lombardia,lombardia,Laghi Lombardi,laghi-lombardi,https://sagr.it/lombardia/laghi-lombardi/eventi/sbirrando,,,,,
SagrafavoriteBeer Park a Santa Maria Hoè,,12 giugno - 14 giugno 2026,2026-06-12,2026-06-14,Santa Maria Hoè,Lombardia,lombardia,Laghi Lombardi,laghi-lombardi,https://sagr.it/lombardia/laghi-lombardi/eventi/beer-park-a-santa-maria-hoe,,,,,
SagrafavoriteSagra Tirolese,,12 giugno - 14 giugno 2026,2026-06-12,2026-06-14,Caronno Varesino,Lombardia,lombardia,Laghi Lombardi,laghi-lombardi,https://sagr.it/lombardia/laghi-lombardi/eventi/sagra-tirolese,,,,,
SagrafavoriteSagra dello struzzo,,12 giugno - 24 giugno 2026,2026-06-12,2026-06-24,Governolo,Lombardia,lombardia,Laghi Lombardi,laghi-lombardi,https://sagr.it/lombardia/laghi-lombardi/eventi/sagra-dello-struzzo,,,,,
SagrafavoriteFesta del Mageng,,13 giugno - 20 giugno 2026,2026-06-13,2026-06-20,Pasturo,Lombardia,lombardia,Laghi Lombardi,laghi-lombardi,https://sagr.it/lombardia/laghi-lombardi/eventi/festa-del-mageng,,,,,
SagrafavoriteFesta del Gnocco Fritto a San Giorgio di Mantova,,19 giugno - 21 giugno 2026,2026-06-19,2026-06-21,San Giorgio di Mantova,Lombardia,lombardia,Laghi Lombardi,laghi-lombardi,https://sagr.it/lombardia/laghi-lombardi/eventi/festa-del-gnocco-fritto-a-san-giorgio-di-mantova,,,,,
SagrafavoriteSagra del Casoncello,,19 giugno - 24 giugno 2026,2026-06-19,2026-06-24,Castro,Lombardia,lombardia,Laghi Lombardi,laghi-lombardi,https://sagr.it/lombardia/laghi-lombardi/eventi/sagra-del-casoncello-mq9mb7wm,,,,,
SagrafavoriteSagra di San Giovanni,,19 giugno - 23 giugno 2026,2026-06-19,2026-06-23,Lonato del Garda,Lombardia,lombardia,Laghi Lombardi,laghi-lombardi,https://sagr.it/lombardia/laghi-lombardi/eventi/sagra-di-san-giovanni,,,,,
SagrafavoriteFesta delle cascine di san Giorgio,,20 giugno - 29 giugno 2026,2026-06-20,2026-06-29,Sesto Calende,Lombardia,lombardia,Laghi Lombardi,laghi-lombardi,https://sagr.it/lombardia/laghi-lombardi/eventi/festa-delle-cascine-di-san-giorgio,,,,,
SagrafavoriteFesta Alpina,,24 giugno - 5 luglio 2026,2026-06-24,2026-07-05,Bonate Sopra,Lombardia,lombardia,Laghi Lombardi,laghi-lombardi,https://sagr.it/lombardia/laghi-lombardi/eventi/festa-alpina,,,,,
FestivalfavoriteBeer Fest Fermento,,25 giugno - 19 luglio 2026,2026-06-25,2026-07-19,Brianza,Lombardia,lombardia,Laghi Lombardi,laghi-lombardi,https://sagr.it/lombardia/laghi-lombardi/eventi/beer-fest-fermento,,,,,
FestivalfavoriteLive in Zanica,,25 giugno - 28 giugno 2026,2026-06-25,2026-06-28,Zanica,Lombardia,lombardia,Laghi Lombardi,laghi-lombardi,https://sagr.it/lombardia/laghi-lombardi/eventi/live-in-zanica,,,,,
SagrafavoriteSagra Alpina,,25 giugno - 5 luglio 2026,2026-06-25,2026-07-05,Pedrengo,Lombardia,lombardia,Laghi Lombardi,laghi-lombardi,https://sagr.it/lombardia/laghi-lombardi/eventi/sagra-alpina,,,,,
Evento culturalefavoriteComicon,,26 giugno - 28 giugno 2026,2026-06-26,2026-06-28,Bergamo,Lombardia,lombardia,Laghi Lombardi,laghi-lombardi,https://sagr.it/lombardia/laghi-lombardi/eventi/comicon,,,,,
SagrafavoriteFesta della Birra,,26 giugno - 4 luglio 2026,2026-06-26,2026-07-04,Berzo San Fermo,Lombardia,lombardia,Laghi Lombardi,laghi-lombardi,https://sagr.it/lombardia/laghi-lombardi/eventi/festa-della-birra,,,,,
SagrafavoriteFesta della Bontà di Bufala,,26 giugno - 5 luglio 2026,2026-06-26,2026-07-05,Lonato del Garda,Lombardia,lombardia,Laghi Lombardi,laghi-lombardi,https://sagr.it/lombardia/laghi-lombardi/eventi/festa-della-bonta-di-bufala-mq1rreet,,,,,
SagrafavoriteSagra del Misultin,,26 giugno - 28 giugno 2026,2026-06-26,2026-06-28,Dervio,Lombardia,lombardia,Laghi Lombardi,laghi-lombardi,https://sagr.it/lombardia/laghi-lombardi/eventi/sagra-del-misultin,,,,,
SagrafavoriteTaragnaFest,,26 giugno - 5 luglio 2026,2026-06-26,2026-07-05,Roncola,Lombardia,lombardia,Laghi Lombardi,laghi-lombardi,https://sagr.it/lombardia/laghi-lombardi/eventi/taragnafest,,,,,
SagrafavoriteTaragnaFest,,26 giugno - 5 luglio 2026,2026-06-26,2026-07-05,Roncola San Bernardo,Lombardia,lombardia,Laghi Lombardi,laghi-lombardi,https://sagr.it/lombardia/laghi-lombardi/eventi/taragnafest-mqlu6ixa,,,,,
SagrafavoriteSagra del Pesce a Eupilio,,27 giugno - 5 luglio 2026,2026-06-27,2026-07-05,Eupilio,Lombardia,lombardia,Laghi Lombardi,laghi-lombardi,https://sagr.it/lombardia/laghi-lombardi/eventi/sagra-del-pesce-a-eupilio,,,,,
FestivalfavoriteRevel Summer,Festival,2 luglio - 12 luglio 2026,2026-07-02,2026-07-12,Treviglio,Lombardia,lombardia,Laghi Lombardi,laghi-lombardi,https://sagr.it/lombardia/laghi-lombardi/eventi/revel-summer-festival,,,,,
SagrafavoriteSagra del Pesce a Riva di Solto,,2 luglio - 5 luglio 2026,2026-07-02,2026-07-05,Riva di Solto,Lombardia,lombardia,Laghi Lombardi,laghi-lombardi,https://sagr.it/lombardia/laghi-lombardi/eventi/sagra-del-pesce-a-riva-di-solto,,,,,
SagrafavoriteFesta del pesce e del Luccio alla Rivaltese,,3 luglio - 12 luglio 2026,2026-07-03,2026-07-12,Rivalta sul Mincio,Lombardia,lombardia,Laghi Lombardi,laghi-lombardi,https://sagr.it/lombardia/laghi-lombardi/eventi/festa-del-pesce-e-del-luccio-alla-rivaltese,,,,,
SagrafavoriteSagra del Gnocco Fritto,,3 luglio - 11 luglio 2026,2026-07-03,2026-07-11,Bisuschio,Lombardia,lombardia,Laghi Lombardi,laghi-lombardi,https://sagr.it/lombardia/laghi-lombardi/eventi/sagra-del-gnocco-fritto,,,,,
SagrafavoriteSagra dello Gnocco Fritto a Bisuschio,,3 luglio - 11 luglio 2026,2026-07-03,2026-07-11,Bisuschio,Lombardia,lombardia,Laghi Lombardi,laghi-lombardi,https://sagr.it/lombardia/laghi-lombardi/eventi/sagra-dello-gnocco-fritto-a-bisuschio,,,,,
Evento culturalefavoriteAsso Incontra - 10º Anniversario,,4 luglio 2026,2026-07-04,2026-07-04,Asso,Lombardia,lombardia,Laghi Lombardi,laghi-lombardi,https://sagr.it/lombardia/laghi-lombardi/eventi/asso-incontra-10-anniversario,,,,,
SagrafavoriteGran festa del capunsel,,4 luglio - 6 luglio 2026,2026-07-04,2026-07-06,Solferino,Lombardia,lombardia,Laghi Lombardi,laghi-lombardi,https://sagr.it/lombardia/laghi-lombardi/eventi/gran-festa-del-capunsel,,,,,
Festa patronalefavoriteFesta del Bersagliere,,9 luglio - 12 luglio 2026,2026-07-09,2026-07-12,Calcinate,Lombardia,lombardia,Laghi Lombardi,laghi-lombardi,https://sagr.it/lombardia/laghi-lombardi/eventi/festa-del-bersagliere,,,,,
FestivalfavoriteLake Sound Park,,9 luglio - 26 luglio 2026,2026-07-09,2026-07-26,Cernobbio,Lombardia,lombardia,Laghi Lombardi,laghi-lombardi,https://sagr.it/lombardia/laghi-lombardi/eventi/lake-sound-park,,,,,
FestivalfavoriteAmbria Music,Festival,10 luglio - 18 luglio 2026,2026-07-10,2026-07-18,Zogno,Lombardia,lombardia,Laghi Lombardi,laghi-lombardi,https://sagr.it/lombardia/laghi-lombardi/eventi/ambria-music-festival,,,,,
SagrafavoriteBeer Fest,,16 luglio - 26 luglio 2026,2026-07-16,2026-07-26,San Paolo d'Argon,Lombardia,lombardia,Laghi Lombardi,laghi-lombardi,https://sagr.it/lombardia/laghi-lombardi/eventi/beer-fest,,,,,
SagrafavoriteFesta d’la Rana e dal Stracot d’Asan,,17 luglio - 20 luglio 2026,2026-07-17,2026-07-20,Belforte,Lombardia,lombardia,Laghi Lombardi,laghi-lombardi,https://sagr.it/lombardia/laghi-lombardi/eventi/festa-d-la-rana-e-dal-stracot-d-asan,,,,,
SagrafavoriteSardellata al chiar di luna,,19 luglio - 21 luglio 2026,2026-07-19,2026-07-21,Garda,Lombardia,lombardia,Laghi Lombardi,laghi-lombardi,https://sagr.it/lombardia/laghi-lombardi/eventi/sardellata-al-chiar-di-luna,,,,,
SagrafavoriteSagra del capù e festival del folclore,,2 agosto - 3 agosto 2026,2026-08-02,2026-08-03,Parre,Lombardia,lombardia,Laghi Lombardi,laghi-lombardi,https://sagr.it/lombardia/laghi-lombardi/eventi/sagra-del-capu-e-festival-del-folclore,,,,,
SagrafavoriteSagra delle Sagre,,8 agosto - 16 agosto 2026,2026-08-08,2026-08-16,Barzio,Lombardia,lombardia,Laghi Lombardi,laghi-lombardi,https://sagr.it/lombardia/laghi-lombardi/eventi/sagra-delle-sagre,,,,,
SagrafavoriteSagra degli Scarpinòcc,,22 agosto - 24 agosto 2026,2026-08-22,2026-08-24,Parre,Lombardia,lombardia,Laghi Lombardi,laghi-lombardi,https://sagr.it/lombardia/laghi-lombardi/eventi/sagra-degli-scarpinocc,,,,,
SagrafavoriteFesta del Moscato e dei Sapori Scanzesi,,4 settembre - 7 settembre 2026,2026-09-04,2026-09-07,Scanzorosciate,Lombardia,lombardia,Laghi Lombardi,laghi-lombardi,https://sagr.it/lombardia/laghi-lombardi/eventi/festa-del-moscato-e-dei-sapori-scanzesi,,,,,
SagrafavoriteSagra del Luccio in salsa,,4 settembre - 8 settembre 2026,2026-09-04,2026-09-08,Pozzolo sul Mincio,Lombardia,lombardia,Laghi Lombardi,laghi-lombardi,https://sagr.it/lombardia/laghi-lombardi/eventi/sagra-del-luccio-in-salsa,,,,,
RievocazionefavoritePalio delle Sei Contrade di Masnago,,5 settembre - 13 settembre 2026,2026-09-05,2026-09-13,Varese - Masnago,Lombardia,lombardia,Laghi Lombardi,laghi-lombardi,https://sagr.it/lombardia/laghi-lombardi/eventi/palio-delle-sei-contrade-di-masnago,,,,,
SagrafavoriteFesta del Fungo,,12 settembre - 14 settembre 2026,2026-09-12,2026-09-14,Cunardo,Lombardia,lombardia,Laghi Lombardi,laghi-lombardi,https://sagr.it/lombardia/laghi-lombardi/eventi/festa-del-fungo,,,,,
SagrafavoriteSagra della cotoletta mirabellese,,12 settembre - 28 settembre 2026,2026-09-12,2026-09-28,Mirabello,Lombardia,lombardia,Laghi Lombardi,laghi-lombardi,https://sagr.it/lombardia/laghi-lombardi/eventi/sagra-della-cotoletta-mirabellese,,,,,
SagrafavoriteI giorni del Melgotto,,24 settembre - 4 ottobre 2026,2026-09-24,2026-10-04,Gandino,Lombardia,lombardia,Laghi Lombardi,laghi-lombardi,https://sagr.it/lombardia/laghi-lombardi/eventi/i-giorni-del-melgotto,,,,,
SagrafavoriteFesta dell’uva,,26 settembre - 28 settembre 2026,2026-09-26,2026-09-28,Giovo,Lombardia,lombardia,Laghi Lombardi,laghi-lombardi,https://sagr.it/lombardia/laghi-lombardi/eventi/festa-dell-uva-mqbexo4b,,,,,
SagrafavoriteSagra del Gorgonzola,,26 settembre - 5 ottobre 2026,2026-09-26,2026-10-05,Caronno Pertusella,Lombardia,lombardia,Laghi Lombardi,laghi-lombardi,https://sagr.it/lombardia/laghi-lombardi/eventi/sagra-del-gorgonzola-mqljok9w,,,,,
SagrafavoriteSagra della Zucca,,26 settembre - 27 settembre 2026,2026-09-26,2026-09-27,Osmate,Lombardia,lombardia,Laghi Lombardi,laghi-lombardi,https://sagr.it/lombardia/laghi-lombardi/eventi/sagra-della-zucca-osmate,,,,,
SagrafavoriteOttobre a Caldana,,5 ottobre - 26 ottobre 2026,2026-10-05,2026-10-26,Cocquio Trevisago,Lombardia,lombardia,Laghi Lombardi,laghi-lombardi,https://sagr.it/lombardia/laghi-lombardi/eventi/ottobre-a-caldana,,,,,
SagrafavoriteFesta dell’uva e dei fiori,,9 ottobre - 12 ottobre 2026,2026-10-09,2026-10-12,Foresto Sparso,Lombardia,lombardia,Laghi Lombardi,laghi-lombardi,https://sagr.it/lombardia/laghi-lombardi/eventi/festa-dell-uva-e-dei-fiori,,,,,
SagrafavoriteSagra del raviolo nostrano,,10 ottobre - 12 ottobre 2026,2026-10-10,2026-10-12,Covo,Lombardia,lombardia,Laghi Lombardi,laghi-lombardi,https://sagr.it/lombardia/laghi-lombardi/eventi/sagra-del-raviolo-nostrano,,,,,
SagrafavoriteSagra del masigott,,15 ottobre - 18 ottobre 2026,2026-10-15,2026-10-18,Erba,Lombardia,lombardia,Laghi Lombardi,laghi-lombardi,https://sagr.it/lombardia/laghi-lombardi/eventi/sagra-del-masigott,,,,,
Evento culturalefavoritePalio dei cantù,,18 ottobre - 19 ottobre 2026,2026-10-18,2026-10-19,Martinengo,Lombardia,lombardia,Laghi Lombardi,laghi-lombardi,https://sagr.it/lombardia/laghi-lombardi/eventi/palio-dei-cantu,,,,,
SagrafavoriteSagra della zucca,,18 ottobre - 19 ottobre 2026,2026-10-18,2026-10-19,Agra,Lombardia,lombardia,Laghi Lombardi,laghi-lombardi,https://sagr.it/lombardia/laghi-lombardi/eventi/sagra-della-zucca-mqpoy4z8,,,,,
SagrafavoriteSagra della zucca e dei porcini,,23 ottobre - 2 novembre 2026,2026-10-23,2026-11-02,Bergamo,Lombardia,lombardia,Laghi Lombardi,laghi-lombardi,https://sagr.it/lombardia/laghi-lombardi/eventi/sagra-della-zucca-e-dei-porcini,,,,,
SagrafavoriteSagra Polenta Taragna,,24 ottobre - 9 novembre 2026,2026-10-24,2026-11-09,Spirano,Lombardia,lombardia,Laghi Lombardi,laghi-lombardi,https://sagr.it/lombardia/laghi-lombardi/eventi/sagra-polenta-taragna,,,,,
SagrafavoriteSagra delle Carni in Umido,,30 ottobre - 2 novembre 2026,2026-10-30,2026-11-02,Cantù,Lombardia,lombardia,Laghi Lombardi,laghi-lombardi,https://sagr.it/lombardia/laghi-lombardi/eventi/sagra-delle-carni-in-umido,,,,,
SagrafavoriteSoca Fest,,30 ottobre - 2 novembre 2026,2026-10-30,2026-11-02,Palazzago,Lombardia,lombardia,Laghi Lombardi,laghi-lombardi,https://sagr.it/lombardia/laghi-lombardi/eventi/soca-fest,,,,,
Evento culturalefavoriteMostra regionale della capra orobica,,15 novembre - 16 novembre 2026,2026-11-15,2026-11-16,Casargo,Lombardia,lombardia,Laghi Lombardi,laghi-lombardi,https://sagr.it/lombardia/laghi-lombardi/eventi/mostra-regionale-della-capra-orobica,,,,,
FierafavoriteTerrae by agritravelexpo,,20 novembre - 22 novembre 2026,2026-11-20,2026-11-22,Bergamo,Lombardia,lombardia,Laghi Lombardi,laghi-lombardi,https://sagr.it/lombardia/laghi-lombardi/eventi/terrae-by-agritravelexpo,,,,,
SagrafavoriteGustariso,,2 marzo - 29 marzo 2026,2026-03-02,2026-03-29,Paullo,Lombardia,lombardia,Milano e Dintorni,milano-e-dintorni,https://sagr.it/lombardia/milano-e-dintorni/eventi/gustariso,,,,,
MercatofavoriteFloralia Milano,,28 marzo - 29 marzo 2026,2026-03-28,2026-03-29,Milano,Lombardia,lombardia,Milano e Dintorni,milano-e-dintorni,https://sagr.it/lombardia/milano-e-dintorni/eventi/floralia-milano,,,,,
RievocazionefavoriteTorneo de lo Biscione – ANNULLATO,,29 marzo 2026,2026-03-29,2026-03-29,,Lombardia,lombardia,Milano e Dintorni,milano-e-dintorni,https://sagr.it/lombardia/milano-e-dintorni/eventi/torneo-de-lo-biscione-annullato,,,,,
SagrafavoriteMostra Mercato Risotti e Lambruschi,,9 aprile - 10 maggio 2026,2026-04-09,2026-05-10,Mantova,Lombardia,lombardia,Milano e Dintorni,milano-e-dintorni,https://sagr.it/lombardia/milano-e-dintorni/eventi/mostra-mercato-risotti-e-lambruschi,,,,,
Evento culturalefavoriteFiorinda,,11 aprile - 12 aprile 2026,2026-04-11,2026-04-12,,Lombardia,lombardia,Milano e Dintorni,milano-e-dintorni,https://sagr.it/lombardia/milano-e-dintorni/eventi/fiorinda,,,,,
Evento culturalefavoriteMantova Fiorita,,12 aprile 2026,2026-04-12,2026-04-12,Mantova,Lombardia,lombardia,Milano e Dintorni,milano-e-dintorni,https://sagr.it/lombardia/milano-e-dintorni/eventi/mantova-fiorita,,,,,
MercatofavoriteFiori e sapori sul Naviglio Grande,,12 aprile 2026,2026-04-12,2026-04-12,Milano,Lombardia,lombardia,Milano e Dintorni,milano-e-dintorni,https://sagr.it/lombardia/milano-e-dintorni/eventi/fiori-e-sapori-sul-naviglio-grande,,,,,
SagrafavoriteSagra della Polpetta - Mondeghili a catinelle,,18 aprile - 19 aprile 2026,2026-04-18,2026-04-19,Gorgonzola,Lombardia,lombardia,Milano e Dintorni,milano-e-dintorni,https://sagr.it/lombardia/milano-e-dintorni/eventi/sagra-della-polpetta-mondeghili-a-catinelle,,,,,
SagrafavoriteSagra degli Arrosticini,,24 aprile - 10 maggio 2026,2026-04-24,2026-05-10,Senago,Lombardia,lombardia,Milano e Dintorni,milano-e-dintorni,https://sagr.it/lombardia/milano-e-dintorni/eventi/sagra-degli-arrosticini-moor2drl,,,,,
SagrafavoriteSagra dello Gnocco Derovere,,24 aprile - 3 maggio 2026,2026-04-24,2026-05-03,Derovere,Lombardia,lombardia,Milano e Dintorni,milano-e-dintorni,https://sagr.it/lombardia/milano-e-dintorni/eventi/sagra-dello-gnocco-derovere,,,,,
SagrafavoriteFesta del salame,,25 aprile - 10 maggio 2026,2026-04-25,2026-05-10,Casatenovo,Lombardia,lombardia,Milano e Dintorni,milano-e-dintorni,https://sagr.it/lombardia/milano-e-dintorni/eventi/festa-del-salame,,,,,
SagrafavoriteSagra della Rana di Cassignanica,,30 aprile - 10 maggio 2026,2026-04-30,2026-05-10,Rodano,Lombardia,lombardia,Milano e Dintorni,milano-e-dintorni,https://sagr.it/lombardia/milano-e-dintorni/eventi/sagra-della-rana-di-cassignanica,,,,,
SagrafavoriteSagra dell’asparago rosa,,30 aprile - 23 maggio 2026,2026-04-30,2026-05-23,Mezzago,Lombardia,lombardia,Milano e Dintorni,milano-e-dintorni,https://sagr.it/lombardia/milano-e-dintorni/eventi/sagra-dell-asparago-rosa,,,,,
FierafavoriteFiori e Arte sul Naviglio,,1 maggio - 3 maggio 2026,2026-05-01,2026-05-03,Gaggiano,Lombardia,lombardia,Milano e Dintorni,milano-e-dintorni,https://sagr.it/lombardia/milano-e-dintorni/eventi/fiori-e-arte-sul-naviglio,,,,,
SagrafavoriteFesta del riso alla pilota,,7 maggio - 24 maggio 2026,2026-05-07,2026-05-24,Castel d'Ario,Lombardia,lombardia,Milano e Dintorni,milano-e-dintorni,https://sagr.it/lombardia/milano-e-dintorni/eventi/festa-del-riso-alla-pilota,,,,,
SagrafavoriteFesta del Lambrusco a Viadana,,8 maggio - 9 maggio 2026,2026-05-08,2026-05-09,Viadana,Lombardia,lombardia,Milano e Dintorni,milano-e-dintorni,https://sagr.it/lombardia/milano-e-dintorni/eventi/festa-del-lambrusco-a-viadana,,,,,
FierafavoriteTuttofood Milano,,11 maggio - 14 maggio 2026,2026-05-11,2026-05-14,Milano,Lombardia,lombardia,Milano e Dintorni,milano-e-dintorni,https://sagr.it/lombardia/milano-e-dintorni/eventi/tuttofood-milano,,,,,
SagrafavoriteAperitivo Festival Milano,,15 maggio - 17 maggio 2026,2026-05-15,2026-05-17,Milano,Lombardia,lombardia,Milano e Dintorni,milano-e-dintorni,https://sagr.it/lombardia/milano-e-dintorni/eventi/aperitivo-festival-milano,,,,,
"Evento culturalefavoriteQuintEssenza: erbe, spezie e fiori in città",,17 maggio 2026,2026-05-17,2026-05-17,,Lombardia,lombardia,Milano e Dintorni,milano-e-dintorni,https://sagr.it/lombardia/milano-e-dintorni/eventi/quintessenza-erbe-spezie-e-fiori-in-citta,,,,,
SagrafavoriteBeerreggio,,21 maggio - 24 maggio 2026,2026-05-21,2026-05-24,Bareggio,Lombardia,lombardia,Milano e Dintorni,milano-e-dintorni,https://sagr.it/lombardia/milano-e-dintorni/eventi/beerreggio,,,,,
Evento culturalefavoritePlay – Festival del gioco,,22 maggio - 24 maggio 2026,2026-05-22,2026-05-24,Milano,Lombardia,lombardia,Milano e Dintorni,milano-e-dintorni,https://sagr.it/lombardia/milano-e-dintorni/eventi/play-festival-del-gioco,,,,,
SagrafavoriteFesta delle Ciliegie a San Colombano al Lambro,,23 maggio - 24 maggio 2026,2026-05-23,2026-05-24,San Colombano al Lambro,Lombardia,lombardia,Milano e Dintorni,milano-e-dintorni,https://sagr.it/lombardia/milano-e-dintorni/eventi/festa-delle-ciliegie-a-san-colombano-al-lambro,,,,,
Evento culturalefavoriteWorld Aperitivo Day,,26 maggio 2026,2026-05-26,2026-05-26,Milano,Lombardia,lombardia,Milano e Dintorni,milano-e-dintorni,https://sagr.it/lombardia/milano-e-dintorni/eventi/world-aperitivo-day,,,,,
SagrafavoriteRisotti a Tutta Birra,,28 maggio - 8 giugno 2026,2026-05-28,2026-06-08,Marmirolo,Lombardia,lombardia,Milano e Dintorni,milano-e-dintorni,https://sagr.it/lombardia/milano-e-dintorni/eventi/risotti-a-tutta-birra,,,,,
EventofavoriteSkate & Beer,Festival,29 maggio - 2 giugno 2026,2026-05-29,2026-06-02,Seregno,Lombardia,lombardia,Milano e Dintorni,milano-e-dintorni,https://sagr.it/lombardia/milano-e-dintorni/eventi/skate-beer-festival,,,,,
FierafavoriteArtigiano in Fiera – Anteprima d’estate,,29 maggio - 2 giugno 2026,2026-05-29,2026-06-02,Rho,Lombardia,lombardia,Milano e Dintorni,milano-e-dintorni,https://sagr.it/lombardia/milano-e-dintorni/eventi/artigiano-in-fiera-anteprima-d-estate,,,,,
SagrafavoriteFiera del Vino,,29 maggio - 2 giugno 2026,2026-05-29,2026-06-02,Polpenazze del Garda,Lombardia,lombardia,Milano e Dintorni,milano-e-dintorni,https://sagr.it/lombardia/milano-e-dintorni/eventi/fiera-del-vino,,,,,
SagrafavoriteI Sapori della Bassa 2.0,,29 maggio - 1 giugno 2026,2026-05-29,2026-06-01,San Giovanni in Croce,Lombardia,lombardia,Milano e Dintorni,milano-e-dintorni,https://sagr.it/lombardia/milano-e-dintorni/eventi/i-sapori-della-bassa-2-0,,,,,
SagrafavoriteSagra del Maialetto a Seveso,,29 maggio - 2 giugno 2026,2026-05-29,2026-06-02,Senago,Lombardia,lombardia,Milano e Dintorni,milano-e-dintorni,https://sagr.it/lombardia/milano-e-dintorni/eventi/sagra-del-maialetto-a-seveso,,,,,
Festa patronalefavoriteFesta di San Giovanni - Sesto San Giovanni,,1 giugno - 24 giugno 2026,2026-06-01,2026-06-24,Sesto San Giovanni,Lombardia,lombardia,Milano e Dintorni,milano-e-dintorni,https://sagr.it/lombardia/milano-e-dintorni/eventi/festa-di-san-giovanni-sesto-san-giovanni,,,,,
SagrafavoriteRembambeer a San Vittore Olona,,4 giugno - 7 giugno 2026,2026-06-04,2026-06-07,San Vittore Olona,Lombardia,lombardia,Milano e Dintorni,milano-e-dintorni,https://sagr.it/lombardia/milano-e-dintorni/eventi/rembambeer-a-san-vittore-olona,,,,,
SagrafavoriteFesta del Macarun,,5 giugno - 14 giugno 2026,2026-06-05,2026-06-14,Borgo Virgilio,Lombardia,lombardia,Milano e Dintorni,milano-e-dintorni,https://sagr.it/lombardia/milano-e-dintorni/eventi/festa-del-macarun,,,,,
SagrafavoriteSagra degli Arrosticini Abruzzesi a Seveso,,5 giugno - 7 giugno 2026,2026-06-05,2026-06-07,Seveso,Lombardia,lombardia,Milano e Dintorni,milano-e-dintorni,https://sagr.it/lombardia/milano-e-dintorni/eventi/sagra-degli-arrosticini-abruzzesi-a-seveso,,,,,
RievocazionefavoriteRievocazione Storica Monza,,6 giugno 2026,2026-06-06,2026-06-06,Monza,Lombardia,lombardia,Milano e Dintorni,milano-e-dintorni,https://sagr.it/lombardia/milano-e-dintorni/eventi/rievocazione-storica-monza,,,,,
FestivalfavoriteSordio in Festa,,11 giugno - 22 giugno 2026,2026-06-11,2026-06-22,Sordio,Lombardia,lombardia,Milano e Dintorni,milano-e-dintorni,https://sagr.it/lombardia/milano-e-dintorni/eventi/sordio-in-festa,,,,,
EventofavoriteFest' in Vespa,,12 giugno - 14 giugno 2026,2026-06-12,2026-06-14,Cortenuova di Sopra,Lombardia,lombardia,Milano e Dintorni,milano-e-dintorni,https://sagr.it/lombardia/milano-e-dintorni/eventi/fest-in-vespa,,,,,
FestivalfavoriteFesta della Musica - San Martino in Strada,,12 giugno - 21 giugno 2026,2026-06-12,2026-06-21,San Martino in Strada,Lombardia,lombardia,Milano e Dintorni,milano-e-dintorni,https://sagr.it/lombardia/milano-e-dintorni/eventi/festa-della-musica-san-martino-in-strada,,,,,
SagrafavoriteGiro dei Sapori d'Italia – Arrosticini,,12 giugno - 21 giugno 2026,2026-06-12,2026-06-21,Cesate,Lombardia,lombardia,Milano e Dintorni,milano-e-dintorni,https://sagr.it/lombardia/milano-e-dintorni/eventi/giro-dei-sapori-d-italia-arrosticini,,,,,
SagrafavoritePer un pugno di curnitt,,12 giugno - 14 giugno 2026,2026-06-12,2026-06-14,Usmate Velate,Lombardia,lombardia,Milano e Dintorni,milano-e-dintorni,https://sagr.it/lombardia/milano-e-dintorni/eventi/per-un-pugno-di-curnitt,,,,,
SagrafavoriteSagra della Luganega,,12 giugno - 14 giugno 2026,2026-06-12,2026-06-14,Briosco,Lombardia,lombardia,Milano e Dintorni,milano-e-dintorni,https://sagr.it/lombardia/milano-e-dintorni/eventi/sagra-della-luganega,,,,,
SagrafavoriteSagra della PIzza Fritta e Cucina Napoletana,,12 giugno - 14 giugno 2026,2026-06-12,2026-06-14,Legnano,Lombardia,lombardia,Milano e Dintorni,milano-e-dintorni,https://sagr.it/lombardia/milano-e-dintorni/eventi/sagra-della-pizza-fritta-e-cucina-napoletana,,,,,
SagrafavoriteSagra dello Struzzo,,12 giugno - 24 giugno 2026,2026-06-12,2026-06-24,Governolo,Lombardia,lombardia,Milano e Dintorni,milano-e-dintorni,https://sagr.it/lombardia/milano-e-dintorni/eventi/sagra-dello-struzzo-mo3cxq20,,,,,
SagrafavoriteSagra dello Struzzo di Governolo,,12 giugno - 24 giugno 2026,2026-06-12,2026-06-24,Roncoferraro,Lombardia,lombardia,Milano e Dintorni,milano-e-dintorni,https://sagr.it/lombardia/milano-e-dintorni/eventi/sagra-dello-struzzo-di-governolo,,,,,
SagrafavoriteBeer Rosa Fest,,18 giugno - 21 giugno 2026,2026-06-18,2026-06-21,Trezzano Rosa,Lombardia,lombardia,Milano e Dintorni,milano-e-dintorni,https://sagr.it/lombardia/milano-e-dintorni/eventi/beer-rosa-fest,,,,,
SagrafavoriteBierfest Platz Milano,,18 giugno - 20 giugno 2026,2026-06-18,2026-06-20,Milano,Lombardia,lombardia,Milano e Dintorni,milano-e-dintorni,https://sagr.it/lombardia/milano-e-dintorni/eventi/bierfest-platz-milano,,,,,
FestivalfavoriteCorsico Beer,Festival,19 giugno - 21 giugno 2026,2026-06-19,2026-06-21,Corsico,Lombardia,lombardia,Milano e Dintorni,milano-e-dintorni,https://sagr.it/lombardia/milano-e-dintorni/eventi/corsico-beer-festival,,,,,
FierafavoriteFiera di Giugno,,19 giugno - 23 giugno 2026,2026-06-19,2026-06-23,Poggio Rusco,Lombardia,lombardia,Milano e Dintorni,milano-e-dintorni,https://sagr.it/lombardia/milano-e-dintorni/eventi/fiera-di-giugno,,,,,
SagrafavoriteSagra Emiliana,,19 giugno - 21 giugno 2026,2026-06-19,2026-06-21,Seveso,Lombardia,lombardia,Milano e Dintorni,milano-e-dintorni,https://sagr.it/lombardia/milano-e-dintorni/eventi/sagra-emiliana,,,,,
Street FoodfavoriteFestival della Carbonara - Cucie Romane,,19 giugno - 21 giugno 2026,2026-06-19,2026-06-21,Trezzo sull'Adda,Lombardia,lombardia,Milano e Dintorni,milano-e-dintorni,https://sagr.it/lombardia/milano-e-dintorni/eventi/festival-della-carbonara-cucie-romane,,,,,
FestivalfavoriteArcore Street,Festival,20 giugno 2026,2026-06-20,2026-06-20,Arcore,Lombardia,lombardia,Milano e Dintorni,milano-e-dintorni,https://sagr.it/lombardia/milano-e-dintorni/eventi/arcore-street-festival,,,,,
SagrafavoriteFiera del tirot,,22 giugno - 7 settembre 2026,2026-06-22,2026-09-07,Felonica,Lombardia,lombardia,Milano e Dintorni,milano-e-dintorni,https://sagr.it/lombardia/milano-e-dintorni/eventi/fiera-del-tirot,,,,,
FestivalfavoriteBeer Fest a Carate Brianza,,25 giugno - 19 luglio 2026,2026-06-25,2026-07-19,Carate Brianza,Lombardia,lombardia,Milano e Dintorni,milano-e-dintorni,https://sagr.it/lombardia/milano-e-dintorni/eventi/beer-fest-a-carate-brianza,,,,,
SagrafavoriteGiro dei Sapori d'Italia – Specialità Napoletane,,26 giugno - 5 luglio 2026,2026-06-26,2026-07-05,Cesate,Lombardia,lombardia,Milano e Dintorni,milano-e-dintorni,https://sagr.it/lombardia/milano-e-dintorni/eventi/giro-dei-sapori-d-italia-specialita-napoletane,,,,,
SagrafavoriteIn Castello a Tutta Birra,,26 giugno - 4 luglio 2026,2026-06-26,2026-07-04,San Colombano al Lambro,Lombardia,lombardia,Milano e Dintorni,milano-e-dintorni,https://sagr.it/lombardia/milano-e-dintorni/eventi/in-castello-a-tutta-birra,,,,,
SagrafavoriteCambeer – Festa della Birra,,27 giugno 2026,2026-06-27,2026-06-27,,Lombardia,lombardia,Milano e Dintorni,milano-e-dintorni,https://sagr.it/lombardia/milano-e-dintorni/eventi/cambeer-festa-della-birra,,,,,
SagrafavoriteMisinto Bierfest,,2 luglio - 18 luglio 2026,2026-07-02,2026-07-18,Misinto,Lombardia,lombardia,Milano e Dintorni,milano-e-dintorni,https://sagr.it/lombardia/milano-e-dintorni/eventi/misinto-bierfest,,,,,
FestivalfavoriteFesta della Birra Biancoblù,,10 luglio - 12 luglio 2026,2026-07-10,2026-07-12,Busto Arsizio,Lombardia,lombardia,Milano e Dintorni,milano-e-dintorni,https://sagr.it/lombardia/milano-e-dintorni/eventi/festa-della-birra-biancoblu,,,,,
SagrafavoriteSagra della Fiorentina a Seveso,,10 luglio - 12 luglio 2026,2026-07-10,2026-07-12,Seveso,Lombardia,lombardia,Milano e Dintorni,milano-e-dintorni,https://sagr.it/lombardia/milano-e-dintorni/eventi/sagra-della-fiorentina-a-seveso,,,,,
SagrafavoriteSagra del polastrel,,18 luglio - 21 luglio 2026,2026-07-18,2026-07-21,Monzambano,Lombardia,lombardia,Milano e Dintorni,milano-e-dintorni,https://sagr.it/lombardia/milano-e-dintorni/eventi/sagra-del-polastrel,,,,,
SagrafavoriteSagre dai pirûs nelle notti d'estate,,24 luglio - 3 agosto 2026,2026-07-24,2026-08-03,Pavia di Udine,Lombardia,lombardia,Milano e Dintorni,milano-e-dintorni,https://sagr.it/lombardia/milano-e-dintorni/eventi/sagre-dai-pirus-nelle-notti-d-estate,,,,,
SagrafavoriteSagra del marubino,,22 agosto - 30 agosto 2026,2026-08-22,2026-08-30,Casteldidone,Lombardia,lombardia,Milano e Dintorni,milano-e-dintorni,https://sagr.it/lombardia/milano-e-dintorni/eventi/sagra-del-marubino,,,,,
Evento culturalefavoriteMilano Beauty Week,,16 settembre - 20 settembre 2026,2026-09-16,2026-09-20,Milano,Lombardia,lombardia,Milano e Dintorni,milano-e-dintorni,https://sagr.it/lombardia/milano-e-dintorni/eventi/milano-beauty-week,,,,,
Evento culturalefavoriteFestival del Parco di Monza,,18 settembre - 27 settembre 2026,2026-09-18,2026-09-27,Monza,Lombardia,lombardia,Milano e Dintorni,milano-e-dintorni,https://sagr.it/lombardia/milano-e-dintorni/eventi/festival-del-parco-di-monza,,,,,
SagrafavoriteSagra Nazionale del Gorgonzola,,19 settembre - 20 settembre 2026,2026-09-19,2026-09-20,Gorgonzola,Lombardia,lombardia,Milano e Dintorni,milano-e-dintorni,https://sagr.it/lombardia/milano-e-dintorni/eventi/sagra-nazionale-del-gorgonzola,,,,,
SagrafavoriteFestival della Mostarda,,2 ottobre - 15 novembre 2026,2026-10-02,2026-11-15,Mantova,Lombardia,lombardia,Milano e Dintorni,milano-e-dintorni,https://sagr.it/lombardia/milano-e-dintorni/eventi/festival-della-mostarda,,,,,
SagrafavoriteFesta del riso,,3 ottobre - 5 ottobre 2026,2026-10-03,2026-10-05,Carpiano,Lombardia,lombardia,Milano e Dintorni,milano-e-dintorni,https://sagr.it/lombardia/milano-e-dintorni/eventi/festa-del-riso-mqbexrtj,,,,,
SagrafavoriteFesta del salame,,3 ottobre - 5 ottobre 2026,2026-10-03,2026-10-05,Cremona,Lombardia,lombardia,Milano e Dintorni,milano-e-dintorni,https://sagr.it/lombardia/milano-e-dintorni/eventi/festa-del-salame-mqbexrs7,,,,,
SagrafavoriteFesta del Salame di Cremona,,11 ottobre 2026,2026-10-11,2026-10-11,Cremona,Lombardia,lombardia,Milano e Dintorni,milano-e-dintorni,https://sagr.it/lombardia/milano-e-dintorni/eventi/festa-del-salame-di-cremona,,,,,
SagrafavoriteSagra della Zucca Mezzago,,15 ottobre - 25 ottobre 2026,2026-10-15,2026-10-25,Mezzago,Lombardia,lombardia,Milano e Dintorni,milano-e-dintorni,https://sagr.it/lombardia/milano-e-dintorni/eventi/sagra-della-zucca-mezzago,,,,,
SagrafavoriteFestival della sbrisolona e dei dolci italiani,,16 ottobre - 18 ottobre 2026,2026-10-16,2026-10-18,Mantova,Lombardia,lombardia,Milano e Dintorni,milano-e-dintorni,https://sagr.it/lombardia/milano-e-dintorni/eventi/festival-della-sbrisolona-e-dei-dolci-italiani,,,,,
SagrafavoriteSagra della Caldarrosta,,17 ottobre - 19 ottobre 2026,2026-10-17,2026-10-19,Trezzano Rosa,Lombardia,lombardia,Milano e Dintorni,milano-e-dintorni,https://sagr.it/lombardia/milano-e-dintorni/eventi/sagra-della-caldarrosta,,,,,
SagrafavoriteSagra delle radici di Soncino,,25 ottobre - 26 ottobre 2026,2026-10-25,2026-10-26,Soncino,Lombardia,lombardia,Milano e Dintorni,milano-e-dintorni,https://sagr.it/lombardia/milano-e-dintorni/eventi/sagra-delle-radici-di-soncino,,,,,
SagrafavoriteFiera del riso mantovano,,28 ottobre - 16 novembre 2026,2026-10-28,2026-11-16,Mantova,Lombardia,lombardia,Milano e Dintorni,milano-e-dintorni,https://sagr.it/lombardia/milano-e-dintorni/eventi/fiera-del-riso-mantovano,,,,,
"SagrafavoriteBuongusto, mostra mercato enogastronomica",,1 novembre - 9 novembre 2026,2026-11-01,2026-11-09,Pizzighettone,Lombardia,lombardia,Milano e Dintorni,milano-e-dintorni,https://sagr.it/lombardia/milano-e-dintorni/eventi/buongusto-mostra-mercato-enogastronomica,,,,,
SagrafavoriteFesta del Torrone,,7 novembre - 22 novembre 2026,2026-11-07,2026-11-22,Cremona,Lombardia,lombardia,Milano e Dintorni,milano-e-dintorni,https://sagr.it/lombardia/milano-e-dintorni/eventi/festa-del-torrone,,,,,
SagrafavoriteLa bigolada,,18 febbraio 2027,2027-02-18,2027-02-18,Castel d'Ario,Lombardia,lombardia,Milano e Dintorni,milano-e-dintorni,https://sagr.it/lombardia/milano-e-dintorni/eventi/la-bigolada,,,,,
SagrafavoriteTipicità,Festival,6 marzo - 8 marzo 2027,2027-03-06,2027-03-08,Milano,Lombardia,lombardia,Milano e Dintorni,milano-e-dintorni,https://sagr.it/lombardia/milano-e-dintorni/eventi/tipicita-festival,,,,,
SagrafavoriteFesta del Bonarda,,1 marzo - 29 marzo 2026,2026-03-01,2026-03-29,Rovescala,Lombardia,lombardia,Pavia e Oltrepo,pavia-e-oltrepo,https://sagr.it/lombardia/pavia-e-oltrepo/eventi/festa-del-bonarda-mna3j4lt,,,,,
SagrafavoriteRisottiamo,,25 aprile 2026,2026-04-25,2026-04-25,Giussago,Lombardia,lombardia,Pavia e Oltrepo,pavia-e-oltrepo,https://sagr.it/lombardia/pavia-e-oltrepo/eventi/risottiamo,,,,,
MercatofavoriteOfficinalia a Belgioioso,,1 maggio - 3 maggio 2026,2026-05-01,2026-05-03,Belgioioso,Lombardia,lombardia,Pavia e Oltrepo,pavia-e-oltrepo,https://sagr.it/lombardia/pavia-e-oltrepo/eventi/officinalia-a-belgioioso,,,,,
SagrafavoriteVarzi in fiera,,1 maggio 2026,2026-05-01,2026-05-01,Varzi,Lombardia,lombardia,Pavia e Oltrepo,pavia-e-oltrepo,https://sagr.it/lombardia/pavia-e-oltrepo/eventi/varzi-in-fiera,,,,,
SagrafavoriteSagra dell'asparago di Cilavegna,,8 maggio - 10 maggio 2026,2026-05-08,2026-05-10,Cilavegna,Lombardia,lombardia,Pavia e Oltrepo,pavia-e-oltrepo,https://sagr.it/lombardia/pavia-e-oltrepo/eventi/sagra-dell-asparago-di-cilavegna,,,,,
SagrafavoriteFestival del Salame di Varzi DOP,,7 giugno 2026,2026-06-07,2026-06-07,Varzi,Lombardia,lombardia,Pavia e Oltrepo,pavia-e-oltrepo,https://sagr.it/lombardia/pavia-e-oltrepo/eventi/festival-del-salame-di-varzi-dop,,,,,
Festa patronalefavoriteFesta di Sant'Antonio a Vigevano,,8 giugno - 15 giugno 2026,2026-06-08,2026-06-15,Vigevano,Lombardia,lombardia,Pavia e Oltrepo,pavia-e-oltrepo,https://sagr.it/lombardia/pavia-e-oltrepo/eventi/festa-di-sant-antonio-a-vigevano,,,,,
SagrafavoriteTorre Beerfest,,11 giugno - 14 giugno 2026,2026-06-11,2026-06-14,Torre d'Isola,Lombardia,lombardia,Pavia e Oltrepo,pavia-e-oltrepo,https://sagr.it/lombardia/pavia-e-oltrepo/eventi/torre-beerfest,,,,,
FestivalfavoriteFera dal Busslanein,,12 giugno - 15 giugno 2026,2026-06-12,2026-06-15,San Nicolò a Trebbia,Lombardia,lombardia,Pavia e Oltrepo,pavia-e-oltrepo,https://sagr.it/lombardia/pavia-e-oltrepo/eventi/fera-dal-busslanein,,,,,
SagrafavoriteSagra della Cipolla Rossa De.Co. di Breme,,12 giugno - 21 giugno 2026,2026-06-12,2026-06-21,Breme,Lombardia,lombardia,Pavia e Oltrepo,pavia-e-oltrepo,https://sagr.it/lombardia/pavia-e-oltrepo/eventi/sagra-della-cipolla-rossa-de-co-di-breme,,,,,
SagrafavoriteSagra della Ciliegia a Bagnaria,,14 giugno 2026,2026-06-14,2026-06-14,Bagnaria,Lombardia,lombardia,Pavia e Oltrepo,pavia-e-oltrepo,https://sagr.it/lombardia/pavia-e-oltrepo/eventi/sagra-della-ciliegia-a-bagnaria,,,,,
SagrafavoriteBunden in Beer,,3 luglio - 12 luglio 2026,2026-07-03,2026-07-12,Bondeno,Lombardia,lombardia,Pavia e Oltrepo,pavia-e-oltrepo,https://sagr.it/lombardia/pavia-e-oltrepo/eventi/bunden-in-beer,,,,,
SagrafavoriteSagra dell&rsquo;Alborella,,3 luglio - 5 luglio 2026,2026-07-03,2026-07-05,Candia Lomellina,Lombardia,lombardia,Pavia e Oltrepo,pavia-e-oltrepo,https://sagr.it/lombardia/pavia-e-oltrepo/eventi/sagra-dell-alborella,,,,,
FestivalfavoriteFesta nel Campo,,4 luglio 2026,2026-07-04,2026-07-04,Menconico,Lombardia,lombardia,Pavia e Oltrepo,pavia-e-oltrepo,https://sagr.it/lombardia/pavia-e-oltrepo/eventi/festa-nel-campo,,,,,
FestivalfavoriteCiaeghù Fest,,9 luglio - 12 luglio 2026,2026-07-09,2026-07-12,Dovera,Lombardia,lombardia,Pavia e Oltrepo,pavia-e-oltrepo,https://sagr.it/lombardia/pavia-e-oltrepo/eventi/ciaeghu-fest,,,,,
SagrafavoriteAnguriando,,10 luglio - 12 luglio 2026,2026-07-10,2026-07-12,Olevano di Lomellina,Lombardia,lombardia,Pavia e Oltrepo,pavia-e-oltrepo,https://sagr.it/lombardia/pavia-e-oltrepo/eventi/anguriando,,,,,
SagrafavoriteSagra della Brusadela,,24 agosto 2026,2026-08-24,2026-08-24,Romagnese,Lombardia,lombardia,Pavia e Oltrepo,pavia-e-oltrepo,https://sagr.it/lombardia/pavia-e-oltrepo/eventi/sagra-della-brusadela,,,,,
SagrafavoriteSagra Dal Strachin,,29 agosto - 31 agosto 2026,2026-08-29,2026-08-31,Lomello,Lombardia,lombardia,Pavia e Oltrepo,pavia-e-oltrepo,https://sagr.it/lombardia/pavia-e-oltrepo/eventi/sagra-dal-strachin,,,,,
SagrafavoriteSagra del Risotto,,18 settembre - 21 settembre 2026,2026-09-18,2026-09-21,Cergnago,Lombardia,lombardia,Pavia e Oltrepo,pavia-e-oltrepo,https://sagr.it/lombardia/pavia-e-oltrepo/eventi/sagra-del-risotto,,,,,
SagrafavoriteSagra dell’Offella,,2 ottobre - 5 ottobre 2026,2026-10-02,2026-10-05,Parona,Lombardia,lombardia,Pavia e Oltrepo,pavia-e-oltrepo,https://sagr.it/lombardia/pavia-e-oltrepo/eventi/sagra-dell-offella,,,,,
SagrafavoriteSagra della zucca bertagnina,,11 ottobre - 17 ottobre 2026,2026-10-11,2026-10-17,Dorno,Lombardia,lombardia,Pavia e Oltrepo,pavia-e-oltrepo,https://sagr.it/lombardia/pavia-e-oltrepo/eventi/sagra-della-zucca-bertagnina,,,,,
SagrafavoriteFesta del Kiwi,,25 ottobre 2026,2026-10-25,2026-10-25,Pizzale,Lombardia,lombardia,Pavia e Oltrepo,pavia-e-oltrepo,https://sagr.it/lombardia/pavia-e-oltrepo/eventi/festa-del-kiwi,,,,,
SagrafavoriteSagra delle Radici,,25 ottobre 2026,2026-10-25,2026-10-25,Soncino,Lombardia,lombardia,Pavia e Oltrepo,pavia-e-oltrepo,https://sagr.it/lombardia/pavia-e-oltrepo/eventi/sagra-delle-radici,,,,,
SagrafavoriteSchisciafarniscula,,26 ottobre 2026,2026-10-26,2026-10-26,Cassolnovo,Lombardia,lombardia,Pavia e Oltrepo,pavia-e-oltrepo,https://sagr.it/lombardia/pavia-e-oltrepo/eventi/schisciafarniscula,,,,,
SagrafavoriteFiera del tartufo e del miele,,9 novembre 2026,2026-11-09,2026-11-09,Casteggio,Lombardia,lombardia,Pavia e Oltrepo,pavia-e-oltrepo,https://sagr.it/lombardia/pavia-e-oltrepo/eventi/fiera-del-tartufo-e-del-miele,,,,,
SagrafavoriteSondrio Primavera,,11 aprile - 12 aprile 2026,2026-04-11,2026-04-12,Sondrio,Lombardia,lombardia,Valtellina,valtellina,https://sagr.it/lombardia/valtellina/eventi/sondrio-primavera,,,,,
SagrafavoriteSagra del brasadè,,31 maggio 2026,2026-05-31,2026-05-31,Staghiglione,Lombardia,lombardia,Valtellina,valtellina,https://sagr.it/lombardia/valtellina/eventi/sagra-del-brasade,,,,,
SagrafavoriteSagra della Patata,,27 giugno 2026,2026-06-27,2026-06-27,Caspano,Lombardia,lombardia,Valtellina,valtellina,https://sagr.it/lombardia/valtellina/eventi/sagra-della-patata-mqjngd76,,,,,
FestivalfavoriteMotorx Music & Fun,,3 luglio - 5 luglio 2026,2026-07-03,2026-07-05,Capo di Ponte,Lombardia,lombardia,Valtellina,valtellina,https://sagr.it/lombardia/valtellina/eventi/motorx-music-fun,,,,,
SagrafavoriteCiapèl d'oro,,3 luglio - 6 luglio 2026,2026-07-03,2026-07-06,Castione Andevenno,Lombardia,lombardia,Valtellina,valtellina,https://sagr.it/lombardia/valtellina/eventi/ciapel-d-oro,,,,,
SagrafavoriteSagra della bresaola,,19 luglio - 20 luglio 2026,2026-07-19,2026-07-20,Chiuro,Lombardia,lombardia,Valtellina,valtellina,https://sagr.it/lombardia/valtellina/eventi/sagra-della-bresaola,,,,,
SagrafavoriteFesta dei Pizzoccheri,,24 luglio - 26 luglio 2026,2026-07-24,2026-07-26,Teglio,Lombardia,lombardia,Valtellina,valtellina,https://sagr.it/lombardia/valtellina/eventi/festa-dei-pizzoccheri,,,,,
SagrafavoriteSagra dei pizzoccheri di Teglio,,25 luglio - 27 luglio 2026,2026-07-25,2026-07-27,Teglio,Lombardia,lombardia,Valtellina,valtellina,https://sagr.it/lombardia/valtellina/eventi/sagra-dei-pizzoccheri-di-teglio,,,,,
SagrafavoriteSagra del mirtillo a Rasura,,30 luglio - 2 agosto 2026,2026-07-30,2026-08-02,Mellarolo,Lombardia,lombardia,Valtellina,valtellina,https://sagr.it/lombardia/valtellina/eventi/sagra-del-mirtillo-a-rasura,,,,,
SagrafavoriteSagra dei Crotti,,5 settembre - 13 settembre 2026,2026-09-05,2026-09-13,Chiavenna,Lombardia,lombardia,Valtellina,valtellina,https://sagr.it/lombardia/valtellina/eventi/sagra-dei-crotti,,,,,
SagrafavoriteLa pizzoccherata,,6 settembre 2026,2026-09-06,2026-09-06,Bormio,Lombardia,lombardia,Valtellina,valtellina,https://sagr.it/lombardia/valtellina/eventi/la-pizzoccherata,,,,,
SagrafavoriteEroico rosso sforzato wine festival,,13 settembre - 14 settembre 2026,2026-09-13,2026-09-14,Tirano,Lombardia,lombardia,Valtellina,valtellina,https://sagr.it/lombardia/valtellina/eventi/eroico-rosso-sforzato-wine-festival,,,,,
SagrafavoriteSagra dei funghi,,19 settembre - 12 ottobre 2026,2026-09-19,2026-10-12,Bema,Lombardia,lombardia,Valtellina,valtellina,https://sagr.it/lombardia/valtellina/eventi/sagra-dei-funghi,,,,,
SagrafavoriteSagra del Bitto,,20 settembre - 21 settembre 2026,2026-09-20,2026-09-21,Gerola Alta,Lombardia,lombardia,Valtellina,valtellina,https://sagr.it/lombardia/valtellina/eventi/sagra-del-bitto,,,,,
SagrafavoriteFestival della Valtellina,,26 settembre - 2 novembre 2026,2026-09-26,2026-11-02,Valtellina,Lombardia,lombardia,Valtellina,valtellina,https://sagr.it/lombardia/valtellina/eventi/festival-della-valtellina,,,,,
SagrafavoriteDì de la brisaola,,5 ottobre 2026,2026-10-05,2026-10-05,Chiavenna,Lombardia,lombardia,Valtellina,valtellina,https://sagr.it/lombardia/valtellina/eventi/di-de-la-brisaola,,,,,
SagrafavoriteSagra della mela e dell’uva,,10 ottobre - 12 ottobre 2026,2026-10-10,2026-10-12,Villa di Tirano,Lombardia,lombardia,Valtellina,valtellina,https://sagr.it/lombardia/valtellina/eventi/sagra-della-mela-e-dell-uva,,,,,
SagrafavoriteMostra del Bitto,,18 ottobre - 19 ottobre 2026,2026-10-18,2026-10-19,Morbegno,Lombardia,lombardia,Valtellina,valtellina,https://sagr.it/lombardia/valtellina/eventi/mostra-del-bitto,,,,,
SagrafavoriteFormaggi in piazza,,1 novembre - 2 novembre 2026,2026-11-01,2026-11-02,Sondrio,Lombardia,lombardia,Valtellina,valtellina,https://sagr.it/lombardia/valtellina/eventi/formaggi-in-piazza,,,,,
SagrafavoriteSagra del silter,,5 dicembre - 8 dicembre 2026,2026-12-05,2026-12-08,Valle Camonica,Lombardia,lombardia,Valtellina,valtellina,https://sagr.it/lombardia/valtellina/eventi/sagra-del-silter,,,,,
Festa patronalefavoriteSagra di San Bello,,6 febbraio - 21 febbraio 2027,2027-02-06,2027-02-21,Berbenno di Valtellina,Lombardia,lombardia,Valtellina,valtellina,https://sagr.it/lombardia/valtellina/eventi/sagra-di-san-bello,,,,,
SagrafavoriteSagra dell'Arrosticino,,24 marzo - 19 aprile 2026,2026-03-24,2026-04-19,Offida,Marche,marche,Ascoli e Sibillini,ascoli-e-sibillini,https://sagr.it/marche/ascoli-e-sibillini/eventi/ente-sagre-marche-sagra-dell-arrosticino,,,,,
SagrafavoriteFritto Misto,,24 aprile - 4 maggio 2026,2026-04-24,2026-05-04,Ascoli Piceno,Marche,marche,Ascoli e Sibillini,ascoli-e-sibillini,https://sagr.it/marche/ascoli-e-sibillini/eventi/fritto-misto,,,,,
EventofavoriteBenvenuta Primavera,,25 aprile - 26 aprile 2026,2026-04-25,2026-04-26,Macerata Campania,Marche,marche,Ascoli e Sibillini,ascoli-e-sibillini,https://sagr.it/marche/ascoli-e-sibillini/eventi/benvenuta-primavera,,,,,
SagrafavoriteFesta della Fava e del Pecorino,,1 maggio 2026,2026-05-01,2026-05-01,Fiordimonte,Marche,marche,Ascoli e Sibillini,ascoli-e-sibillini,https://sagr.it/marche/ascoli-e-sibillini/eventi/festa-della-fava-e-del-pecorino,,,,,
SagrafavoriteMagnalonga,,1 maggio 2026,2026-05-01,2026-05-01,Treia,Marche,marche,Ascoli e Sibillini,ascoli-e-sibillini,https://sagr.it/marche/ascoli-e-sibillini/eventi/magnalonga,,,,,
Festa patronalefavoriteFesta di San Michele Arcangelo Monte Urano,,7 maggio - 17 maggio 2026,2026-05-07,2026-05-17,Monte Urano,Marche,marche,Ascoli e Sibillini,ascoli-e-sibillini,https://sagr.it/marche/ascoli-e-sibillini/eventi/festa-di-san-michele-arcangelo-monte-urano,,,,,
SagrafavoriteSagra del Carciofo di Montelupone,,9 maggio - 10 maggio 2026,2026-05-09,2026-05-10,Montelupone,Marche,marche,Ascoli e Sibillini,ascoli-e-sibillini,https://sagr.it/marche/ascoli-e-sibillini/eventi/sagra-del-carciofo-di-montelupone,,,,,
RievocazionefavoriteCorsa alla Spada e Palio di Camerino,,13 maggio - 24 maggio 2026,2026-05-13,2026-05-24,Camerino,Marche,marche,Ascoli e Sibillini,ascoli-e-sibillini,https://sagr.it/marche/ascoli-e-sibillini/eventi/corsa-alla-spada-e-palio-di-camerino,,,,,
SagrafavoriteSagra della Porchetta e Pappardelle al Cinghiale,,28 maggio - 31 maggio 2026,2026-05-28,2026-05-31,Monte Urano,Marche,marche,Ascoli e Sibillini,ascoli-e-sibillini,https://sagr.it/marche/ascoli-e-sibillini/eventi/sagra-della-porchetta-e-pappardelle-al-cinghiale,,,,,
"Festa patronalefavoriteFesta ""Madonna delle Panette""",,11 giugno - 14 giugno 2026,2026-06-11,2026-06-14,Monte San Giusto,Marche,marche,Ascoli e Sibillini,ascoli-e-sibillini,https://sagr.it/marche/ascoli-e-sibillini/eventi/festa-madonna-delle-panette,,,,,
SagrafavoriteFesta della Lumaca,,11 giugno - 14 giugno 2026,2026-06-11,2026-06-14,Matelica,Marche,marche,Ascoli e Sibillini,ascoli-e-sibillini,https://sagr.it/marche/ascoli-e-sibillini/eventi/festa-della-lumaca,,,,,
SagrafavoriteFesta della Crescia de Servijà,,12 giugno - 14 giugno 2026,2026-06-12,2026-06-14,Servigliano,Marche,marche,Ascoli e Sibillini,ascoli-e-sibillini,https://sagr.it/marche/ascoli-e-sibillini/eventi/festa-della-crescia-de-servija,,,,,
SagrafavoriteSagra degli Gnocchi,,13 giugno - 14 giugno 2026,2026-06-13,2026-06-14,Montottone,Marche,marche,Ascoli e Sibillini,ascoli-e-sibillini,https://sagr.it/marche/ascoli-e-sibillini/eventi/sagra-degli-gnocchi-mq9i9q7a,,,,,
SagrafavoriteCroce Verde in Festa,,18 giugno - 21 giugno 2026,2026-06-18,2026-06-21,Corridonia,Marche,marche,Ascoli e Sibillini,ascoli-e-sibillini,https://sagr.it/marche/ascoli-e-sibillini/eventi/croce-verde-in-festa,,,,,
SagrafavoriteAttenti al Luppolo,,24 giugno - 28 giugno 2026,2026-06-24,2026-06-28,Centobuchi,Marche,marche,Ascoli e Sibillini,ascoli-e-sibillini,https://sagr.it/marche/ascoli-e-sibillini/eventi/attenti-al-luppolo,,,,,
FestivalfavoriteFestival delle Birre,,26 giugno - 28 giugno 2026,2026-06-26,2026-06-28,Treia,Marche,marche,Ascoli e Sibillini,ascoli-e-sibillini,https://sagr.it/marche/ascoli-e-sibillini/eventi/festival-delle-birre,,,,,
SagrafavoritePizza,Festival,26 giugno - 28 giugno 2026,2026-06-26,2026-06-28,Monteleone di Fermo,Marche,marche,Ascoli e Sibillini,ascoli-e-sibillini,https://sagr.it/marche/ascoli-e-sibillini/eventi/pizza-festival,,,,,
SagrafavoriteSagra del calcione e del raviolo,,26 giugno - 28 giugno 2026,2026-06-26,2026-06-28,Treia,Marche,marche,Ascoli e Sibillini,ascoli-e-sibillini,https://sagr.it/marche/ascoli-e-sibillini/eventi/sagra-del-calcione-e-del-raviolo,,,,,
SagrafavoriteLa salsiccia n'ti canton,,28 giugno - 29 giugno 2026,2026-06-28,2026-06-29,Castelvecchio,Marche,marche,Ascoli e Sibillini,ascoli-e-sibillini,https://sagr.it/marche/ascoli-e-sibillini/eventi/la-salsiccia-n-ti-canton,,,,,
SagrafavoriteSagra a San Benedetto di Trissino,,4 luglio - 13 luglio 2026,2026-07-04,2026-07-13,San Benedetto,Marche,marche,Ascoli e Sibillini,ascoli-e-sibillini,https://sagr.it/marche/ascoli-e-sibillini/eventi/sagra-a-san-benedetto-di-trissino,,,,,
RievocazionefavoriteGiostra della Quintana,,11 luglio - 2 agosto 2026,2026-07-11,2026-08-02,Ascoli Piceno,Marche,marche,Ascoli e Sibillini,ascoli-e-sibillini,https://sagr.it/marche/ascoli-e-sibillini/eventi/giostra-della-quintana-mongd94s,,,,,
SagrafavoriteSagra del maialino alla brace,,16 luglio - 19 luglio 2026,2026-07-16,2026-07-19,Treia,Marche,marche,Ascoli e Sibillini,ascoli-e-sibillini,https://sagr.it/marche/ascoli-e-sibillini/eventi/sagra-del-maialino-alla-brace,,,,,
Evento culturalefavoriteTravertino Divino,,17 luglio - 19 luglio 2026,2026-07-17,2026-07-19,Ascoli Piceno,Marche,marche,Ascoli e Sibillini,ascoli-e-sibillini,https://sagr.it/marche/ascoli-e-sibillini/eventi/travertino-divino,,,,,
SagrafavoriteSagra della frutta,,2 agosto - 3 agosto 2026,2026-08-02,2026-08-03,Montefiore dell'Aso,Marche,marche,Ascoli e Sibillini,ascoli-e-sibillini,https://sagr.it/marche/ascoli-e-sibillini/eventi/sagra-della-frutta,,,,,
SagrafavoriteSagra della polenta con le lumache o ai frutti di mare,,2 agosto - 4 agosto 2026,2026-08-02,2026-08-04,Altidona,Marche,marche,Ascoli e Sibillini,ascoli-e-sibillini,https://sagr.it/marche/ascoli-e-sibillini/eventi/sagra-della-polenta-con-le-lumache-o-ai-frutti-di-mare,,,,,
SagrafavoriteSagra della respella,,5 agosto - 9 agosto 2026,2026-08-05,2026-08-09,Colli del Tronto,Marche,marche,Ascoli e Sibillini,ascoli-e-sibillini,https://sagr.it/marche/ascoli-e-sibillini/eventi/sagra-della-respella,,,,,
SagrafavoriteSagra delle pappardelle di farro al ragù e stinco di maiale arrosto,,5 agosto - 10 agosto 2026,2026-08-05,2026-08-10,Ripatransone,Marche,marche,Ascoli e Sibillini,ascoli-e-sibillini,https://sagr.it/marche/ascoli-e-sibillini/eventi/sagra-delle-pappardelle-di-farro-al-ragu-e-stinco-di-maiale-arrosto,,,,,
"SagrafavoriteSagra lumache nostrane, spiedini e del coniglio alla cacciatora",,6 agosto - 11 agosto 2026,2026-08-06,2026-08-11,Acquaviva Picena,Marche,marche,Ascoli e Sibillini,ascoli-e-sibillini,https://sagr.it/marche/ascoli-e-sibillini/eventi/sagra-lumache-nostrane-spiedini-e-del-coniglio-alla-cacciatora,,,,,
SagrafavoriteSagra dei Maccheroncini,,7 agosto - 10 agosto 2026,2026-08-07,2026-08-10,Campofilone,Marche,marche,Ascoli e Sibillini,ascoli-e-sibillini,https://sagr.it/marche/ascoli-e-sibillini/eventi/sagra-dei-maccheroncini,,,,,
SagrafavoriteSagra delle tagliatelle fritte,,7 agosto - 14 agosto 2026,2026-08-07,2026-08-14,Monterubbiano,Marche,marche,Ascoli e Sibillini,ascoli-e-sibillini,https://sagr.it/marche/ascoli-e-sibillini/eventi/sagra-delle-tagliatelle-fritte,,,,,
Evento culturalefavoriteFestival intenazionale del folclore,,8 agosto - 15 agosto 2026,2026-08-08,2026-08-15,Apiro,Marche,marche,Ascoli e Sibillini,ascoli-e-sibillini,https://sagr.it/marche/ascoli-e-sibillini/eventi/festival-intenazionale-del-folclore,,,,,
SagrafavoriteSagra de li Calamà,,8 agosto - 11 agosto 2026,2026-08-08,2026-08-11,Civitanova Marche,Marche,marche,Ascoli e Sibillini,ascoli-e-sibillini,https://sagr.it/marche/ascoli-e-sibillini/eventi/sagra-de-li-calama,,,,,
SagrafavoriteSagra della salsiccia alla brace,,8 agosto - 17 agosto 2026,2026-08-08,2026-08-17,Carassai,Marche,marche,Ascoli e Sibillini,ascoli-e-sibillini,https://sagr.it/marche/ascoli-e-sibillini/eventi/sagra-della-salsiccia-alla-brace,,,,,
SagrafavoriteSagra nazionale dei maccheroncini di campofilone IGP,,8 agosto - 11 agosto 2026,2026-08-08,2026-08-11,Campofilone,Marche,marche,Ascoli e Sibillini,ascoli-e-sibillini,https://sagr.it/marche/ascoli-e-sibillini/eventi/sagra-nazionale-dei-maccheroncini-di-campofilone-igp,,,,,
SagrafavoriteAscoliva,Festival,9 agosto - 20 agosto 2026,2026-08-09,2026-08-20,Ascoli Piceno,Marche,marche,Ascoli e Sibillini,ascoli-e-sibillini,https://sagr.it/marche/ascoli-e-sibillini/eventi/ascoliva-festival,,,,,
SagrafavoriteSagra de li strozzapreti alla norcina,,12 agosto - 15 agosto 2026,2026-08-12,2026-08-15,Cerretana,Marche,marche,Ascoli e Sibillini,ascoli-e-sibillini,https://sagr.it/marche/ascoli-e-sibillini/eventi/sagra-de-li-strozzapreti-alla-norcina,,,,,
SagrafavoriteSagra delle cozze,,12 agosto - 15 agosto 2026,2026-08-12,2026-08-15,Pedaso,Marche,marche,Ascoli e Sibillini,ascoli-e-sibillini,https://sagr.it/marche/ascoli-e-sibillini/eventi/sagra-delle-cozze,,,,,
RievocazionefavoriteCavalcata dell’Assunta,,15 agosto 2026,2026-08-15,2026-08-15,Fermo,Marche,marche,Ascoli e Sibillini,ascoli-e-sibillini,https://sagr.it/marche/ascoli-e-sibillini/eventi/cavalcata-dell-assunta,,,,,
SagrafavoriteMaialata in piazza,,15 agosto - 19 agosto 2026,2026-08-15,2026-08-19,Montefiore dell'Aso,Marche,marche,Ascoli e Sibillini,ascoli-e-sibillini,https://sagr.it/marche/ascoli-e-sibillini/eventi/maialata-in-piazza,,,,,
SagrafavoriteSagra dell'arrostincino,,16 agosto - 19 agosto 2026,2026-08-16,2026-08-19,Fiordimonte,Marche,marche,Ascoli e Sibillini,ascoli-e-sibillini,https://sagr.it/marche/ascoli-e-sibillini/eventi/sagra-dell-arrostincino,,,,,
SagrafavoriteSagra della Passera 'mbriaca,,21 agosto - 24 agosto 2026,2026-08-21,2026-08-24,Rubbianello,Marche,marche,Ascoli e Sibillini,ascoli-e-sibillini,https://sagr.it/marche/ascoli-e-sibillini/eventi/sagra-della-passera-mbriaca,,,,,
SagrafavoriteVino cotto festival,,21 agosto - 24 agosto 2026,2026-08-21,2026-08-24,Loro Piceno,Marche,marche,Ascoli e Sibillini,ascoli-e-sibillini,https://sagr.it/marche/ascoli-e-sibillini/eventi/vino-cotto-festival,,,,,
SagrafavoriteSagra della crispella e mezzemaniche al tartufo,,22 agosto - 24 agosto 2026,2026-08-22,2026-08-24,Roccafluvione,Marche,marche,Ascoli e Sibillini,ascoli-e-sibillini,https://sagr.it/marche/ascoli-e-sibillini/eventi/sagra-della-crispella-e-mezzemaniche-al-tartufo,,,,,
SagrafavoriteSagra del ciauscolo,,6 settembre - 7 settembre 2026,2026-09-06,2026-09-07,Sarnano,Marche,marche,Ascoli e Sibillini,ascoli-e-sibillini,https://sagr.it/marche/ascoli-e-sibillini/eventi/sagra-del-ciauscolo,,,,,
RievocazionefavoriteSagra del Grappolo D’Oro,,12 settembre - 21 settembre 2026,2026-09-12,2026-09-21,Potenza Picena,Marche,marche,Ascoli e Sibillini,ascoli-e-sibillini,https://sagr.it/marche/ascoli-e-sibillini/eventi/sagra-del-grappolo-d-oro,,,,,
SagrafavoriteFesta del Vino Cotto,,20 settembre - 21 settembre 2026,2026-09-20,2026-09-21,Lapedona,Marche,marche,Ascoli e Sibillini,ascoli-e-sibillini,https://sagr.it/marche/ascoli-e-sibillini/eventi/festa-del-vino-cotto,,,,,
SagrafavoriteSagra dei sughitti,,3 ottobre - 5 ottobre 2026,2026-10-03,2026-10-05,Montecassiano,Marche,marche,Ascoli e Sibillini,ascoli-e-sibillini,https://sagr.it/marche/ascoli-e-sibillini/eventi/sagra-dei-sughitti,,,,,
SagrafavoriteSagra del fungo,,4 ottobre 2026,2026-10-04,2026-10-04,Cessapalombo,Marche,marche,Ascoli e Sibillini,ascoli-e-sibillini,https://sagr.it/marche/ascoli-e-sibillini/eventi/sagra-del-fungo,,,,,
SagrafavoriteAntichi sapori,,5 ottobre - 12 ottobre 2026,2026-10-05,2026-10-12,Cessapalombo,Marche,marche,Ascoli e Sibillini,ascoli-e-sibillini,https://sagr.it/marche/ascoli-e-sibillini/eventi/antichi-sapori,,,,,
SagrafavoriteSagra del Polentone,,12 ottobre 2026,2026-10-12,2026-10-12,Sant'Angelo in Pontano,Marche,marche,Ascoli e Sibillini,ascoli-e-sibillini,https://sagr.it/marche/ascoli-e-sibillini/eventi/sagra-del-polentone,,,,,
SagrafavoriteSagra mercato della castagna,,25 ottobre - 26 ottobre 2026,2026-10-25,2026-10-26,Montemonaco,Marche,marche,Ascoli e Sibillini,ascoli-e-sibillini,https://sagr.it/marche/ascoli-e-sibillini/eventi/sagra-mercato-della-castagna,,,,,
SagrafavoriteSuper Castagnata,,25 ottobre - 26 ottobre 2026,2026-10-25,2026-10-26,Ripatransone,Marche,marche,Ascoli e Sibillini,ascoli-e-sibillini,https://sagr.it/marche/ascoli-e-sibillini/eventi/super-castagnata,,,,,
SagrafavoriteDiamanti a tavola,,1 novembre - 9 novembre 2026,2026-11-01,2026-11-09,Amandola,Marche,marche,Ascoli e Sibillini,ascoli-e-sibillini,https://sagr.it/marche/ascoli-e-sibillini/eventi/diamanti-a-tavola,,,,,
SagrafavoriteCastagnata e Arte e Sapori,,2 novembre 2026,2026-11-02,2026-11-02,Fermo,Marche,marche,Ascoli e Sibillini,ascoli-e-sibillini,https://sagr.it/marche/ascoli-e-sibillini/eventi/castagnata-e-arte-e-sapori,,,,,
SagrafavoriteCastagne al borgo,,7 novembre - 9 novembre 2026,2026-11-07,2026-11-09,Cupra Marittima,Marche,marche,Ascoli e Sibillini,ascoli-e-sibillini,https://sagr.it/marche/ascoli-e-sibillini/eventi/castagne-al-borgo,,,,,
SagrafavoriteSagra della polenta,,20 marzo - 22 marzo 2027,2027-03-20,2027-03-22,Montottone,Marche,marche,Ascoli e Sibillini,ascoli-e-sibillini,https://sagr.it/marche/ascoli-e-sibillini/eventi/sagra-della-polenta,,,,,
FierafavoriteFiera di Primavera Agugliano,,12 aprile 2026,2026-04-12,2026-04-12,Agugliano,Marche,marche,Riviera del Conero,riviera-del-conero,https://sagr.it/marche/riviera-del-conero/eventi/fiera-di-primavera-agugliano,,,,,
RievocazionefavoriteFesta dei Folli Corinaldo,,24 aprile - 26 aprile 2026,2026-04-24,2026-04-26,Corinaldo,Marche,marche,Riviera del Conero,riviera-del-conero,https://sagr.it/marche/riviera-del-conero/eventi/festa-dei-folli-corinaldo,,,,,
SagrafavoriteSagra dei Garagoi,,25 aprile - 3 maggio 2026,2026-04-25,2026-05-03,Marotta,Marche,marche,Riviera del Conero,riviera-del-conero,https://sagr.it/marche/riviera-del-conero/eventi/sagra-dei-garagoi,,,,,
SagrafavoriteSagra del Garagoi Marotta,,25 aprile - 3 maggio 2026,2026-04-25,2026-05-03,Marotta,Marche,marche,Riviera del Conero,riviera-del-conero,https://sagr.it/marche/riviera-del-conero/eventi/sagra-del-garagoi-marotta,,,,,
SagrafavoriteSagra del carciofo nostrano,,8 maggio - 10 maggio 2026,2026-05-08,2026-05-10,Senigallia,Marche,marche,Riviera del Conero,riviera-del-conero,https://sagr.it/marche/riviera-del-conero/eventi/sagra-del-carciofo-nostrano,,,,,
SagrafavoriteBrodetto fest,,30 maggio - 2 giugno 2026,2026-05-30,2026-06-02,Fano,Marche,marche,Riviera del Conero,riviera-del-conero,https://sagr.it/marche/riviera-del-conero/eventi/brodetto-fest,,,,,
SagrafavoriteFesta dei Vincisgrassi,,25 giugno - 28 giugno 2026,2026-06-25,2026-06-28,Osimo,Marche,marche,Riviera del Conero,riviera-del-conero,https://sagr.it/marche/riviera-del-conero/eventi/festa-dei-vincisgrassi,,,,,
SagrafavoriteSagra dei Vincisgrassi di Osimo,,25 giugno - 28 giugno 2026,2026-06-25,2026-06-28,Osimo,Marche,marche,Riviera del Conero,riviera-del-conero,https://sagr.it/marche/riviera-del-conero/eventi/sagra-dei-vincisgrassi-di-osimo,,,,,
SagrafavoriteStragusto,,2 luglio - 30 luglio 2026,2026-07-02,2026-07-30,Ostra,Marche,marche,Riviera del Conero,riviera-del-conero,https://sagr.it/marche/riviera-del-conero/eventi/stragusto,,,,,
SagrafavoriteSagra del Porchetto,,3 luglio - 6 luglio 2026,2026-07-03,2026-07-06,Monte San Vito,Marche,marche,Riviera del Conero,riviera-del-conero,https://sagr.it/marche/riviera-del-conero/eventi/sagra-del-porchetto,,,,,
RievocazionefavoriteFanum Fortunae &ndash; La Fano dei Cesari,,4 luglio - 12 luglio 2026,2026-07-04,2026-07-12,Fano,Marche,marche,Riviera del Conero,riviera-del-conero,https://sagr.it/marche/riviera-del-conero/eventi/fanum-fortunae-la-fano-dei-cesari,,,,,
SagrafavoritePro Loco in Festa,,4 luglio - 6 luglio 2026,2026-07-04,2026-07-06,Porto San Giorgio,Marche,marche,Riviera del Conero,riviera-del-conero,https://sagr.it/marche/riviera-del-conero/eventi/pro-loco-in-festa,,,,,
SagrafavoriteSagra del passatello,,4 luglio - 8 luglio 2026,2026-07-04,2026-07-08,Ostra,Marche,marche,Riviera del Conero,riviera-del-conero,https://sagr.it/marche/riviera-del-conero/eventi/sagra-del-passatello,,,,,
RievocazionefavoriteContesa del Pozzo della Polenta,,10 luglio - 12 luglio 2026,2026-07-10,2026-07-12,Corinaldo,Marche,marche,Riviera del Conero,riviera-del-conero,https://sagr.it/marche/riviera-del-conero/eventi/contesa-del-pozzo-della-polenta,,,,,
SagrafavoriteFesta della trebbiatura e sagra dell'oca,,10 luglio - 13 luglio 2026,2026-07-10,2026-07-13,Monte Roberto,Marche,marche,Riviera del Conero,riviera-del-conero,https://sagr.it/marche/riviera-del-conero/eventi/festa-della-trebbiatura-e-sagra-dell-oca,,,,,
FestivalfavoriteFano Jazz By The Sea,,18 luglio - 1 agosto 2026,2026-07-18,2026-08-01,Fano,Marche,marche,Riviera del Conero,riviera-del-conero,https://sagr.it/marche/riviera-del-conero/eventi/fano-jazz-by-the-sea,,,,,
SagrafavoriteSagra polentara,,19 luglio - 20 luglio 2026,2026-07-19,2026-07-20,San Costanzo,Marche,marche,Riviera del Conero,riviera-del-conero,https://sagr.it/marche/riviera-del-conero/eventi/sagra-polentara,,,,,
FestivalfavoriteSummer Jamboree,,31 luglio - 9 agosto 2026,2026-07-31,2026-08-09,Senigallia,Marche,marche,Riviera del Conero,riviera-del-conero,https://sagr.it/marche/riviera-del-conero/eventi/summer-jamboree,,,,,
SagrafavoriteFesta del Verdicchio,,21 agosto - 24 agosto 2026,2026-08-21,2026-08-24,Staffolo,Marche,marche,Riviera del Conero,riviera-del-conero,https://sagr.it/marche/riviera-del-conero/eventi/festa-del-verdicchio,,,,,
SagrafavoriteFesta del rosso conero,,5 settembre - 7 settembre 2026,2026-09-05,2026-09-07,Camerano,Marche,marche,Riviera del Conero,riviera-del-conero,https://sagr.it/marche/riviera-del-conero/eventi/festa-del-rosso-conero,,,,,
SagrafavoriteFesta dell’uva,,11 settembre - 14 settembre 2026,2026-09-11,2026-09-14,Cerreto d'Esi,Marche,marche,Riviera del Conero,riviera-del-conero,https://sagr.it/marche/riviera-del-conero/eventi/festa-dell-uva-mqbexpyd,,,,,
SagrafavoriteSagra dell’uva,,2 ottobre - 5 ottobre 2026,2026-10-02,2026-10-05,Cupramontana,Marche,marche,Riviera del Conero,riviera-del-conero,https://sagr.it/marche/riviera-del-conero/eventi/sagra-dell-uva-mqbexroc,,,,,
SagrafavoriteFesta dell’uva,,9 ottobre - 12 ottobre 2026,2026-10-09,2026-10-12,Arcevia,Marche,marche,Riviera del Conero,riviera-del-conero,https://sagr.it/marche/riviera-del-conero/eventi/festa-dell-uva-mqbexryp,,,,,
SagrafavoritePane Nostrum,,9 ottobre - 11 ottobre 2026,2026-10-09,2026-10-11,Senigallia,Marche,marche,Riviera del Conero,riviera-del-conero,https://sagr.it/marche/riviera-del-conero/eventi/pane-nostrum,,,,,
SagrafavoriteFesta del Vì de Visciola,,17 ottobre - 19 ottobre 2026,2026-10-17,2026-10-19,San Paolo di Jesi,Marche,marche,Riviera del Conero,riviera-del-conero,https://sagr.it/marche/riviera-del-conero/eventi/festa-del-vi-de-visciola,,,,,
SagrafavoriteFesta della sapa e del vin brulè,,24 ottobre - 26 ottobre 2026,2026-10-24,2026-10-26,Rosora,Marche,marche,Riviera del Conero,riviera-del-conero,https://sagr.it/marche/riviera-del-conero/eventi/festa-della-sapa-e-del-vin-brule,,,,,
MercatofavoriteLa Fiera di San Martino,,10 novembre - 11 novembre 2026,2026-11-10,2026-11-11,Grottammare,Marche,marche,Riviera del Conero,riviera-del-conero,https://sagr.it/marche/riviera-del-conero/eventi/la-fiera-di-san-martino,,,,,
SagrafavoriteVecchi sapori d’autunno,,13 novembre - 16 novembre 2026,2026-11-13,2026-11-16,Belvedere Ostrense,Marche,marche,Riviera del Conero,riviera-del-conero,https://sagr.it/marche/riviera-del-conero/eventi/vecchi-sapori-d-autunno,,,,,
SagrafavoriteSagra del Castagnolo,,15 marzo 2027,2027-03-15,2027-03-15,Monte San Vito,Marche,marche,Riviera del Conero,riviera-del-conero,https://sagr.it/marche/riviera-del-conero/eventi/sagra-del-castagnolo,,,,,
RievocazionefavoritePalio della rana,,10 aprile - 12 aprile 2026,2026-04-10,2026-04-12,Fermignano,Marche,marche,Urbino e Montefeltro,urbino-e-montefeltro,https://sagr.it/marche/urbino-e-montefeltro/eventi/palio-della-rana,,,,,
SagrafavoriteLa Magnalonga di Mogliano,,1 maggio 2026,2026-05-01,2026-05-01,Mogliano,Marche,marche,Urbino e Montefeltro,urbino-e-montefeltro,https://sagr.it/marche/urbino-e-montefeltro/eventi/la-magnalonga-di-mogliano,,,,,
SagrafavoriteBrodettoFest,,30 maggio - 2 giugno 2026,2026-05-30,2026-06-02,Fano,Marche,marche,Urbino e Montefeltro,urbino-e-montefeltro,https://sagr.it/marche/urbino-e-montefeltro/eventi/brodettofest,,,,,
SagrafavoriteSagra del formaggio e dei prodotti tipici quisquinesi,,30 maggio - 31 maggio 2026,2026-05-30,2026-05-31,Santo Stefano Quisquina,Marche,marche,Urbino e Montefeltro,urbino-e-montefeltro,https://sagr.it/marche/urbino-e-montefeltro/eventi/sagra-del-formaggio-e-dei-prodotti-tipici-quisquinesi,,,,,
SagrafavoriteMagnalonga dei 5 Castelli,,31 maggio 2026,2026-05-31,2026-05-31,Caldarola,Marche,marche,Urbino e Montefeltro,urbino-e-montefeltro,https://sagr.it/marche/urbino-e-montefeltro/eventi/magnalonga-dei-5-castelli,,,,,
RievocazionefavoritePalio del Re Acqualagna,,6 giugno - 14 giugno 2026,2026-06-06,2026-06-14,Acqualagna,Marche,marche,Urbino e Montefeltro,urbino-e-montefeltro,https://sagr.it/marche/urbino-e-montefeltro/eventi/palio-del-re-acqualagna,,,,,
RievocazionefavoritePalio dei Trampoli,,12 giugno - 14 giugno 2026,2026-06-12,2026-06-14,Schieti,Marche,marche,Urbino e Montefeltro,urbino-e-montefeltro,https://sagr.it/marche/urbino-e-montefeltro/eventi/palio-dei-trampoli,,,,,
RievocazionefavoritePalio di San Giovanni Battista,,12 giugno - 24 giugno 2026,2026-06-12,2026-06-24,Fabriano,Marche,marche,Urbino e Montefeltro,urbino-e-montefeltro,https://sagr.it/marche/urbino-e-montefeltro/eventi/palio-di-san-giovanni-battista,,,,,
SagrafavoriteFesta del Formaggio Pecorino Locale,,18 giugno - 21 giugno 2026,2026-06-18,2026-06-21,Apiro,Marche,marche,Urbino e Montefeltro,urbino-e-montefeltro,https://sagr.it/marche/urbino-e-montefeltro/eventi/festa-del-formaggio-pecorino-locale,,,,,
RievocazionefavoriteMestieri e Mercanti,,27 giugno - 28 giugno 2026,2026-06-27,2026-06-28,San Lorenzo in Campo,Marche,marche,Urbino e Montefeltro,urbino-e-montefeltro,https://sagr.it/marche/urbino-e-montefeltro/eventi/mestieri-e-mercanti,,,,,
SagrafavoriteSagra della Braciola,,3 luglio - 12 luglio 2026,2026-07-03,2026-07-12,Gagliole,Marche,marche,Urbino e Montefeltro,urbino-e-montefeltro,https://sagr.it/marche/urbino-e-montefeltro/eventi/sagra-della-braciola-mqt9i2ti,,,,,
SagrafavoriteSagra dell'aglio rosso di Sulmona,,11 luglio - 12 luglio 2026,2026-07-11,2026-07-12,Campo di Fano,Marche,marche,Urbino e Montefeltro,urbino-e-montefeltro,https://sagr.it/marche/urbino-e-montefeltro/eventi/sagra-dell-aglio-rosso-di-sulmona,,,,,
SagrafavoritePalio del somaro e sagra della tagliatella,,12 luglio - 20 luglio 2026,2026-07-12,2026-07-20,Mercatello sul Metauro,Marche,marche,Urbino e Montefeltro,urbino-e-montefeltro,https://sagr.it/marche/urbino-e-montefeltro/eventi/palio-del-somaro-e-sagra-della-tagliatella,,,,,
FestivalfavoriteSan Severino Blues,Festival,16 luglio - 14 agosto 2026,2026-07-16,2026-08-14,San Severino Marche,Marche,marche,Urbino e Montefeltro,urbino-e-montefeltro,https://sagr.it/marche/urbino-e-montefeltro/eventi/san-severino-blues-festival,,,,,
SagrafavoriteSagra della crescia sul panaro,,17 luglio - 20 luglio 2026,2026-07-17,2026-07-20,Castelplanio,Marche,marche,Urbino e Montefeltro,urbino-e-montefeltro,https://sagr.it/marche/urbino-e-montefeltro/eventi/sagra-della-crescia-sul-panaro,,,,,
SagrafavoriteLa festa a la bassa,,18 luglio - 19 luglio 2026,2026-07-18,2026-07-19,Passo Ripe,Marche,marche,Urbino e Montefeltro,urbino-e-montefeltro,https://sagr.it/marche/urbino-e-montefeltro/eventi/la-festa-a-la-bassa,,,,,
SagrafavoriteSagra della coradella,,19 luglio - 20 luglio 2026,2026-07-19,2026-07-20,Serravalle di Carda,Marche,marche,Urbino e Montefeltro,urbino-e-montefeltro,https://sagr.it/marche/urbino-e-montefeltro/eventi/sagra-della-coradella,,,,,
RievocazionefavoritePalio dei conti oliva,,24 luglio - 26 luglio 2026,2026-07-24,2026-07-26,Piandimeleto,Marche,marche,Urbino e Montefeltro,urbino-e-montefeltro,https://sagr.it/marche/urbino-e-montefeltro/eventi/palio-dei-conti-oliva,,,,,
SagrafavoriteFesta del vino Pergola DOC,,25 luglio - 27 luglio 2026,2026-07-25,2026-07-27,Pergola,Marche,marche,Urbino e Montefeltro,urbino-e-montefeltro,https://sagr.it/marche/urbino-e-montefeltro/eventi/festa-del-vino-pergola-doc,,,,,
SagrafavoriteIl trionfo del tartufo nero,,2 agosto - 3 agosto 2026,2026-08-02,2026-08-03,Frontino,Marche,marche,Urbino e Montefeltro,urbino-e-montefeltro,https://sagr.it/marche/urbino-e-montefeltro/eventi/il-trionfo-del-tartufo-nero,,,,,
SagrafavoriteSagra della crescia,,2 agosto - 3 agosto 2026,2026-08-02,2026-08-03,Stacciola,Marche,marche,Urbino e Montefeltro,urbino-e-montefeltro,https://sagr.it/marche/urbino-e-montefeltro/eventi/sagra-della-crescia,,,,,
RievocazionefavoriteRievocazione storica caccia al cinghiale,,13 agosto - 15 agosto 2026,2026-08-13,2026-08-15,Mondavio,Marche,marche,Urbino e Montefeltro,urbino-e-montefeltro,https://sagr.it/marche/urbino-e-montefeltro/eventi/rievocazione-storica-caccia-al-cinghiale,,,,,
SagrafavoriteSagra del crostolo,,29 agosto - 31 agosto 2026,2026-08-29,2026-08-31,Urbania,Marche,marche,Urbino e Montefeltro,urbino-e-montefeltro,https://sagr.it/marche/urbino-e-montefeltro/eventi/sagra-del-crostolo,,,,,
SagrafavoriteSagra del finocchio,,13 settembre - 14 settembre 2026,2026-09-13,2026-09-14,Pergola,Marche,marche,Urbino e Montefeltro,urbino-e-montefeltro,https://sagr.it/marche/urbino-e-montefeltro/eventi/sagra-del-finocchio,,,,,
SagrafavoriteSagra fagioli e cotiche,,2 ottobre - 4 ottobre 2026,2026-10-02,2026-10-04,Sassofeltrio,Marche,marche,Urbino e Montefeltro,urbino-e-montefeltro,https://sagr.it/marche/urbino-e-montefeltro/eventi/sagra-fagioli-e-cotiche,,,,,
SagrafavoriteFiera Nazionale del tartufo bianco pregiato di Pergola,,5 ottobre - 19 ottobre 2026,2026-10-05,2026-10-19,Pergola,Marche,marche,Urbino e Montefeltro,urbino-e-montefeltro,https://sagr.it/marche/urbino-e-montefeltro/eventi/fiera-nazionale-del-tartufo-bianco-pregiato-di-pergola,,,,,
SagrafavoriteFesta del Miele,,10 ottobre - 12 ottobre 2026,2026-10-10,2026-10-12,Belforte all'Isauro,Marche,marche,Urbino e Montefeltro,urbino-e-montefeltro,https://sagr.it/marche/urbino-e-montefeltro/eventi/festa-del-miele,,,,,
SagrafavoriteMostra Nazionale del Tartufo Bianco di Sant’Angelo in Vado,,10 ottobre - 1 novembre 2026,2026-10-10,2026-11-01,Sant'Angelo in Vado,Marche,marche,Urbino e Montefeltro,urbino-e-montefeltro,https://sagr.it/marche/urbino-e-montefeltro/eventi/mostra-nazionale-del-tartufo-bianco-di-sant-angelo-in-vado,,,,,
SagrafavoriteSagra dell’Acquaticcio,,12 ottobre 2026,2026-10-12,2026-10-12,Colleluce,Marche,marche,Urbino e Montefeltro,urbino-e-montefeltro,https://sagr.it/marche/urbino-e-montefeltro/eventi/sagra-dell-acquaticcio,,,,,
SagrafavoriteFiera Internazionale del Tartufo Bianco di Acqualagna,,1 novembre - 23 novembre 2026,2026-11-01,2026-11-23,Acqualagna,Marche,marche,Urbino e Montefeltro,urbino-e-montefeltro,https://sagr.it/marche/urbino-e-montefeltro/eventi/fiera-internazionale-del-tartufo-bianco-di-acqualagna,,,,,
SagrafavoriteMostra mercato dell’olio e dell’oliva,,9 novembre - 16 novembre 2026,2026-11-09,2026-11-16,Cartoceto,Marche,marche,Urbino e Montefeltro,urbino-e-montefeltro,https://sagr.it/marche/urbino-e-montefeltro/eventi/mostra-mercato-dell-olio-e-dell-oliva,,,,,
SagrafavoriteFestival del tartufo bianchetto e del vino bianchello DOC,,14 marzo - 22 marzo 2027,2027-03-14,2027-03-22,Fossombrone,Marche,marche,Urbino e Montefeltro,urbino-e-montefeltro,https://sagr.it/marche/urbino-e-montefeltro/eventi/festival-del-tartufo-bianchetto-e-del-vino-bianchello-doc,,,,,
SagrafavoriteSagra della soppressata,,16 maggio - 17 maggio 2026,2026-05-16,2026-05-17,Monacilioni,Molise,molise,Alto Molise,alto-molise,https://sagr.it/molise/alto-molise/eventi/sagra-della-soppressata,,,,,
Evento culturalefavoriteRuvArt,Festival,1 giugno 2026,2026-06-01,2026-06-01,Matrice,Molise,molise,Alto Molise,alto-molise,https://sagr.it/molise/alto-molise/eventi/ruvart-festival,,,,,
SagrafavoriteFesta della cipolla bianca,,26 giugno - 27 giugno 2026,2026-06-26,2026-06-27,Isernia,Molise,molise,Alto Molise,alto-molise,https://sagr.it/molise/alto-molise/eventi/festa-della-cipolla-bianca,,,,,
Festa patronalefavoriteLa Tavolata,,11 luglio 2026,2026-07-11,2026-07-11,Capracotta,Molise,molise,Alto Molise,alto-molise,https://sagr.it/molise/alto-molise/eventi/la-tavolata,,,,,
SagrafavoriteFesta del pastore,,19 luglio - 20 luglio 2026,2026-07-19,2026-07-20,Roccamandolfi,Molise,molise,Alto Molise,alto-molise,https://sagr.it/molise/alto-molise/eventi/festa-del-pastore,,,,,
SagrafavoriteTartufata,,22 luglio - 27 luglio 2026,2026-07-22,2026-07-27,Miranda,Molise,molise,Alto Molise,alto-molise,https://sagr.it/molise/alto-molise/eventi/tartufata,,,,,
SagrafavoriteSagra baccalà e peperuol,,1 agosto 2026,2026-08-01,2026-08-01,Frosolone,Molise,molise,Alto Molise,alto-molise,https://sagr.it/molise/alto-molise/eventi/sagra-baccala-e-peperuol,,,,,
SagrafavoriteSagra della pezzata,,3 agosto 2026,2026-08-03,2026-08-03,Capracotta,Molise,molise,Alto Molise,alto-molise,https://sagr.it/molise/alto-molise/eventi/sagra-della-pezzata,,,,,
SagrafavoriteFesta del tartufo nero,,9 agosto - 10 agosto 2026,2026-08-09,2026-08-10,San Pietro Avellana,Molise,molise,Alto Molise,alto-molise,https://sagr.it/molise/alto-molise/eventi/festa-del-tartufo-nero,,,,,
SagrafavoriteSagra della manteca,,18 agosto 2026,2026-08-18,2026-08-18,Acquevive di Frosolone,Molise,molise,Alto Molise,alto-molise,https://sagr.it/molise/alto-molise/eventi/sagra-della-manteca,,,,,
Festa patronalefavoriteLa ‘ndocciata di Agnone,,6 dicembre - 24 dicembre 2026,2026-12-06,2026-12-24,Agnone,Molise,molise,Alto Molise,alto-molise,https://sagr.it/molise/alto-molise/eventi/la-ndocciata-di-agnone,,,,,
SagrafavoriteLa raviolata,,15 febbraio 2027,2027-02-15,2027-02-15,Scapoli,Molise,molise,Alto Molise,alto-molise,https://sagr.it/molise/alto-molise/eventi/la-raviolata,,,,,
Festa patronalefavoriteLa notte dei Fuochi,,21 marzo 2027,2027-03-21,2027-03-21,Venafro,Molise,molise,Alto Molise,alto-molise,https://sagr.it/molise/alto-molise/eventi/la-notte-dei-fuochi,,,,,
Festa patronalefavoriteFesta della Madonna dell'Incoronata,,25 aprile 2026,2026-04-25,2026-04-25,Santa Croce di Magliano,Molise,molise,Basso Molise,basso-molise,https://sagr.it/molise/basso-molise/eventi/festa-della-madonna-dell-incoronata,,,,,
FestivalfavoriteMusica in Città,,8 maggio - 29 maggio 2026,2026-05-08,2026-05-29,Campobasso,Molise,molise,Basso Molise,basso-molise,https://sagr.it/molise/basso-molise/eventi/musica-in-citta,,,,,
SagrafavoriteFesta della frittata,,23 maggio - 24 maggio 2026,2026-05-23,2026-05-24,Montaquila,Molise,molise,Basso Molise,basso-molise,https://sagr.it/molise/basso-molise/eventi/festa-della-frittata,,,,,
SagrafavoriteSagra della frittata,,23 maggio - 24 maggio 2026,2026-05-23,2026-05-24,Montaquila,Molise,molise,Basso Molise,basso-molise,https://sagr.it/molise/basso-molise/eventi/sagra-della-frittata,,,,,
SagrafavoriteSagra dei Crastuna e dei prodotti tipici,,24 maggio - 25 maggio 2026,2026-05-24,2026-05-25,Solarino,Molise,molise,Basso Molise,basso-molise,https://sagr.it/molise/basso-molise/eventi/sagra-dei-crastuna-e-dei-prodotti-tipici,,,,,
Festa patronalefavoriteCarrese di San Pardo,,25 maggio - 27 maggio 2026,2026-05-25,2026-05-27,Larino,Molise,molise,Basso Molise,basso-molise,https://sagr.it/molise/basso-molise/eventi/carrese-di-san-pardo,,,,,
RievocazionefavoriteCorsa dei Carri,,25 maggio 2026,2026-05-25,2026-05-25,Portocannone,Molise,molise,Basso Molise,basso-molise,https://sagr.it/molise/basso-molise/eventi/corsa-dei-carri,,,,,
Evento culturalefavoriteRaduno Fiat 500 Larino,,2 giugno 2026,2026-06-02,2026-06-02,Larino,Molise,molise,Basso Molise,basso-molise,https://sagr.it/molise/basso-molise/eventi/raduno-fiat-500-larino,,,,,
FestivalfavoriteTermoli Summer,Festival,6 giugno - 9 agosto 2026,2026-06-06,2026-08-09,Termoli,Molise,molise,Basso Molise,basso-molise,https://sagr.it/molise/basso-molise/eventi/termoli-summer-festival,,,,,
Festa patronalefavoriteFesta del Pane,,12 giugno - 14 giugno 2026,2026-06-12,2026-06-14,Gildone,Molise,molise,Basso Molise,basso-molise,https://sagr.it/molise/basso-molise/eventi/festa-del-pane,,,,,
Festa patronalefavoriteU Pizzinchentò e Sagra delle Sagnitelle,,12 giugno 2026,2026-06-12,2026-06-12,Castellino del Biferno,Molise,molise,Basso Molise,basso-molise,https://sagr.it/molise/basso-molise/eventi/u-pizzinchento-e-sagra-delle-sagnitelle,,,,,
Evento culturalefavoriteGrisulandia,,14 giugno 2026,2026-06-14,2026-06-14,Campomarino,Molise,molise,Basso Molise,basso-molise,https://sagr.it/molise/basso-molise/eventi/grisulandia,,,,,
FierafavoriteFiera delle Cipolle,,26 giugno - 27 giugno 2026,2026-06-26,2026-06-27,Isernia,Molise,molise,Basso Molise,basso-molise,https://sagr.it/molise/basso-molise/eventi/fiera-delle-cipolle,,,,,
SagrafavoriteSagra del panunto galdino,,16 luglio 2026,2026-07-16,2026-07-16,San Giovanni in Galdo,Molise,molise,Basso Molise,basso-molise,https://sagr.it/molise/basso-molise/eventi/sagra-del-panunto-galdino,,,,,
Festa patronalefavoriteFesta del grano di Jelsi,,19 luglio - 27 luglio 2026,2026-07-19,2026-07-27,Jelsi,Molise,molise,Basso Molise,basso-molise,https://sagr.it/molise/basso-molise/eventi/festa-del-grano-di-jelsi,,,,,
SagrafavoriteSagra della pampanella,,8 agosto 2026,2026-08-08,2026-08-08,San Martino in Pensilis,Molise,molise,Basso Molise,basso-molise,https://sagr.it/molise/basso-molise/eventi/sagra-della-pampanella,,,,,
SagrafavoriteSagra delle tolle,,8 agosto - 9 agosto 2026,2026-08-08,2026-08-09,Montorio nei Frentani,Molise,molise,Basso Molise,basso-molise,https://sagr.it/molise/basso-molise/eventi/sagra-delle-tolle,,,,,
SagrafavoriteTartufando,,8 agosto 2026,2026-08-08,2026-08-08,Castelmauro,Molise,molise,Basso Molise,basso-molise,https://sagr.it/molise/basso-molise/eventi/tartufando,,,,,
SagrafavoriteSapor d’Na Vota,,10 ottobre 2026,2026-10-10,2026-10-10,Spinete,Molise,molise,Basso Molise,basso-molise,https://sagr.it/molise/basso-molise/eventi/sapor-d-na-vota,,,,,
SagrafavoriteCastagne e Vino novello,,7 novembre - 8 novembre 2026,2026-11-07,2026-11-08,Casacalenda,Molise,molise,Basso Molise,basso-molise,https://sagr.it/molise/basso-molise/eventi/castagne-e-vino-novello,,,,,
Festa patronalefavoriteFesta di Sant’Antonio Abate,,17 gennaio 2027,2027-01-17,2027-01-17,Campobasso,Molise,molise,Basso Molise,basso-molise,https://sagr.it/molise/basso-molise/eventi/festa-di-sant-antonio-abate,,,,,
Evento culturalefavoriteFiorissimo al Castello,,27 marzo - 29 marzo 2026,2026-03-27,2026-03-29,Novara,Piemonte,piemonte,Lago Maggiore,lago-maggiore,https://sagr.it/piemonte/lago-maggiore/eventi/fiorissimo-al-castello,,,,,
MercatofavoriteEuromercato - Novara,,30 aprile - 3 maggio 2026,2026-04-30,2026-05-03,Novara,Piemonte,piemonte,Lago Maggiore,lago-maggiore,https://sagr.it/piemonte/lago-maggiore/eventi/euromercato-novara,,,,,
SagrafavoriteTourbul Masera,,3 maggio 2026,2026-05-03,2026-05-03,Masera,Piemonte,piemonte,Lago Maggiore,lago-maggiore,https://sagr.it/piemonte/lago-maggiore/eventi/tourbul-masera,,,,,
SagrafavoriteSagra della porchetta e gnocco fritto,,15 maggio - 17 maggio 2026,2026-05-15,2026-05-17,Cameri,Piemonte,piemonte,Lago Maggiore,lago-maggiore,https://sagr.it/piemonte/lago-maggiore/eventi/sagra-della-porchetta-e-gnocco-fritto,,,,,
SagrafavoriteFontaneto Arte Sapori,,6 giugno - 27 giugno 2026,2026-06-06,2026-06-27,Fontaneto d'Agogna,Piemonte,piemonte,Lago Maggiore,lago-maggiore,https://sagr.it/piemonte/lago-maggiore/eventi/fontaneto-arte-sapori,,,,,
SagrafavoriteRaviolata di Lumellogno,,6 giugno - 7 giugno 2026,2026-06-06,2026-06-07,Novara,Piemonte,piemonte,Lago Maggiore,lago-maggiore,https://sagr.it/piemonte/lago-maggiore/eventi/raviolata-di-lumellogno,,,,,
EventofavoriteFesta dello Sport,,7 giugno 2026,2026-06-07,2026-06-07,Varallo,Piemonte,piemonte,Lago Maggiore,lago-maggiore,https://sagr.it/piemonte/lago-maggiore/eventi/festa-dello-sport,,,,,
SagrafavoriteSagra delle Ciliegie,,12 giugno - 14 giugno 2026,2026-06-12,2026-06-14,Anzola d'Ossola,Piemonte,piemonte,Lago Maggiore,lago-maggiore,https://sagr.it/piemonte/lago-maggiore/eventi/sagra-delle-ciliegie-mq9mb8bo,,,,,
SagrafavoritePesciolata,,26 giugno - 5 luglio 2026,2026-06-26,2026-07-05,Paruzzaro,Piemonte,piemonte,Lago Maggiore,lago-maggiore,https://sagr.it/piemonte/lago-maggiore/eventi/pesciolata,,,,,
SagrafavoriteMostra del vino,,27 giugno - 5 luglio 2026,2026-06-27,2026-07-05,Sizzano,Piemonte,piemonte,Lago Maggiore,lago-maggiore,https://sagr.it/piemonte/lago-maggiore/eventi/mostra-del-vino,,,,,
SagrafavoriteBogogno Summer Fest,,2 luglio - 5 luglio 2026,2026-07-02,2026-07-05,Bogogno,Piemonte,piemonte,Lago Maggiore,lago-maggiore,https://sagr.it/piemonte/lago-maggiore/eventi/bogogno-summer-fest,,,,,
FierafavoriteFiera di San Bernardo,,3 luglio - 5 luglio 2026,2026-07-03,2026-07-05,Macugnaga,Piemonte,piemonte,Lago Maggiore,lago-maggiore,https://sagr.it/piemonte/lago-maggiore/eventi/fiera-di-san-bernardo,,,,,
FestivalfavoriteVarallo POP,,9 luglio - 12 luglio 2026,2026-07-09,2026-07-12,Varallo Pombia,Piemonte,piemonte,Lago Maggiore,lago-maggiore,https://sagr.it/piemonte/lago-maggiore/eventi/varallo-pop,,,,,
FestivalfavoriteAlpàa,,10 luglio - 19 luglio 2026,2026-07-10,2026-07-19,Varallo,Piemonte,piemonte,Lago Maggiore,lago-maggiore,https://sagr.it/piemonte/lago-maggiore/eventi/alpaa,,,,,
SagrafavoriteMostra Nazionale della Toma di Lanzo e dei formaggi d’Alpeggio,,10 luglio - 19 luglio 2026,2026-07-10,2026-07-19,Lanzo d'Intelvi,Piemonte,piemonte,Lago Maggiore,lago-maggiore,https://sagr.it/piemonte/lago-maggiore/eventi/mostra-nazionale-della-toma-di-lanzo-e-dei-formaggi-d-alpeggio,,,,,
FestivalfavoriteStresa,Festival,16 luglio - 9 settembre 2026,2026-07-16,2026-09-09,Stresa,Piemonte,piemonte,Lago Maggiore,lago-maggiore,https://sagr.it/piemonte/lago-maggiore/eventi/stresa-festival,,,,,
SagrafavoriteSagra dei Ravanit,,17 luglio - 26 luglio 2026,2026-07-17,2026-07-26,Revislate,Piemonte,piemonte,Lago Maggiore,lago-maggiore,https://sagr.it/piemonte/lago-maggiore/eventi/sagra-dei-ravanit,,,,,
Festa patronalefavoriteFesta dei cornuti,,25 luglio - 26 luglio 2026,2026-07-25,2026-07-26,Granozzo con Monticello,Piemonte,piemonte,Lago Maggiore,lago-maggiore,https://sagr.it/piemonte/lago-maggiore/eventi/festa-dei-cornuti,,,,,
RievocazionefavoriteLe Streghe della Valle Antigorio,,25 luglio - 26 luglio 2026,2026-07-25,2026-07-26,Croveo,Piemonte,piemonte,Lago Maggiore,lago-maggiore,https://sagr.it/piemonte/lago-maggiore/eventi/le-streghe-della-valle-antigorio,,,,,
SagrafavoriteSagra della Patata,,28 agosto - 31 agosto 2026,2026-08-28,2026-08-31,Montecrestese,Piemonte,piemonte,Lago Maggiore,lago-maggiore,https://sagr.it/piemonte/lago-maggiore/eventi/sagra-della-patata-mnq776lo,,,,,
SagrafavoriteFesta dell’Uva,,11 settembre - 14 settembre 2026,2026-09-11,2026-09-14,Masera,Piemonte,piemonte,Lago Maggiore,lago-maggiore,https://sagr.it/piemonte/lago-maggiore/eventi/festa-dell-uva-2,,,,,
SagrafavoriteFiera della cipolla bionda di Cureggio e Fontaneto,,20 settembre - 21 settembre 2026,2026-09-20,2026-09-21,Fontaneto d'Agogna,Piemonte,piemonte,Lago Maggiore,lago-maggiore,https://sagr.it/piemonte/lago-maggiore/eventi/fiera-della-cipolla-bionda-di-cureggio-e-fontaneto,,,,,
SagrafavoriteSagra MeleMiele,,31 ottobre - 1 novembre 2026,2026-10-31,2026-11-01,Baceno,Piemonte,piemonte,Lago Maggiore,lago-maggiore,https://sagr.it/piemonte/lago-maggiore/eventi/sagra-melemiele,,,,,
SagrafavoriteSagra dei Sapori,,7 novembre - 9 novembre 2026,2026-11-07,2026-11-09,Cameri,Piemonte,piemonte,Lago Maggiore,lago-maggiore,https://sagr.it/piemonte/lago-maggiore/eventi/sagra-dei-sapori,,,,,
SagrafavoriteSagra del raviolo,,21 marzo - 22 marzo 2027,2027-03-21,2027-03-22,Cameri,Piemonte,piemonte,Lago Maggiore,lago-maggiore,https://sagr.it/piemonte/lago-maggiore/eventi/sagra-del-raviolo,,,,,
FierafavoriteAgriumbria,,27 marzo - 29 marzo 2026,2026-03-27,2026-03-29,Bastia Umbra,Piemonte,piemonte,Langhe e Roero,langhe-e-roero,https://sagr.it/piemonte/langhe-e-roero/eventi/agriumbria,,,,,
Evento culturalefavoriteCavaso in Fiore,,12 aprile 2026,2026-04-12,2026-04-12,Caniezza,Piemonte,piemonte,Langhe e Roero,langhe-e-roero,https://sagr.it/piemonte/langhe-e-roero/eventi/cavaso-in-fiore,,,,,
Evento culturalefavoriteLa Vallée Tattoo Fest,,18 aprile - 19 aprile 2026,2026-04-18,2026-04-19,Borgo San Dalmazzo,Piemonte,piemonte,Langhe e Roero,langhe-e-roero,https://sagr.it/piemonte/langhe-e-roero/eventi/la-vallee-tattoo-fest,,,,,
Festa patronalefavoriteFesta di Primavera a Rolo,,19 aprile 2026,2026-04-19,2026-04-19,Rolo,Piemonte,piemonte,Langhe e Roero,langhe-e-roero,https://sagr.it/piemonte/langhe-e-roero/eventi/festa-di-primavera-a-rolo,,,,,
Evento culturalefavoriteAssisi Mostra Arte Antiquariato,,24 aprile - 3 maggio 2026,2026-04-24,2026-05-03,Bastia Umbra,Piemonte,piemonte,Langhe e Roero,langhe-e-roero,https://sagr.it/piemonte/langhe-e-roero/eventi/assisi-mostra-arte-antiquariato,,,,,
Evento culturalefavoriteSelvatica – Arte e Natura in,Festival,25 aprile - 19 luglio 2026,2026-04-25,2026-07-19,Biella,Piemonte,piemonte,Langhe e Roero,langhe-e-roero,https://sagr.it/piemonte/langhe-e-roero/eventi/selvatica-arte-e-natura-in-festival,,,,,
SagrafavoriteVinum,,25 aprile - 4 maggio 2026,2026-04-25,2026-05-04,Alba,Piemonte,piemonte,Langhe e Roero,langhe-e-roero,https://sagr.it/piemonte/langhe-e-roero/eventi/vinum,,,,,
SagrafavoriteInverdurata,,8 maggio - 10 maggio 2026,2026-05-08,2026-05-10,...,Piemonte,piemonte,Langhe e Roero,langhe-e-roero,https://sagr.it/piemonte/langhe-e-roero/eventi/inverdurata,,,,,
Evento culturalefavoriteCuneo Montagna,Festival,14 maggio - 17 maggio 2026,2026-05-14,2026-05-17,Cuneo,Piemonte,piemonte,Langhe e Roero,langhe-e-roero,https://sagr.it/piemonte/langhe-e-roero/eventi/cuneo-montagna-festival,,,,,
RievocazionefavoriteFira d&rsquo;la Pouià e Sagra del Saras del Fen,,14 maggio - 17 maggio 2026,2026-05-14,2026-05-17,Neirone,Piemonte,piemonte,Langhe e Roero,langhe-e-roero,https://sagr.it/piemonte/langhe-e-roero/eventi/fira-d-la-pouia-e-sagra-del-saras-del-fen,,,,,
SagrafavoriteSagra degli IN,,15 maggio - 16 maggio 2026,2026-05-15,2026-05-16,Cossano Belbo,Piemonte,piemonte,Langhe e Roero,langhe-e-roero,https://sagr.it/piemonte/langhe-e-roero/eventi/sagra-degli-in,,,,,
SagrafavoriteCannolo Fest,,16 maggio - 17 maggio 2026,2026-05-16,2026-05-17,Piana degli Albanesi,Piemonte,piemonte,Langhe e Roero,langhe-e-roero,https://sagr.it/piemonte/langhe-e-roero/eventi/cannolo-fest,,,,,
SagrafavoriteBarbera Fish,Festival,28 maggio - 31 maggio 2026,2026-05-28,2026-05-31,Alba,Piemonte,piemonte,Langhe e Roero,langhe-e-roero,https://sagr.it/piemonte/langhe-e-roero/eventi/barbera-fish-festival,,,,,
Evento culturalefavoriteSaluzzo Estate 2026,,30 maggio - 29 luglio 2026,2026-05-30,2026-07-29,Saluzzo,Piemonte,piemonte,Langhe e Roero,langhe-e-roero,https://sagr.it/piemonte/langhe-e-roero/eventi/saluzzo-estate-2026,,,,,
SagrafavoriteGinitaly Mondovì,,30 maggio - 2 giugno 2026,2026-05-30,2026-06-02,Mondovì,Piemonte,piemonte,Langhe e Roero,langhe-e-roero,https://sagr.it/piemonte/langhe-e-roero/eventi/ginitaly-mondovi,,,,,
SagrafavoriteRosa e Rosso di Maggio,,30 maggio - 31 maggio 2026,2026-05-30,2026-05-31,Gattinara,Piemonte,piemonte,Langhe e Roero,langhe-e-roero,https://sagr.it/piemonte/langhe-e-roero/eventi/rosa-e-rosso-di-maggio,,,,,
SagrafavoriteANCIUE &ndash; Fiera degli Acciugai,,6 giugno - 7 giugno 2026,2026-06-06,2026-06-07,Dronero,Piemonte,piemonte,Langhe e Roero,langhe-e-roero,https://sagr.it/piemonte/langhe-e-roero/eventi/anciue-fiera-degli-acciugai,,,,,
SagrafavoriteDi Gavi in Gavi,Festival,6 giugno - 7 giugno 2026,2026-06-06,2026-06-07,Gavi,Piemonte,piemonte,Langhe e Roero,langhe-e-roero,https://sagr.it/piemonte/langhe-e-roero/eventi/di-gavi-in-gavi-festival,,,,,
FestivalfavoriteArtico Festival Bra,,11 giugno - 13 giugno 2026,2026-06-11,2026-06-13,Bra,Piemonte,piemonte,Langhe e Roero,langhe-e-roero,https://sagr.it/piemonte/langhe-e-roero/eventi/artico-festival-bra,,,,,
SagrafavoriteVallera Beer,,12 giugno - 13 giugno 2026,2026-06-12,2026-06-13,Caraglio,Piemonte,piemonte,Langhe e Roero,langhe-e-roero,https://sagr.it/piemonte/langhe-e-roero/eventi/vallera-beer,,,,,
FestivalfavoriteCollisioni,Festival,14 giugno - 5 luglio 2026,2026-06-14,2026-07-05,Alba,Piemonte,piemonte,Langhe e Roero,langhe-e-roero,https://sagr.it/piemonte/langhe-e-roero/eventi/collisioni-festival,,,,,
SagrafavoriteC'è Fermento,,18 giugno - 21 giugno 2026,2026-06-18,2026-06-21,Saluzzo,Piemonte,piemonte,Langhe e Roero,langhe-e-roero,https://sagr.it/piemonte/langhe-e-roero/eventi/c-e-fermento,,,,,
Festa patronalefavoriteFesta Patronale di San Giovanni Battista - Castagnito,,19 giugno - 23 giugno 2026,2026-06-19,2026-06-23,Castagnito,Piemonte,piemonte,Langhe e Roero,langhe-e-roero,https://sagr.it/piemonte/langhe-e-roero/eventi/festa-patronale-di-san-giovanni-battista-castagnito,,,,,
SagrafavoriteSagra della patata,,19 giugno - 21 giugno 2026,2026-06-19,2026-06-21,Canale Monterano,Piemonte,piemonte,Langhe e Roero,langhe-e-roero,https://sagr.it/piemonte/langhe-e-roero/eventi/sagra-della-patata-mnab6whm,,,,,
SagrafavoriteSagra delle fettuccine,,26 giugno - 28 giugno 2026,2026-06-26,2026-06-28,Canale Monterano,Piemonte,piemonte,Langhe e Roero,langhe-e-roero,https://sagr.it/piemonte/langhe-e-roero/eventi/sagra-delle-fettuccine,,,,,
SagrafavoriteFiera carrettesca e festa del Roccaverano Dop,,27 giugno - 28 giugno 2026,2026-06-27,2026-06-28,Roccaverano,Piemonte,piemonte,Langhe e Roero,langhe-e-roero,https://sagr.it/piemonte/langhe-e-roero/eventi/fiera-carrettesca-e-festa-del-roccaverano-dop,,,,,
SagrafavoriteBARB-is barbera è&hellip; il Castellinaldo,,28 giugno 2026,2026-06-28,2026-06-28,Castellinaldo,Piemonte,piemonte,Langhe e Roero,langhe-e-roero,https://sagr.it/piemonte/langhe-e-roero/eventi/barb-is-barbera-e-il-castellinaldo,,,,,
SagrafavoriteSagra del cignale,,10 luglio - 12 luglio 2026,2026-07-10,2026-07-12,Canale Monterano,Piemonte,piemonte,Langhe e Roero,langhe-e-roero,https://sagr.it/piemonte/langhe-e-roero/eventi/sagra-del-cignale,,,,,
SagrafavoriteGoodwine,,11 luglio - 13 luglio 2026,2026-07-11,2026-07-13,Neviglie,Piemonte,piemonte,Langhe e Roero,langhe-e-roero,https://sagr.it/piemonte/langhe-e-roero/eventi/goodwine,,,,,
SagrafavoriteSagra dell’agnolotto d’la vila e del villuccio,,11 luglio - 13 luglio 2026,2026-07-11,2026-07-13,Verzuolo,Piemonte,piemonte,Langhe e Roero,langhe-e-roero,https://sagr.it/piemonte/langhe-e-roero/eventi/sagra-dell-agnolotto-d-la-vila-e-del-villuccio,,,,,
SagrafavoriteFera d'la tonda,,13 luglio 2026,2026-07-13,2026-07-13,Costigliole Saluzzo,Piemonte,piemonte,Langhe e Roero,langhe-e-roero,https://sagr.it/piemonte/langhe-e-roero/eventi/fera-d-la-tonda,,,,,
SagrafavoriteSagra della patata,,25 luglio - 30 luglio 2026,2026-07-25,2026-07-30,Mombarcaro,Piemonte,piemonte,Langhe e Roero,langhe-e-roero,https://sagr.it/piemonte/langhe-e-roero/eventi/sagra-della-patata-monaubs5,,,,,
SagrafavoriteFiera del pesco,,28 luglio - 3 agosto 2026,2026-07-28,2026-08-03,Canale,Piemonte,piemonte,Langhe e Roero,langhe-e-roero,https://sagr.it/piemonte/langhe-e-roero/eventi/fiera-del-pesco,,,,,
SagrafavoriteFiera Nuova Bue Grasso Cassinelle,,31 luglio - 3 agosto 2026,2026-07-31,2026-08-03,Cassinelle,Piemonte,piemonte,Langhe e Roero,langhe-e-roero,https://sagr.it/piemonte/langhe-e-roero/eventi/fiera-nuova-bue-grasso-cassinelle,,,,,
SagrafavoriteFiera delle patate,,5 agosto - 7 agosto 2026,2026-08-05,2026-08-07,Entracque,Piemonte,piemonte,Langhe e Roero,langhe-e-roero,https://sagr.it/piemonte/langhe-e-roero/eventi/fiera-delle-patate,,,,,
SagrafavoriteFesta del toumin del Mel,,8 agosto - 16 agosto 2026,2026-08-08,2026-08-16,Melle,Piemonte,piemonte,Langhe e Roero,langhe-e-roero,https://sagr.it/piemonte/langhe-e-roero/eventi/festa-del-toumin-del-mel,,,,,
SagrafavoriteLe Notti del Vino,,10 agosto 2026,2026-08-10,2026-08-10,Barolo,Piemonte,piemonte,Langhe e Roero,langhe-e-roero,https://sagr.it/piemonte/langhe-e-roero/eventi/le-notti-del-vino,,,,,
SagrafavoriteSagra della costata di vitello,,14 agosto - 17 agosto 2026,2026-08-14,2026-08-17,Priocca,Piemonte,piemonte,Langhe e Roero,langhe-e-roero,https://sagr.it/piemonte/langhe-e-roero/eventi/sagra-della-costata-di-vitello,,,,,
SagrafavoriteFiera Nazionale della Nocciola,,22 agosto - 30 agosto 2026,2026-08-22,2026-08-30,Cortemilia,Piemonte,piemonte,Langhe e Roero,langhe-e-roero,https://sagr.it/piemonte/langhe-e-roero/eventi/fiera-nazionale-della-nocciola,,,,,
"SagrafavoriteBra’s – Il festival della salsiccia, del formaggio, del pane e del riso di Bra",,19 settembre - 22 settembre 2026,2026-09-19,2026-09-22,Bra,Piemonte,piemonte,Langhe e Roero,langhe-e-roero,https://sagr.it/piemonte/langhe-e-roero/eventi/bra-s-il-festival-della-salsiccia-del-formaggio-del-pane-e-del-riso-di-bra,,,,,
SagrafavoriteFesta della vendemmia,,19 settembre - 20 settembre 2026,2026-09-19,2026-09-20,Serralunga d'Alba,Piemonte,piemonte,Langhe e Roero,langhe-e-roero,https://sagr.it/piemonte/langhe-e-roero/eventi/festa-della-vendemmia,,,,,
SagrafavoriteMostra Nazionale del Fungo,,19 settembre - 20 settembre 2026,2026-09-19,2026-09-20,Ceva,Piemonte,piemonte,Langhe e Roero,langhe-e-roero,https://sagr.it/piemonte/langhe-e-roero/eventi/mostra-nazionale-del-fungo,,,,,
SagrafavoriteSagra del Macagn,,27 settembre - 28 settembre 2026,2026-09-27,2026-09-28,Crocemosso,Piemonte,piemonte,Langhe e Roero,langhe-e-roero,https://sagr.it/piemonte/langhe-e-roero/eventi/sagra-del-macagn,,,,,
SagrafavoriteFiera della zucca di Piozzo,,3 ottobre - 5 ottobre 2026,2026-10-03,2026-10-05,Piozzo,Piemonte,piemonte,Langhe e Roero,langhe-e-roero,https://sagr.it/piemonte/langhe-e-roero/eventi/fiera-della-zucca-di-piozzo,,,,,
SagrafavoriteSagra della castagna e del fungo,,3 ottobre - 5 ottobre 2026,2026-10-03,2026-10-05,Rossana,Piemonte,piemonte,Langhe e Roero,langhe-e-roero,https://sagr.it/piemonte/langhe-e-roero/eventi/sagra-della-castagna-e-del-fungo,,,,,
SagrafavoriteFiera Internazionale del Tartufo Bianco d’Alba,,10 ottobre - 6 dicembre 2026,2026-10-10,2026-12-06,Alba,Piemonte,piemonte,Langhe e Roero,langhe-e-roero,https://sagr.it/piemonte/langhe-e-roero/eventi/fiera-internazionale-del-tartufo-bianco-d-alba,,,,,
SagrafavoriteSagra del crin,,11 ottobre - 12 ottobre 2026,2026-10-11,2026-10-12,Lesegno,Piemonte,piemonte,Langhe e Roero,langhe-e-roero,https://sagr.it/piemonte/langhe-e-roero/eventi/sagra-del-crin,,,,,
SagrafavoriteFesta del nuovo raccolto,,12 ottobre 2026,2026-10-12,2026-10-12,Arro,Piemonte,piemonte,Langhe e Roero,langhe-e-roero,https://sagr.it/piemonte/langhe-e-roero/eventi/festa-del-nuovo-raccolto,,,,,
FierafavoriteFiera Nazionale del Marrone,,16 ottobre - 18 ottobre 2026,2026-10-16,2026-10-18,Cuneo,Piemonte,piemonte,Langhe e Roero,langhe-e-roero,https://sagr.it/piemonte/langhe-e-roero/eventi/fiera-nazionale-del-marrone,,,,,
SagrafavoriteFesta della Castagna Venasca,,16 ottobre - 19 ottobre 2026,2026-10-16,2026-10-19,Venasca,Piemonte,piemonte,Langhe e Roero,langhe-e-roero,https://sagr.it/piemonte/langhe-e-roero/eventi/festa-della-castagna-venasca,,,,,
SagrafavoriteFiera del Sant – Fièro di Sant,,25 ottobre - 26 ottobre 2026,2026-10-25,2026-10-26,Vinadio,Piemonte,piemonte,Langhe e Roero,langhe-e-roero,https://sagr.it/piemonte/langhe-e-roero/eventi/fiera-del-sant-fiero-di-sant,,,,,
SagrafavoritePeccati di Gola – XXIX Fiera Regionale del Tartufo,,30 ottobre - 1 novembre 2026,2026-10-30,2026-11-01,Mondovì,Piemonte,piemonte,Langhe e Roero,langhe-e-roero,https://sagr.it/piemonte/langhe-e-roero/eventi/peccati-di-gola-xxix-fiera-regionale-del-tartufo,,,,,
SagrafavoriteSettimana Gastronomica de La Cisrà,,2 novembre - 9 novembre 2026,2026-11-02,2026-11-09,Dogliani,Piemonte,piemonte,Langhe e Roero,langhe-e-roero,https://sagr.it/piemonte/langhe-e-roero/eventi/settimana-gastronomica-de-la-cisra,,,,,
SagrafavoriteFiera Nazionale del Tartufo Bianco dei vini del Roero,,14 novembre - 23 novembre 2026,2026-11-14,2026-11-23,Vezza d'Alba,Piemonte,piemonte,Langhe e Roero,langhe-e-roero,https://sagr.it/piemonte/langhe-e-roero/eventi/fiera-nazionale-del-tartufo-bianco-dei-vini-del-roero,,,,,
SagrafavoriteAj a Caraj,,15 novembre - 16 novembre 2026,2026-11-15,2026-11-16,Caraglio,Piemonte,piemonte,Langhe e Roero,langhe-e-roero,https://sagr.it/piemonte/langhe-e-roero/eventi/aj-a-caraj,,,,,
SagrafavoriteFiera fredda – Fiera Nazionale della lumaca piemontese,,4 dicembre - 8 dicembre 2026,2026-12-04,2026-12-08,Borgo San Dalmazzo,Piemonte,piemonte,Langhe e Roero,langhe-e-roero,https://sagr.it/piemonte/langhe-e-roero/eventi/fiera-fredda-fiera-nazionale-della-lumaca-piemontese,,,,,
SagrafavoriteAntica Fiera Nazionale del Cappone,,13 dicembre - 14 dicembre 2026,2026-12-13,2026-12-14,Morozzo,Piemonte,piemonte,Langhe e Roero,langhe-e-roero,https://sagr.it/piemonte/langhe-e-roero/eventi/antica-fiera-nazionale-del-cappone,,,,,
SagrafavoriteFesta e Mostra Mercato del Tartufo Nero De.Co.,,8 marzo 2027,2027-03-08,2027-03-08,Scagnello,Piemonte,piemonte,Langhe e Roero,langhe-e-roero,https://sagr.it/piemonte/langhe-e-roero/eventi/festa-e-mostra-mercato-del-tartufo-nero-de-co,,,,,
SagrafavoriteSagra degli IN,,15 maggio - 16 maggio 2027,2027-05-15,2027-05-16,Cossano Belbo,Piemonte,piemonte,Langhe e Roero,langhe-e-roero,https://sagr.it/piemonte/langhe-e-roero/eventi/sagra-degli-in-cossano-belbo,,,,,
SagrafavoriteSagra della Fragola,,31 maggio 2027,2027-05-31,2027-05-31,Peveragno,Piemonte,piemonte,Langhe e Roero,langhe-e-roero,https://sagr.it/piemonte/langhe-e-roero/eventi/sagra-della-fragola,,,,,
RievocazionefavoriteVercellae Hospitales,,11 aprile - 13 aprile 2025,2025-04-11,2025-04-13,Vercelli,Piemonte,piemonte,Monferrato,monferrato,https://sagr.it/piemonte/monferrato/eventi/vercellae-hospitales,,,,,
SagrafavoriteFruttinfiore,,27 marzo - 29 marzo 2026,2026-03-27,2026-03-29,Lagnasco,Piemonte,piemonte,Monferrato,monferrato,https://sagr.it/piemonte/monferrato/eventi/fruttinfiore,,,,,
SagrafavoriteFruttinfiore Lagnasco,,27 marzo - 29 marzo 2026,2026-03-27,2026-03-29,Lagnasco,Piemonte,piemonte,Monferrato,monferrato,https://sagr.it/piemonte/monferrato/eventi/fruttinfiore-lagnasco,,,,,
Evento culturalefavoriteAcqui Terme Romana,,28 marzo 2026,2026-03-28,2026-03-28,Acqui Terme,Piemonte,piemonte,Monferrato,monferrato,https://sagr.it/piemonte/monferrato/eventi/acqui-terme-romana,,,,,
SagrafavoriteFesta del Polentone,,11 aprile - 12 aprile 2026,2026-04-11,2026-04-12,Bubbio,Piemonte,piemonte,Monferrato,monferrato,https://sagr.it/piemonte/monferrato/eventi/festa-del-polentone,,,,,
SagrafavoriteSagra del salamino,,12 aprile 2026,2026-04-12,2026-04-12,Moncestino,Piemonte,piemonte,Monferrato,monferrato,https://sagr.it/piemonte/monferrato/eventi/sagra-del-salamino,,,,,
SagrafavoritePolentone,,19 aprile 2026,2026-04-19,2026-04-19,Cassinasco,Piemonte,piemonte,Monferrato,monferrato,https://sagr.it/piemonte/monferrato/eventi/polentone,,,,,
Evento culturalefavoriteFesta del Tulipano Castiglione del Lago,,24 aprile - 2 maggio 2026,2026-04-24,2026-05-02,Castiglione del Lago,Piemonte,piemonte,Monferrato,monferrato,https://sagr.it/piemonte/monferrato/eventi/festa-del-tulipano-castiglione-del-lago,,,,,
SagrafavoriteSagra dal Cunin,,25 aprile - 10 maggio 2026,2026-04-25,2026-05-10,Castions di Strada,Piemonte,piemonte,Monferrato,monferrato,https://sagr.it/piemonte/monferrato/eventi/sagra-dal-cunin,,,,,
SagrafavoriteTerre e Cibo,,25 aprile - 26 aprile 2026,2026-04-25,2026-04-26,Cavour,Piemonte,piemonte,Monferrato,monferrato,https://sagr.it/piemonte/monferrato/eventi/terre-e-cibo,,,,,
Festa patronalefavoriteFesta di San Giorgio,,27 aprile 2026,2026-04-27,2026-04-27,Caresana,Piemonte,piemonte,Monferrato,monferrato,https://sagr.it/piemonte/monferrato/eventi/festa-di-san-giorgio-mnab6pmr,,,,,
SagrafavoriteValdichiana Wine,Festival,1 maggio - 3 maggio 2026,2026-05-01,2026-05-03,Castiglion Fiorentino,Piemonte,piemonte,Monferrato,monferrato,https://sagr.it/piemonte/monferrato/eventi/valdichiana-wine-festival,,,,,
SagrafavoriteSagra dei Legumi,,2 maggio - 3 maggio 2026,2026-05-02,2026-05-03,Albagiara,Piemonte,piemonte,Monferrato,monferrato,https://sagr.it/piemonte/monferrato/eventi/sagra-dei-legumi,,,,,
Evento culturalefavoriteSbriccolando,,3 maggio 2026,2026-05-03,2026-05-03,Valfenera,Piemonte,piemonte,Monferrato,monferrato,https://sagr.it/piemonte/monferrato/eventi/sbriccolando,,,,,
SagrafavoriteSagra del Risotto di Sessame,,3 maggio 2026,2026-05-03,2026-05-03,Sessame,Piemonte,piemonte,Monferrato,monferrato,https://sagr.it/piemonte/monferrato/eventi/sagra-del-risotto-di-sessame,,,,,
SagrafavoriteSagra dell'asparago saraceno,,3 maggio 2026,2026-05-03,2026-05-03,Vinchio,Piemonte,piemonte,Monferrato,monferrato,https://sagr.it/piemonte/monferrato/eventi/sagra-dell-asparago-saraceno,,,,,
Festa patronalefavoriteLa corsa dei buoi,,10 maggio 2026,2026-05-10,2026-05-10,Asigliano Vercellese,Piemonte,piemonte,Monferrato,monferrato,https://sagr.it/piemonte/monferrato/eventi/la-corsa-dei-buoi,,,,,
SagrafavoriteSagra delle quaquare,,11 maggio - 17 maggio 2026,2026-05-11,2026-05-17,Genola,Piemonte,piemonte,Monferrato,monferrato,https://sagr.it/piemonte/monferrato/eventi/sagra-delle-quaquare,,,,,
SagrafavoriteFesta del Ruchè,,16 maggio - 17 maggio 2026,2026-05-16,2026-05-17,Castagnole Monferrato,Piemonte,piemonte,Monferrato,monferrato,https://sagr.it/piemonte/monferrato/eventi/festa-del-ruche,,,,,
SagrafavoriteSagra dl'Articiòch,,16 maggio - 17 maggio 2026,2026-05-16,2026-05-17,Costigliole d'Asti,Piemonte,piemonte,Monferrato,monferrato,https://sagr.it/piemonte/monferrato/eventi/sagra-dl-articioch,,,,,
Festa patronalefavoriteCanelli Festa di Primavera,,17 maggio 2026,2026-05-17,2026-05-17,Canelli,Piemonte,piemonte,Monferrato,monferrato,https://sagr.it/piemonte/monferrato/eventi/canelli-festa-di-primavera,,,,,
SagrafavoriteFassona Day,,17 maggio 2026,2026-05-17,2026-05-17,Vigliano d'Asti,Piemonte,piemonte,Monferrato,monferrato,https://sagr.it/piemonte/monferrato/eventi/fassona-day,,,,,
SagrafavoriteFesta della barbera di cortile in cortile,,22 maggio - 24 maggio 2026,2026-05-22,2026-05-24,Castagnole delle Lanze,Piemonte,piemonte,Monferrato,monferrato,https://sagr.it/piemonte/monferrato/eventi/festa-della-barbera-di-cortile-in-cortile,,,,,
SagrafavoriteSagra del Pisello,,22 maggio - 24 maggio 2026,2026-05-22,2026-05-24,Roncofreddo,Piemonte,piemonte,Monferrato,monferrato,https://sagr.it/piemonte/monferrato/eventi/sagra-del-pisello,,,,,
SagrafavoriteWine Street Tasting,,22 maggio - 23 maggio 2026,2026-05-22,2026-05-23,Asti,Piemonte,piemonte,Monferrato,monferrato,https://sagr.it/piemonte/monferrato/eventi/wine-street-tasting,,,,,
SagrafavoritePane al Pane,,29 maggio - 31 maggio 2026,2026-05-29,2026-05-31,Montemagno Monferrato,Piemonte,piemonte,Monferrato,monferrato,https://sagr.it/piemonte/monferrato/eventi/pane-al-pane,,,,,
SagrafavoriteTra Piazze e Cortili,,29 maggio - 30 maggio 2026,2026-05-29,2026-05-30,Calliano Monferrato,Piemonte,piemonte,Monferrato,monferrato,https://sagr.it/piemonte/monferrato/eventi/tra-piazze-e-cortili,,,,,
EventofavoriteSu e Giù per le Colline del Mare,,31 maggio 2026,2026-05-31,2026-05-31,Vigliano d'Asti,Piemonte,piemonte,Monferrato,monferrato,https://sagr.it/piemonte/monferrato/eventi/su-e-giu-per-le-colline-del-mare,,,,,
SagrafavoriteSagra delle Fragole,,31 maggio 2026,2026-05-31,2026-05-31,Castelletto d'Erro,Piemonte,piemonte,Monferrato,monferrato,https://sagr.it/piemonte/monferrato/eventi/sagra-delle-fragole-mp8uzepc,,,,,
SagrafavoriteIl Gustadom,,5 giugno - 7 giugno 2026,2026-06-05,2026-06-07,Asti,Piemonte,piemonte,Monferrato,monferrato,https://sagr.it/piemonte/monferrato/eventi/il-gustadom,,,,,
SagrafavoriteProfumata - Menta,,5 giugno - 7 giugno 2026,2026-06-05,2026-06-07,Piovà Massaia,Piemonte,piemonte,Monferrato,monferrato,https://sagr.it/piemonte/monferrato/eventi/profumata-menta,,,,,
SagrafavoriteSagra della Tinca Gobba - Grigliatissima - Birrifici Artigianali,,5 giugno - 7 giugno 2026,2026-06-05,2026-06-07,Valfenera,Piemonte,piemonte,Monferrato,monferrato,https://sagr.it/piemonte/monferrato/eventi/sagra-della-tinca-gobba-grigliatissima-birrifici-artigianali,,,,,
RievocazionefavoritePalio dei Borghi e Giostra de l’Oca,,10 giugno - 13 giugno 2026,2026-06-10,2026-06-13,Fossano,Piemonte,piemonte,Monferrato,monferrato,https://sagr.it/piemonte/monferrato/eventi/palio-dei-borghi-e-giostra-de-l-oca,,,,,
FestivalfavoriteLa Barbera Incontra,,11 giugno - 14 giugno 2026,2026-06-11,2026-06-14,San Damiano d'Asti,Piemonte,piemonte,Monferrato,monferrato,https://sagr.it/piemonte/monferrato/eventi/la-barbera-incontra,,,,,
RievocazionefavoriteMonferrato in Tavola e Corsa delle Botti,,12 giugno - 14 giugno 2026,2026-06-12,2026-06-14,Asti,Piemonte,piemonte,Monferrato,monferrato,https://sagr.it/piemonte/monferrato/eventi/monferrato-in-tavola-e-corsa-delle-botti,,,,,
SagrafavoriteFesta del Riso,,12 giugno - 14 giugno 2026,2026-06-12,2026-06-14,Buronzo,Piemonte,piemonte,Monferrato,monferrato,https://sagr.it/piemonte/monferrato/eventi/festa-del-riso,,,,,
SagrafavoriteGusto & Cultura,,12 giugno - 14 giugno 2026,2026-06-12,2026-06-14,Antignano,Piemonte,piemonte,Monferrato,monferrato,https://sagr.it/piemonte/monferrato/eventi/gusto-cultura,,,,,
SagrafavoriteSagra d'la Panissa,,12 giugno - 14 giugno 2026,2026-06-12,2026-06-14,Caresanablot,Piemonte,piemonte,Monferrato,monferrato,https://sagr.it/piemonte/monferrato/eventi/sagra-d-la-panissa,,,,,
SagrafavoriteSagra del Raviolo Casalingo al Plin,,12 giugno - 21 giugno 2026,2026-06-12,2026-06-21,Merana,Piemonte,piemonte,Monferrato,monferrato,https://sagr.it/piemonte/monferrato/eventi/sagra-del-raviolo-casalingo-al-plin,,,,,
RievocazionefavoriteCorsa delle botti e Monferrato in Tavola,,13 giugno - 14 giugno 2026,2026-06-13,2026-06-14,Nizza Monferrato,Piemonte,piemonte,Monferrato,monferrato,https://sagr.it/piemonte/monferrato/eventi/corsa-delle-botti-e-monferrato-in-tavola,,,,,
SagrafavoriteSagra del Gran Fritto Misto di Pesce,,13 giugno - 14 giugno 2026,2026-06-13,2026-06-14,Castagnole Monferrato,Piemonte,piemonte,Monferrato,monferrato,https://sagr.it/piemonte/monferrato/eventi/sagra-del-gran-fritto-misto-di-pesce,,,,,
SagrafavoriteSagra delle Ciliegie,,14 giugno 2026,2026-06-14,2026-06-14,Garbagna,Piemonte,piemonte,Monferrato,monferrato,https://sagr.it/piemonte/monferrato/eventi/sagra-delle-ciliegie-mq9ia717,,,,,
SagrafavoriteI Giovedì di via Principe,,18 giugno - 13 agosto 2026,2026-06-18,2026-08-13,Agliano Terme,Piemonte,piemonte,Monferrato,monferrato,https://sagr.it/piemonte/monferrato/eventi/i-giovedi-di-via-principe,,,,,
SagrafavoriteSagra del Mirtillo - Moncrivello,,18 giugno - 21 giugno 2026,2026-06-18,2026-06-21,Moncrivello,Piemonte,piemonte,Monferrato,monferrato,https://sagr.it/piemonte/monferrato/eventi/sagra-del-mirtillo-moncrivello,,,,,
SagrafavoriteSagra del Mirtillo e delle Eccellenze Moncrivellesi,,18 giugno - 21 giugno 2026,2026-06-18,2026-06-21,Moncrivello,Piemonte,piemonte,Monferrato,monferrato,https://sagr.it/piemonte/monferrato/eventi/sagra-del-mirtillo-e-delle-eccellenze-moncrivellesi,,,,,
SagrafavoritePizza Festival - Pontecurone,,19 giugno - 21 giugno 2026,2026-06-19,2026-06-21,Pontecurone,Piemonte,piemonte,Monferrato,monferrato,https://sagr.it/piemonte/monferrato/eventi/pizza-festival-pontecurone,,,,,
SagrafavoriteSagra della Farinata a Montaldo Morbida,,19 giugno - 21 giugno 2026,2026-06-19,2026-06-21,Montaldo Bormida,Piemonte,piemonte,Monferrato,monferrato,https://sagr.it/piemonte/monferrato/eventi/sagra-della-farinata-a-montaldo-morbida,,,,,
Evento culturalefavoriteMalvagia – Festa del Solstizio d’Estate,,20 giugno - 21 giugno 2026,2026-06-20,2026-06-21,Casorzo,Piemonte,piemonte,Monferrato,monferrato,https://sagr.it/piemonte/monferrato/eventi/malvagia-festa-del-solstizio-d-estate,,,,,
SagrafavoriteFesta Avisina e Sagra del Pesce,,20 giugno - 21 giugno 2026,2026-06-20,2026-06-21,Castelletto Monferrato,Piemonte,piemonte,Monferrato,monferrato,https://sagr.it/piemonte/monferrato/eventi/festa-avisina-e-sagra-del-pesce,,,,,
SagrafavoriteFesta delle Cucine Monferrine,,20 giugno - 21 giugno 2026,2026-06-20,2026-06-21,Moncalvo,Piemonte,piemonte,Monferrato,monferrato,https://sagr.it/piemonte/monferrato/eventi/festa-delle-cucine-monferrine,,,,,
FestivalfavoriteAcqui in Palcoscenico,,21 giugno - 5 luglio 2026,2026-06-21,2026-07-05,Acqui Terme,Piemonte,piemonte,Monferrato,monferrato,https://sagr.it/piemonte/monferrato/eventi/acqui-in-palcoscenico,,,,,
SagrafavoriteFESTA DEI VINI DELL’ALTA VAL PETRONIO,,21 giugno 2026,2026-06-21,2026-06-21,CASTIGLIONE CHIAVARESE,Piemonte,piemonte,Monferrato,monferrato,https://sagr.it/piemonte/monferrato/eventi/festa-dei-vini-dell-alta-val-petronio,,,,,
Evento culturalefavoriteVignale in Danza,,24 giugno - 2 novembre 2026,2026-06-24,2026-11-02,Vignale Monferrato,Piemonte,piemonte,Monferrato,monferrato,https://sagr.it/piemonte/monferrato/eventi/vignale-in-danza,,,,,
Festa patronalefavoriteFesta Patronale di San Pietro,,25 giugno - 4 luglio 2026,2026-06-25,2026-07-04,Gaglianico,Piemonte,piemonte,Monferrato,monferrato,https://sagr.it/piemonte/monferrato/eventi/festa-patronale-di-san-pietro,,,,,
SagrafavoriteSagra dei Sicot a Quattordio,,25 giugno - 30 giugno 2026,2026-06-25,2026-06-30,Quattordio,Piemonte,piemonte,Monferrato,monferrato,https://sagr.it/piemonte/monferrato/eventi/sagra-dei-sicot-a-quattordio,,,,,
FestivalfavoriteLessona Summer,Festival,26 giugno - 19 luglio 2026,2026-06-26,2026-07-19,Lessona,Piemonte,piemonte,Monferrato,monferrato,https://sagr.it/piemonte/monferrato/eventi/lessona-summer-festival,,,,,
SagrafavoriteSagra dell'agnolotto d'asino,,26 giugno - 28 giugno 2026,2026-06-26,2026-06-28,Calliano,Piemonte,piemonte,Monferrato,monferrato,https://sagr.it/piemonte/monferrato/eventi/sagra-dell-agnolotto-d-asino,,,,,
SagrafavoriteMalfatti in Piazza,,27 giugno 2026,2026-06-27,2026-06-27,Momperone,Piemonte,piemonte,Monferrato,monferrato,https://sagr.it/piemonte/monferrato/eventi/malfatti-in-piazza,,,,,
SagrafavoriteSagra degli Gnocchi,,3 luglio - 5 luglio 2026,2026-07-03,2026-07-05,Borgoratto Alessandrino,Piemonte,piemonte,Monferrato,monferrato,https://sagr.it/piemonte/monferrato/eventi/sagra-degli-gnocchi-mnq776bm,,,,,
SagrafavoriteSagra della Salsiccia,,3 luglio - 5 luglio 2026,2026-07-03,2026-07-05,Castelnuovo Don Bosco,Piemonte,piemonte,Monferrato,monferrato,https://sagr.it/piemonte/monferrato/eventi/sagra-della-salsiccia-mqd0uhte,,,,,
SagrafavoriteSagra della sautissa,,4 luglio - 6 luglio 2026,2026-07-04,2026-07-06,Castelnuovo Don Bosco,Piemonte,piemonte,Monferrato,monferrato,https://sagr.it/piemonte/monferrato/eventi/sagra-della-sautissa,,,,,
SagrafavoriteCanelli Città del Vino,,10 luglio - 11 luglio 2026,2026-07-10,2026-07-11,Canelli,Piemonte,piemonte,Monferrato,monferrato,https://sagr.it/piemonte/monferrato/eventi/canelli-citta-del-vino,,,,,
SagrafavoriteA spass per Muncastè - Sagra nel Bosco,,11 luglio - 12 luglio 2026,2026-07-11,2026-07-12,Montecastello,Piemonte,piemonte,Monferrato,monferrato,https://sagr.it/piemonte/monferrato/eventi/a-spass-per-muncaste-sagra-nel-bosco,,,,,
SagrafavoriteSagra del vitello fassone piemontese,,17 luglio - 19 luglio 2026,2026-07-17,2026-07-19,Crivelle,Piemonte,piemonte,Monferrato,monferrato,https://sagr.it/piemonte/monferrato/eventi/sagra-del-vitello-fassone-piemontese,,,,,
SagrafavoriteSagra del pesce e del cortese,,19 luglio - 27 luglio 2026,2026-07-19,2026-07-27,Gavazzana,Piemonte,piemonte,Monferrato,monferrato,https://sagr.it/piemonte/monferrato/eventi/sagra-del-pesce-e-del-cortese,,,,,
SagrafavoriteFesta itinerante del salame,,20 luglio 2026,2026-07-20,2026-07-20,Monleale,Piemonte,piemonte,Monferrato,monferrato,https://sagr.it/piemonte/monferrato/eventi/festa-itinerante-del-salame,,,,,
SagrafavoriteSagra du Taraddhru...e contorni,,20 luglio - 22 luglio 2026,2026-07-20,2026-07-22,Castiglione,Piemonte,piemonte,Monferrato,monferrato,https://sagr.it/piemonte/monferrato/eventi/sagra-du-taraddhru-e-contorni,,,,,
SagrafavoriteSagra del fritto misto alla Gorzanese,,25 luglio - 30 luglio 2026,2026-07-25,2026-07-30,Gorzano (San Damiano d'Asti),Piemonte,piemonte,Monferrato,monferrato,https://sagr.it/piemonte/monferrato/eventi/sagra-del-fritto-misto-alla-gorzanese,,,,,
RievocazionefavoriteFESTA DELLA TREBBIATURA,,26 luglio 2026,2026-07-26,2026-07-26,CASTIGLIONE CHIAVARESE,Piemonte,piemonte,Monferrato,monferrato,https://sagr.it/piemonte/monferrato/eventi/festa-della-trebbiatura,,,,,
SagrafavoriteFiera Nuova del Bue Grasso,,31 luglio - 2 agosto 2026,2026-07-31,2026-08-02,Cassinelle,Piemonte,piemonte,Monferrato,monferrato,https://sagr.it/piemonte/monferrato/eventi/fiera-nuova-del-bue-grasso,,,,,
SagrafavoriteSagra del mais,,1 agosto - 3 agosto 2026,2026-08-01,2026-08-03,Motta de' Conti,Piemonte,piemonte,Monferrato,monferrato,https://sagr.it/piemonte/monferrato/eventi/sagra-del-mais,,,,,
SagrafavoriteSagra del peperone quadrato d'Asti,,1 agosto - 4 agosto 2026,2026-08-01,2026-08-04,Costigliole d'Asti,Piemonte,piemonte,Monferrato,monferrato,https://sagr.it/piemonte/monferrato/eventi/sagra-del-peperone-quadrato-d-asti,,,,,
SagrafavoriteStramaialata - Sagra del mangiar bene,,4 agosto - 9 agosto 2026,2026-08-04,2026-08-09,Castiglione del Lago,Piemonte,piemonte,Monferrato,monferrato,https://sagr.it/piemonte/monferrato/eventi/stramaialata-sagra-del-mangiar-bene,,,,,
SagrafavoriteSagra del bollito misto con Bagnet,,6 agosto - 13 agosto 2026,2026-08-06,2026-08-13,Mantovana,Piemonte,piemonte,Monferrato,monferrato,https://sagr.it/piemonte/monferrato/eventi/sagra-del-bollito-misto-con-bagnet,,,,,
SagrafavoriteFesta dell'agnolotto e della tinca in carpione,,7 agosto - 10 agosto 2026,2026-08-07,2026-08-10,Cantarana,Piemonte,piemonte,Monferrato,monferrato,https://sagr.it/piemonte/monferrato/eventi/festa-dell-agnolotto-e-della-tinca-in-carpione,,,,,
SagrafavoriteSagra della cipolla,,12 agosto 2026,2026-08-12,2026-08-12,Treschietto,Piemonte,piemonte,Monferrato,monferrato,https://sagr.it/piemonte/monferrato/eventi/sagra-della-cipolla,,,,,
SagrafavoriteSagra dei salamini d'asino,,14 agosto - 21 agosto 2026,2026-08-14,2026-08-21,Castelferro,Piemonte,piemonte,Monferrato,monferrato,https://sagr.it/piemonte/monferrato/eventi/sagra-dei-salamini-d-asino,,,,,
SagrafavoriteSagra d&rsquo;la Panissa,,21 agosto - 27 agosto 2026,2026-08-21,2026-08-27,Vercelli,Piemonte,piemonte,Monferrato,monferrato,https://sagr.it/piemonte/monferrato/eventi/sagra-d-la-panissa-2,,,,,
SagrafavoriteSagra del peperone,,28 agosto - 6 settembre 2026,2026-08-28,2026-09-06,Costigliole d'Asti,Piemonte,piemonte,Monferrato,monferrato,https://sagr.it/piemonte/monferrato/eventi/sagra-del-peperone,,,,,
SagrafavoriteFesta dell’Uva di Gattinara – LUVA,,4 settembre - 6 settembre 2026,2026-09-04,2026-09-06,Gattinara,Piemonte,piemonte,Monferrato,monferrato,https://sagr.it/piemonte/monferrato/eventi/festa-dell-uva-di-gattinara-luva,,,,,
Festa patronalefavoriteFesta delle Feste,,5 settembre - 6 settembre 2026,2026-09-05,2026-09-06,Acqui Terme,Piemonte,piemonte,Monferrato,monferrato,https://sagr.it/piemonte/monferrato/eventi/festa-delle-feste,,,,,
SagrafavoriteCocco…Wine,,5 settembre - 6 settembre 2026,2026-09-05,2026-09-06,Cocconato,Piemonte,piemonte,Monferrato,monferrato,https://sagr.it/piemonte/monferrato/eventi/cocco-wine,,,,,
SagrafavoriteLUVA,,5 settembre - 7 settembre 2026,2026-09-05,2026-09-07,Gattinara,Piemonte,piemonte,Monferrato,monferrato,https://sagr.it/piemonte/monferrato/eventi/luva,,,,,
SagrafavoriteAmè l’Amèl – Festival dei Mieli,,10 settembre - 13 settembre 2026,2026-09-10,2026-09-13,Sommariva del Bosco,Piemonte,piemonte,Monferrato,monferrato,https://sagr.it/piemonte/monferrato/eventi/ame-l-amel-festival-dei-mieli,,,,,
SagrafavoriteRisò &ndash; Festival Internazionale del Riso,,11 settembre - 14 settembre 2026,2026-09-11,2026-09-14,Vercelli,Piemonte,piemonte,Monferrato,monferrato,https://sagr.it/piemonte/monferrato/eventi/riso-festival-internazionale-del-riso,,,,,
SagrafavoriteFestival delle Sagre Asti,,12 settembre - 13 settembre 2026,2026-09-12,2026-09-13,Asti,Piemonte,piemonte,Monferrato,monferrato,https://sagr.it/piemonte/monferrato/eventi/festival-delle-sagre-asti,,,,,
SagrafavoriteFesta del Vino Casale Monferrato,,18 settembre - 27 settembre 2026,2026-09-18,2026-09-27,Casale Monferrato,Piemonte,piemonte,Monferrato,monferrato,https://sagr.it/piemonte/monferrato/eventi/festa-del-vino-casale-monferrato,,,,,
RievocazionefavoriteFiera del Plaisentif,,20 settembre 2026,2026-09-20,2026-09-20,Poggio Oddone,Piemonte,piemonte,Monferrato,monferrato,https://sagr.it/piemonte/monferrato/eventi/fiera-del-plaisentif,,,,,
SagrafavoriteLa Zucca delle Meraviglie,,26 settembre - 28 settembre 2026,2026-09-26,2026-09-28,Piea,Piemonte,piemonte,Monferrato,monferrato,https://sagr.it/piemonte/monferrato/eventi/la-zucca-delle-meraviglie,,,,,
SagrafavoriteSagra della Patata,,28 settembre 2026,2026-09-28,2026-09-28,Magnano,Piemonte,piemonte,Monferrato,monferrato,https://sagr.it/piemonte/monferrato/eventi/sagra-della-patata-mqljojv6,,,,,
SagrafavoriteFiera Regionale della Zucca,,2 ottobre - 4 ottobre 2026,2026-10-02,2026-10-04,Piozzo,Piemonte,piemonte,Monferrato,monferrato,https://sagr.it/piemonte/monferrato/eventi/fiera-regionale-della-zucca,,,,,
SagrafavoriteElogio della bionda,,3 ottobre - 5 ottobre 2026,2026-10-03,2026-10-05,Villanova d'Asti,Piemonte,piemonte,Monferrato,monferrato,https://sagr.it/piemonte/monferrato/eventi/elogio-della-bionda,,,,,
SagrafavoriteFesta della Bagna Caöda,,8 ottobre - 13 ottobre 2026,2026-10-08,2026-10-13,Faule,Piemonte,piemonte,Monferrato,monferrato,https://sagr.it/piemonte/monferrato/eventi/festa-della-bagna-ca-ouml-da,,,,,
SagrafavoriteVignale Autunno Divino,,9 ottobre - 11 ottobre 2026,2026-10-09,2026-10-11,Vignale Monferrato,Piemonte,piemonte,Monferrato,monferrato,https://sagr.it/piemonte/monferrato/eventi/vignale-autunno-divino,,,,,
SagrafavoritePaletta e dintorni,,11 ottobre - 12 ottobre 2026,2026-10-11,2026-10-12,Coggiola,Piemonte,piemonte,Monferrato,monferrato,https://sagr.it/piemonte/monferrato/eventi/paletta-e-dintorni,,,,,
SagrafavoriteSapori d’autunno,,11 ottobre - 19 ottobre 2026,2026-10-11,2026-10-19,Costigliole d'Asti,Piemonte,piemonte,Monferrato,monferrato,https://sagr.it/piemonte/monferrato/eventi/sapori-d-autunno-mqljokvo,,,,,
SagrafavoriteSagra del fagiolo di Saluggia,,16 ottobre - 18 ottobre 2026,2026-10-16,2026-10-18,Saluggia,Piemonte,piemonte,Monferrato,monferrato,https://sagr.it/piemonte/monferrato/eventi/sagra-del-fagiolo-di-saluggia,,,,,
SagrafavoriteSagra della Bagna Cauda,,16 ottobre - 19 ottobre 2026,2026-10-16,2026-10-19,Belveglio,Piemonte,piemonte,Monferrato,monferrato,https://sagr.it/piemonte/monferrato/eventi/sagra-della-bagna-cauda,,,,,
SagrafavoriteFiera del rapulé,,17 ottobre - 19 ottobre 2026,2026-10-17,2026-10-19,Calosso,Piemonte,piemonte,Monferrato,monferrato,https://sagr.it/piemonte/monferrato/eventi/fiera-del-rapule,,,,,
SagrafavoriteFerrere Miele – Fiera del Miele e prodotti tipici,,19 ottobre 2026,2026-10-19,2026-10-19,Ferrere,Piemonte,piemonte,Monferrato,monferrato,https://sagr.it/piemonte/monferrato/eventi/ferrere-miele-fiera-del-miele-e-prodotti-tipici,,,,,
SagrafavoriteSagra del Cardo Gobbo e della Barbera,,25 ottobre - 26 ottobre 2026,2026-10-25,2026-10-26,Incisa Scapaccino,Piemonte,piemonte,Monferrato,monferrato,https://sagr.it/piemonte/monferrato/eventi/sagra-del-cardo-gobbo-e-della-barbera,,,,,
SagrafavoriteFiera di San Carlo,,2 novembre 2026,2026-11-02,2026-11-02,Nizza Monferrato,Piemonte,piemonte,Monferrato,monferrato,https://sagr.it/piemonte/monferrato/eventi/fiera-di-san-carlo,,,,,
SagrafavoriteFiera nazionale del Tartufo,,2 novembre - 3 novembre 2026,2026-11-02,2026-11-03,San Damiano d'Asti,Piemonte,piemonte,Monferrato,monferrato,https://sagr.it/piemonte/monferrato/eventi/fiera-nazionale-del-tartufo,,,,,
SagrafavoriteFiera del Porro Cervere,,7 novembre - 22 novembre 2026,2026-11-07,2026-11-22,Cervere,Piemonte,piemonte,Monferrato,monferrato,https://sagr.it/piemonte/monferrato/eventi/fiera-del-porro-cervere,,,,,
SagrafavoriteFiera di San Baudolino – Mostra del Tartufo,,7 novembre - 8 novembre 2026,2026-11-07,2026-11-08,Alessandria,Piemonte,piemonte,Monferrato,monferrato,https://sagr.it/piemonte/monferrato/eventi/fiera-di-san-baudolino-mostra-del-tartufo,,,,,
SagrafavoriteGrande Bagna Cauda,,15 novembre - 16 novembre 2026,2026-11-15,2026-11-16,Villa San Secondo,Piemonte,piemonte,Monferrato,monferrato,https://sagr.it/piemonte/monferrato/eventi/grande-bagna-cauda,,,,,
SagrafavoriteFiera nazionale del tartufo Trifola D’or,,16 novembre - 23 novembre 2026,2026-11-16,2026-11-23,Murisengo,Piemonte,piemonte,Monferrato,monferrato,https://sagr.it/piemonte/monferrato/eventi/fiera-nazionale-del-tartufo-trifola-d-or,,,,,
SagrafavoriteBagna Cauda Day,,21 novembre - 30 novembre 2026,2026-11-21,2026-11-30,Asti,Piemonte,piemonte,Monferrato,monferrato,https://sagr.it/piemonte/monferrato/eventi/bagna-cauda-day,,,,,
SagrafavoriteFiera del tartufo,,22 novembre 2026,2026-11-22,2026-11-22,Castelnuovo Don Bosco,Piemonte,piemonte,Monferrato,monferrato,https://sagr.it/piemonte/monferrato/eventi/fiera-del-tartufo,,,,,
SagrafavoriteFiera Nazionale del Bue Grasso,,1 dicembre - 31 dicembre 2026,2026-12-01,2026-12-31,Carrù,Piemonte,piemonte,Monferrato,monferrato,https://sagr.it/piemonte/monferrato/eventi/fiera-nazionale-del-bue-grasso,,,,,
SagrafavoriteFiera Nazionale di Sua Maestà il Bue Grasso,,1 dicembre - 31 dicembre 2026,2026-12-01,2026-12-31,Moncalvo,Piemonte,piemonte,Monferrato,monferrato,https://sagr.it/piemonte/monferrato/eventi/fiera-nazionale-di-sua-maesta-il-bue-grasso,,,,,
SagrafavoriteFiera Regionale del Bue Grasso di Montechiaro d’Acqui,,8 dicembre 2026,2026-12-08,2026-12-08,Montechiaro d'Acqui,Piemonte,piemonte,Monferrato,monferrato,https://sagr.it/piemonte/monferrato/eventi/fiera-regionale-del-bue-grasso-di-montechiaro-d-acqui,,,,,
SagrafavoriteFiera del bue grasso,,10 dicembre 2026,2026-12-10,2026-12-10,Moncalvo,Piemonte,piemonte,Monferrato,monferrato,https://sagr.it/piemonte/monferrato/eventi/fiera-del-bue-grasso,,,,,
Evento culturalefavoriteSparone Folk Festival e Mostra Agricola e Forestale Mac Bosc,,6 marzo - 28 marzo 2026,2026-03-06,2026-03-28,Sparone,Piemonte,piemonte,Torino e Dintorni,torino-e-dintorni,https://sagr.it/piemonte/torino-e-dintorni/eventi/sparone-folk-festival-e-mostra-agricola-e-forestale-mac-bosc,,,,,
Evento culturalefavoriteAll’ombra dei ciliegi in fiore,,19 marzo - 1 aprile 2026,2026-03-19,2026-04-01,Venaria Reale,Piemonte,piemonte,Torino e Dintorni,torino-e-dintorni,https://sagr.it/piemonte/torino-e-dintorni/eventi/all-ombra-dei-ciliegi-in-fiore,,,,,
Evento culturalefavoriteMesser Tulipano,,28 marzo - 26 aprile 2026,2026-03-28,2026-04-26,Pralormo,Piemonte,piemonte,Torino e Dintorni,torino-e-dintorni,https://sagr.it/piemonte/torino-e-dintorni/eventi/messer-tulipano,,,,,
SagrafavoriteGrigliata di Pasquetta,,6 aprile 2026,2026-04-06,2026-04-06,Baldissero Canavese,Piemonte,piemonte,Torino e Dintorni,torino-e-dintorni,https://sagr.it/piemonte/torino-e-dintorni/eventi/grigliata-di-pasquetta,,,,,
Evento culturalefavoriteExposed Torino Photo,Festival,9 aprile - 2 giugno 2026,2026-04-09,2026-06-02,Torino,Piemonte,piemonte,Torino e Dintorni,torino-e-dintorni,https://sagr.it/piemonte/torino-e-dintorni/eventi/exposed-torino-photo-festival,,,,,
SagrafavoriteMiel’é – Salone del Miele,,11 aprile - 12 aprile 2026,2026-04-11,2026-04-12,Moncalieri,Piemonte,piemonte,Torino e Dintorni,torino-e-dintorni,https://sagr.it/piemonte/torino-e-dintorni/eventi/miel-e-salone-del-miele,,,,,
Evento culturalefavoriteCamminata fra i Ciliegi in Fiore,,12 aprile 2026,2026-04-12,2026-04-12,Pecetto Torinese,Piemonte,piemonte,Torino e Dintorni,torino-e-dintorni,https://sagr.it/piemonte/torino-e-dintorni/eventi/camminata-fra-i-ciliegi-in-fiore,,,,,
MercatofavoriteOrtoflora & Natura Carmagnola,,12 aprile 2026,2026-04-12,2026-04-12,Carmagnola,Piemonte,piemonte,Torino e Dintorni,torino-e-dintorni,https://sagr.it/piemonte/torino-e-dintorni/eventi/ortoflora-natura-carmagnola,,,,,
SagrafavoriteFiera del Buon Gusto Salassa,,12 aprile 2026,2026-04-12,2026-04-12,Salassa,Piemonte,piemonte,Torino e Dintorni,torino-e-dintorni,https://sagr.it/piemonte/torino-e-dintorni/eventi/fiera-del-buon-gusto-salassa,,,,,
Evento culturalefavoriteDroneArt Show Torino,,17 aprile - 18 aprile 2026,2026-04-17,2026-04-18,Torino,Piemonte,piemonte,Torino e Dintorni,torino-e-dintorni,https://sagr.it/piemonte/torino-e-dintorni/eventi/droneart-show-torino,,,,,
SagrafavoriteSagra del Torcetto,,18 aprile - 19 aprile 2026,2026-04-18,2026-04-19,Agliè,Piemonte,piemonte,Torino e Dintorni,torino-e-dintorni,https://sagr.it/piemonte/torino-e-dintorni/eventi/sagra-del-torcetto,,,,,
SagrafavoriteSagra del Gorgonzola di Cavallermaggiore,,23 aprile - 3 maggio 2026,2026-04-23,2026-05-03,Cavallermaggiore,Piemonte,piemonte,Torino e Dintorni,torino-e-dintorni,https://sagr.it/piemonte/torino-e-dintorni/eventi/sagra-del-gorgonzola-di-cavallermaggiore,,,,,
SagrafavoriteSagra del gorgonzola,,23 aprile - 3 maggio 2026,2026-04-23,2026-05-03,Cavallermaggiore,Piemonte,piemonte,Torino e Dintorni,torino-e-dintorni,https://sagr.it/piemonte/torino-e-dintorni/eventi/sagra-del-gorgonzola-mna3j6tm,,,,,
SagrafavoriteSagra delle Rane,,24 aprile - 2 maggio 2026,2026-04-24,2026-05-02,San Ponso,Piemonte,piemonte,Torino e Dintorni,torino-e-dintorni,https://sagr.it/piemonte/torino-e-dintorni/eventi/sagra-delle-rane-moor2cdm,,,,,
FestivalfavoriteTorino Jazz,Festival,25 aprile - 2 maggio 2026,2026-04-25,2026-05-02,Torino,Piemonte,piemonte,Torino e Dintorni,torino-e-dintorni,https://sagr.it/piemonte/torino-e-dintorni/eventi/torino-jazz-festival,,,,,
SagrafavoriteCarne di razza piemontese - Cavour Carne,,25 aprile - 26 aprile 2026,2026-04-25,2026-04-26,Cavour,Piemonte,piemonte,Torino e Dintorni,torino-e-dintorni,https://sagr.it/piemonte/torino-e-dintorni/eventi/carne-di-razza-piemontese-cavour-carne,,,,,
Festa patronalefavoriteFesta Patronale di San Vittore,,7 maggio - 12 maggio 2026,2026-05-07,2026-05-12,Asigliano Vercellese,Piemonte,piemonte,Torino e Dintorni,torino-e-dintorni,https://sagr.it/piemonte/torino-e-dintorni/eventi/festa-patronale-di-san-vittore,,,,,
SagrafavoriteFesta del Fritto Misto alla Piemontese,,8 maggio - 10 maggio 2026,2026-05-08,2026-05-10,Caluso,Piemonte,piemonte,Torino e Dintorni,torino-e-dintorni,https://sagr.it/piemonte/torino-e-dintorni/eventi/festa-del-fritto-misto-alla-piemontese,,,,,
SagrafavoriteSalone del Gin Moncalieri,,8 maggio - 9 maggio 2026,2026-05-08,2026-05-09,Moncalieri,Piemonte,piemonte,Torino e Dintorni,torino-e-dintorni,https://sagr.it/piemonte/torino-e-dintorni/eventi/salone-del-gin-moncalieri,,,,,
SagrafavoriteFiera della tinca e dell'asparago,,10 maggio 2026,2026-05-10,2026-05-10,Poirino,Piemonte,piemonte,Torino e Dintorni,torino-e-dintorni,https://sagr.it/piemonte/torino-e-dintorni/eventi/fiera-della-tinca-e-dell-asparago,,,,,
SagrafavoriteSagra del canestrello,,10 maggio 2026,2026-05-10,2026-05-10,Vaie,Piemonte,piemonte,Torino e Dintorni,torino-e-dintorni,https://sagr.it/piemonte/torino-e-dintorni/eventi/sagra-del-canestrello,,,,,
Evento culturalefavoriteSalone Internazionale del Libro di Torino,,14 maggio - 18 maggio 2026,2026-05-14,2026-05-18,Torino,Piemonte,piemonte,Torino e Dintorni,torino-e-dintorni,https://sagr.it/piemonte/torino-e-dintorni/eventi/salone-internazionale-del-libro-di-torino,,,,,
SagrafavoriteSagra dell’Asparago,,15 maggio - 24 maggio 2026,2026-05-15,2026-05-24,Santena,Piemonte,piemonte,Torino e Dintorni,torino-e-dintorni,https://sagr.it/piemonte/torino-e-dintorni/eventi/sagra-dell-asparago,,,,,
SagrafavoriteFesta delle Fragole,,22 maggio - 24 maggio 2026,2026-05-22,2026-05-24,San Mauro Torinese,Piemonte,piemonte,Torino e Dintorni,torino-e-dintorni,https://sagr.it/piemonte/torino-e-dintorni/eventi/festa-delle-fragole,,,,,
SagrafavoriteSagra della fritüra dusa e del vino morenico,,22 maggio - 24 maggio 2026,2026-05-22,2026-05-24,Cuceglio,Piemonte,piemonte,Torino e Dintorni,torino-e-dintorni,https://sagr.it/piemonte/torino-e-dintorni/eventi/sagra-della-fritura-dusa-e-del-vino-morenico,,,,,
SagrafavoriteDi Fresia in Fresia,,23 maggio - 24 maggio 2026,2026-05-23,2026-05-24,Chieri,Piemonte,piemonte,Torino e Dintorni,torino-e-dintorni,https://sagr.it/piemonte/torino-e-dintorni/eventi/di-fresia-in-fresia,,,,,
SagrafavoriteFesta dell'Ascensione,,29 maggio - 7 giugno 2026,2026-05-29,2026-06-07,Baldissero Canavese,Piemonte,piemonte,Torino e Dintorni,torino-e-dintorni,https://sagr.it/piemonte/torino-e-dintorni/eventi/festa-dell-ascensione,,,,,
SagrafavoriteSagra del Gorgonzola,,29 maggio - 31 maggio 2026,2026-05-29,2026-05-31,Cameri,Piemonte,piemonte,Torino e Dintorni,torino-e-dintorni,https://sagr.it/piemonte/torino-e-dintorni/eventi/sagra-del-gorgonzola,,,,,
SagrafavoriteFestival del Gelato Italiano,,4 giugno - 7 giugno 2026,2026-06-04,2026-06-07,Rivara,Piemonte,piemonte,Torino e Dintorni,torino-e-dintorni,https://sagr.it/piemonte/torino-e-dintorni/eventi/festival-del-gelato-italiano,,,,,
SagrafavoriteFesta delle Ciliegie,,5 giugno - 14 giugno 2026,2026-06-05,2026-06-14,Pecetto Torinese,Piemonte,piemonte,Torino e Dintorni,torino-e-dintorni,https://sagr.it/piemonte/torino-e-dintorni/eventi/festa-delle-ciliegie,,,,,
SagrafavoriteLa ciliegiata,,5 giugno - 7 giugno 2026,2026-06-05,2026-06-07,Villar Dora,Piemonte,piemonte,Torino e Dintorni,torino-e-dintorni,https://sagr.it/piemonte/torino-e-dintorni/eventi/la-ciliegiata,,,,,
SagrafavoriteCarbonara Night,,11 giugno 2026,2026-06-11,2026-06-11,Torino,Piemonte,piemonte,Torino e Dintorni,torino-e-dintorni,https://sagr.it/piemonte/torino-e-dintorni/eventi/carbonara-night,,,,,
SagrafavoriteGin & Tonic,Festival,12 giugno - 14 giugno 2026,2026-06-12,2026-06-14,Torino,Piemonte,piemonte,Torino e Dintorni,torino-e-dintorni,https://sagr.it/piemonte/torino-e-dintorni/eventi/gin-tonic-festival,,,,,
RievocazionefavoritePalio Storico dei Borghi di Avigliana,,13 giugno 2026,2026-06-13,2026-06-13,Avigliana,Piemonte,piemonte,Torino e Dintorni,torino-e-dintorni,https://sagr.it/piemonte/torino-e-dintorni/eventi/palio-storico-dei-borghi-di-avigliana,,,,,
Evento culturalefavoriteFormula Pedali,,14 giugno 2026,2026-06-14,2026-06-14,Carignano,Piemonte,piemonte,Torino e Dintorni,torino-e-dintorni,https://sagr.it/piemonte/torino-e-dintorni/eventi/formula-pedali,,,,,
SagrafavoriteSagra del Cossot,,14 giugno 2026,2026-06-14,2026-06-14,Foglizzo,Piemonte,piemonte,Torino e Dintorni,torino-e-dintorni,https://sagr.it/piemonte/torino-e-dintorni/eventi/sagra-del-cossot,,,,,
SagrafavoriteSagra del Cossot - La Loggia,,14 giugno 2026,2026-06-14,2026-06-14,La Loggia,Piemonte,piemonte,Torino e Dintorni,torino-e-dintorni,https://sagr.it/piemonte/torino-e-dintorni/eventi/sagra-del-cossot-la-loggia,,,,,
Evento culturalefavoriteElfFest - Festival del Popolo Fatato,,19 giugno - 21 giugno 2026,2026-06-19,2026-06-21,Lanzo Torinese,Piemonte,piemonte,Torino e Dintorni,torino-e-dintorni,https://sagr.it/piemonte/torino-e-dintorni/eventi/elffest-festival-del-popolo-fatato,,,,,
Evento culturalefavoriteElfFest Lanzo Torinese,,19 giugno - 21 giugno 2026,2026-06-19,2026-06-21,Lanzo Torinese,Piemonte,piemonte,Torino e Dintorni,torino-e-dintorni,https://sagr.it/piemonte/torino-e-dintorni/eventi/elffest-lanzo-torinese,,,,,
SagrafavoriteFesta Pugliese,,19 giugno - 21 giugno 2026,2026-06-19,2026-06-21,Rivalta di Torino,Piemonte,piemonte,Torino e Dintorni,torino-e-dintorni,https://sagr.it/piemonte/torino-e-dintorni/eventi/festa-pugliese,,,,,
Festa patronalefavoriteFesta di San Giovanni,,20 giugno - 24 giugno 2026,2026-06-20,2026-06-24,Torino,Piemonte,piemonte,Torino e Dintorni,torino-e-dintorni,https://sagr.it/piemonte/torino-e-dintorni/eventi/festa-di-san-giovanni,,,,,
FestivalfavoriteFesta della Musica,,20 giugno - 11 luglio 2026,2026-06-20,2026-07-11,Moriondo Torinese,Piemonte,piemonte,Torino e Dintorni,torino-e-dintorni,https://sagr.it/piemonte/torino-e-dintorni/eventi/festa-della-musica,,,,,
SagrafavoriteSagra del Salame di Turgia,,26 giugno - 29 giugno 2026,2026-06-26,2026-06-29,Cirié,Piemonte,piemonte,Torino e Dintorni,torino-e-dintorni,https://sagr.it/piemonte/torino-e-dintorni/eventi/sagra-del-salame-di-turgia,,,,,
FestivalfavoritePasta Music Fest,,2 luglio - 26 luglio 2026,2026-07-02,2026-07-26,Vinovo,Piemonte,piemonte,Torino e Dintorni,torino-e-dintorni,https://sagr.it/piemonte/torino-e-dintorni/eventi/pasta-music-fest,,,,,
SagrafavoritePiscina Beer,Festival,2 luglio - 5 luglio 2026,2026-07-02,2026-07-05,Piscina,Piemonte,piemonte,Torino e Dintorni,torino-e-dintorni,https://sagr.it/piemonte/torino-e-dintorni/eventi/piscina-beer-festival,,,,,
FestivalfavoriteKappa Futur,Festival,3 luglio - 5 luglio 2026,2026-07-03,2026-07-05,Torino,Piemonte,piemonte,Torino e Dintorni,torino-e-dintorni,https://sagr.it/piemonte/torino-e-dintorni/eventi/kappa-futurfestival,,,,,
SagrafavoriteSagra dei Cannelloni,,3 luglio - 5 luglio 2026,2026-07-03,2026-07-05,Cameri,Piemonte,piemonte,Torino e Dintorni,torino-e-dintorni,https://sagr.it/piemonte/torino-e-dintorni/eventi/sagra-dei-cannelloni,,,,,
SagrafavoriteSagra della Costina - Bricherasio,,3 luglio - 6 luglio 2026,2026-07-03,2026-07-06,Bricherasio,Piemonte,piemonte,Torino e Dintorni,torino-e-dintorni,https://sagr.it/piemonte/torino-e-dintorni/eventi/sagra-della-costina-bricherasio,,,,,
SagrafavoriteSan Pietro d'Estate,,3 luglio - 5 luglio 2026,2026-07-03,2026-07-05,San Pietro Val Lemina,Piemonte,piemonte,Torino e Dintorni,torino-e-dintorni,https://sagr.it/piemonte/torino-e-dintorni/eventi/san-pietro-d-estate,,,,,
Festa patronalefavoriteFesta di San Savino,,4 luglio - 7 luglio 2026,2026-07-04,2026-07-07,Ivrea,Piemonte,piemonte,Torino e Dintorni,torino-e-dintorni,https://sagr.it/piemonte/torino-e-dintorni/eventi/festa-di-san-savino,,,,,
SagrafavoriteBicCHIERI di Birra,,7 luglio - 12 luglio 2026,2026-07-07,2026-07-12,Chieri,Piemonte,piemonte,Torino e Dintorni,torino-e-dintorni,https://sagr.it/piemonte/torino-e-dintorni/eventi/bicchieri-di-birra-mqd0ui4a,,,,,
SagrafavoriteMostra Nazionale della Toma di Lanzo e formaggi d'alpeggio,,11 luglio - 20 luglio 2026,2026-07-11,2026-07-20,Usseglio,Piemonte,piemonte,Torino e Dintorni,torino-e-dintorni,https://sagr.it/piemonte/torino-e-dintorni/eventi/mostra-nazionale-della-toma-di-lanzo-e-formaggi-d-alpeggio,,,,,
RievocazionefavoriteTorneo Storico dei Borghi di Susa,,17 luglio - 19 luglio 2026,2026-07-17,2026-07-19,Susa,Piemonte,piemonte,Torino e Dintorni,torino-e-dintorni,https://sagr.it/piemonte/torino-e-dintorni/eventi/torneo-storico-dei-borghi-di-susa,,,,,
SagrafavoriteSan Dumine & Sagra della Patata di Ceretti,,23 luglio - 29 luglio 2026,2026-07-23,2026-07-29,Front,Piemonte,piemonte,Torino e Dintorni,torino-e-dintorni,https://sagr.it/piemonte/torino-e-dintorni/eventi/san-dumine-sagra-della-patata-di-ceretti,,,,,
SagrafavoriteSagra della pesca ripiena,,2 agosto - 9 agosto 2026,2026-08-02,2026-08-09,Rocca Canavese,Piemonte,piemonte,Torino e Dintorni,torino-e-dintorni,https://sagr.it/piemonte/torino-e-dintorni/eventi/sagra-della-pesca-ripiena,,,,,
SagrafavoriteFiera Nazionale del Peperone di Carmagnola,,28 agosto - 6 settembre 2026,2026-08-28,2026-09-06,Carmagnola,Piemonte,piemonte,Torino e Dintorni,torino-e-dintorni,https://sagr.it/piemonte/torino-e-dintorni/eventi/fiera-nazionale-del-peperone-di-carmagnola,,,,,
SagrafavoriteFesta dell’Uva Erbaluce,,1 settembre - 30 settembre 2026,2026-09-01,2026-09-30,Caluso,Piemonte,piemonte,Torino e Dintorni,torino-e-dintorni,https://sagr.it/piemonte/torino-e-dintorni/eventi/festa-dell-uva-erbaluce,,,,,
SagrafavoriteBirra in Festa,,4 settembre - 6 settembre 2026,2026-09-04,2026-09-06,Villar Focchiardo,Piemonte,piemonte,Torino e Dintorni,torino-e-dintorni,https://sagr.it/piemonte/torino-e-dintorni/eventi/birra-in-festa,,,,,
SagrafavoriteSagra della Miassa,,5 settembre - 6 settembre 2026,2026-09-05,2026-09-06,Tavagnasco,Piemonte,piemonte,Torino e Dintorni,torino-e-dintorni,https://sagr.it/piemonte/torino-e-dintorni/eventi/sagra-della-miassa,,,,,
SagrafavoriteSagra del pomodoro costoluto,,6 settembre - 7 settembre 2026,2026-09-06,2026-09-07,Cambiano,Piemonte,piemonte,Torino e Dintorni,torino-e-dintorni,https://sagr.it/piemonte/torino-e-dintorni/eventi/sagra-del-pomodoro-costoluto,,,,,
SagrafavoriteFunghi in piazza,,7 settembre 2026,2026-09-07,2026-09-07,Ciriè,Piemonte,piemonte,Torino e Dintorni,torino-e-dintorni,https://sagr.it/piemonte/torino-e-dintorni/eventi/funghi-in-piazza,,,,,
FierafavoriteSalone Auto Torino,,13 settembre 2026,2026-09-13,2026-09-13,Torino,Piemonte,piemonte,Torino e Dintorni,torino-e-dintorni,https://sagr.it/piemonte/torino-e-dintorni/eventi/salone-auto-torino,,,,,
SagrafavoriteSagra della patata,,19 settembre - 21 settembre 2026,2026-09-19,2026-09-21,Villastellone,Piemonte,piemonte,Torino e Dintorni,torino-e-dintorni,https://sagr.it/piemonte/torino-e-dintorni/eventi/sagra-della-patata-mqbexotk,,,,,
SagrafavoriteSettembre quincinettese,,19 settembre - 27 settembre 2026,2026-09-19,2026-09-27,Quincinetto,Piemonte,piemonte,Torino e Dintorni,torino-e-dintorni,https://sagr.it/piemonte/torino-e-dintorni/eventi/settembre-quincinettese,,,,,
SagrafavoriteFesta del vino e dell’uva,,21 settembre - 28 settembre 2026,2026-09-21,2026-09-28,Carema,Piemonte,piemonte,Torino e Dintorni,torino-e-dintorni,https://sagr.it/piemonte/torino-e-dintorni/eventi/festa-del-vino-e-dell-uva,,,,,
SagrafavoriteSagra della patata di montagna e dei prodotti tipici,,21 settembre 2026,2026-09-21,2026-09-21,Sauze d'Oulx,Piemonte,piemonte,Torino e Dintorni,torino-e-dintorni,https://sagr.it/piemonte/torino-e-dintorni/eventi/sagra-della-patata-di-montagna-e-dei-prodotti-tipici,,,,,
SagrafavoriteFesta dei Nocciolini,,22 settembre - 27 settembre 2026,2026-09-22,2026-09-27,Chivasso,Piemonte,piemonte,Torino e Dintorni,torino-e-dintorni,https://sagr.it/piemonte/torino-e-dintorni/eventi/festa-dei-nocciolini,,,,,
SagrafavoriteTerra Madre – Salone del Gusto,,24 settembre - 28 settembre 2026,2026-09-24,2026-09-28,Torino,Piemonte,piemonte,Torino e Dintorni,torino-e-dintorni,https://sagr.it/piemonte/torino-e-dintorni/eventi/terra-madre-salone-del-gusto,,,,,
Evento culturalefavoriteTorino Tattoo Convention,,26 settembre - 27 settembre 2026,2026-09-26,2026-09-27,Torino,Piemonte,piemonte,Torino e Dintorni,torino-e-dintorni,https://sagr.it/piemonte/torino-e-dintorni/eventi/torino-tattoo-convention,,,,,
FierafavoriteFiera Regionale del Miele,,26 settembre - 27 settembre 2026,2026-09-26,2026-09-27,Marentino,Piemonte,piemonte,Torino e Dintorni,torino-e-dintorni,https://sagr.it/piemonte/torino-e-dintorni/eventi/fiera-regionale-del-miele,,,,,
SagrafavoriteFesta Regionale del Miele,,26 settembre - 27 settembre 2026,2026-09-26,2026-09-27,Marentino,Piemonte,piemonte,Torino e Dintorni,torino-e-dintorni,https://sagr.it/piemonte/torino-e-dintorni/eventi/festa-regionale-del-miele,,,,,
SagrafavoriteMeliga Day,,26 settembre - 27 settembre 2026,2026-09-26,2026-09-27,Sant'Ambrogio di Torino,Piemonte,piemonte,Torino e Dintorni,torino-e-dintorni,https://sagr.it/piemonte/torino-e-dintorni/eventi/meliga-day,,,,,
SagrafavoriteLa bionda in tavola,,28 settembre 2026,2026-09-28,2026-09-28,Avigliana,Piemonte,piemonte,Torino e Dintorni,torino-e-dintorni,https://sagr.it/piemonte/torino-e-dintorni/eventi/la-bionda-in-tavola,,,,,
SagrafavoriteFungo in Festa,,2 ottobre - 11 ottobre 2026,2026-10-02,2026-10-11,Giaveno,Piemonte,piemonte,Torino e Dintorni,torino-e-dintorni,https://sagr.it/piemonte/torino-e-dintorni/eventi/fungo-in-festa,,,,,
SagrafavoriteSagra della Zucca,,2 ottobre - 4 ottobre 2026,2026-10-02,2026-10-04,Sciolze,Piemonte,piemonte,Torino e Dintorni,torino-e-dintorni,https://sagr.it/piemonte/torino-e-dintorni/eventi/sagra-della-zucca-sciolze,,,,,
RievocazionefavoriteLa transumanza,,3 ottobre - 4 ottobre 2026,2026-10-03,2026-10-04,Pont Canavese,Piemonte,piemonte,Torino e Dintorni,torino-e-dintorni,https://sagr.it/piemonte/torino-e-dintorni/eventi/la-transumanza,,,,,
FierafavoriteFiera Franca di Oulx – Fiera del Grand Escarton,,4 ottobre 2026,2026-10-04,2026-10-04,Oulx,Piemonte,piemonte,Torino e Dintorni,torino-e-dintorni,https://sagr.it/piemonte/torino-e-dintorni/eventi/fiera-franca-di-oulx-fiera-del-grand-escarton,,,,,
RievocazionefavoriteLa Transumanza di Pont Canavese,,4 ottobre - 5 ottobre 2026,2026-10-04,2026-10-05,Pont Canavese,Piemonte,piemonte,Torino e Dintorni,torino-e-dintorni,https://sagr.it/piemonte/torino-e-dintorni/eventi/la-transumanza-di-pont-canavese,,,,,
SagrafavoriteFesta della Castagna Mathi,,4 ottobre 2026,2026-10-04,2026-10-04,Mathi,Piemonte,piemonte,Torino e Dintorni,torino-e-dintorni,https://sagr.it/piemonte/torino-e-dintorni/eventi/festa-della-castagna-mathi,,,,,
"SagrafavoriteSagra del Torcetto, Grissino e Toma di Lanzo",,4 ottobre - 5 ottobre 2026,2026-10-04,2026-10-05,Lanzo Torinese,Piemonte,piemonte,Torino e Dintorni,torino-e-dintorni,https://sagr.it/piemonte/torino-e-dintorni/eventi/sagra-del-torcetto-grissino-e-toma-di-lanzo,,,,,
SagrafavoriteSagra dell’Uva Cari,,4 ottobre - 5 ottobre 2026,2026-10-04,2026-10-05,Baldissero Torinese,Piemonte,piemonte,Torino e Dintorni,torino-e-dintorni,https://sagr.it/piemonte/torino-e-dintorni/eventi/sagra-dell-uva-cari,,,,,
SagrafavoriteSagra del Ciapinabò,,9 ottobre - 11 ottobre 2026,2026-10-09,2026-10-11,Carignano,Piemonte,piemonte,Torino e Dintorni,torino-e-dintorni,https://sagr.it/piemonte/torino-e-dintorni/eventi/sagra-del-ciapinabo,,,,,
"SagrafavoriteSagra del cardo, della bagna cauda e della cipolla piattellina",,10 ottobre - 12 ottobre 2026,2026-10-10,2026-10-12,Andezeno,Piemonte,piemonte,Torino e Dintorni,torino-e-dintorni,https://sagr.it/piemonte/torino-e-dintorni/eventi/sagra-del-cardo-della-bagna-cauda-e-della-cipolla-piattellina,,,,,
SagrafavoriteSagra della Zucca,,10 ottobre - 12 ottobre 2026,2026-10-10,2026-10-12,Meugliano,Piemonte,piemonte,Torino e Dintorni,torino-e-dintorni,https://sagr.it/piemonte/torino-e-dintorni/eventi/sagra-della-zucca-mqljomht,,,,,
SagrafavoriteFiera Regionale del Fungo Porcino,,11 ottobre 2026,2026-10-11,2026-10-11,Giaveno,Piemonte,piemonte,Torino e Dintorni,torino-e-dintorni,https://sagr.it/piemonte/torino-e-dintorni/eventi/fiera-regionale-del-fungo-porcino,,,,,
SagrafavoriteFiera del Sedano Rosso,,17 ottobre - 18 ottobre 2026,2026-10-17,2026-10-18,Orbassano,Piemonte,piemonte,Torino e Dintorni,torino-e-dintorni,https://sagr.it/piemonte/torino-e-dintorni/eventi/fiera-del-sedano-rosso,,,,,
SagrafavoriteMais&Cavalli,,17 ottobre - 19 ottobre 2026,2026-10-17,2026-10-19,Vigone,Piemonte,piemonte,Torino e Dintorni,torino-e-dintorni,https://sagr.it/piemonte/torino-e-dintorni/eventi/mais-cavalli,,,,,
SagrafavoriteSagra Valsusina del Marrone,,17 ottobre - 18 ottobre 2026,2026-10-17,2026-10-18,Villar Focchiardo,Piemonte,piemonte,Torino e Dintorni,torino-e-dintorni,https://sagr.it/piemonte/torino-e-dintorni/eventi/sagra-valsusina-del-marrone,,,,,
SagrafavoriteSagra del cavolo liscio,,17 ottobre - 20 ottobre 2026,2026-10-17,2026-10-20,Moriondo Torinese,Piemonte,piemonte,Torino e Dintorni,torino-e-dintorni,https://sagr.it/piemonte/torino-e-dintorni/eventi/sagra-del-cavolo-liscio,,,,,
SagrafavoriteSagra del pane,,17 ottobre - 19 ottobre 2026,2026-10-17,2026-10-19,Piobesi Torinese,Piemonte,piemonte,Torino e Dintorni,torino-e-dintorni,https://sagr.it/piemonte/torino-e-dintorni/eventi/sagra-del-pane,,,,,
SagrafavoriteSagra della Zucca,,17 ottobre - 18 ottobre 2026,2026-10-17,2026-10-18,Brandizzo,Piemonte,piemonte,Torino e Dintorni,torino-e-dintorni,https://sagr.it/piemonte/torino-e-dintorni/eventi/sagra-della-zucca-brandizzo,,,,,
SagrafavoriteFesta del sedano rosso,,18 ottobre - 19 ottobre 2026,2026-10-18,2026-10-19,Orbassano,Piemonte,piemonte,Torino e Dintorni,torino-e-dintorni,https://sagr.it/piemonte/torino-e-dintorni/eventi/festa-del-sedano-rosso,,,,,
SagrafavoriteFesta rurale del Cevrin di Coazze,,19 ottobre 2026,2026-10-19,2026-10-19,Coazze,Piemonte,piemonte,Torino e Dintorni,torino-e-dintorni,https://sagr.it/piemonte/torino-e-dintorni/eventi/festa-rurale-del-cevrin-di-coazze,,,,,
Evento culturalefavoriteFestival Internazionale dell&rsquo;Economia,,22 ottobre - 25 ottobre 2026,2026-10-22,2026-10-25,Torino,Piemonte,piemonte,Torino e Dintorni,torino-e-dintorni,https://sagr.it/piemonte/torino-e-dintorni/eventi/festival-internazionale-dell-economia,,,,,
SagrafavoriteMais Rosso,,24 ottobre - 25 ottobre 2026,2026-10-24,2026-10-25,Banchette,Piemonte,piemonte,Torino e Dintorni,torino-e-dintorni,https://sagr.it/piemonte/torino-e-dintorni/eventi/mais-rosso,,,,,
Evento culturalefavoriteArtissima Torino,,30 ottobre - 1 novembre 2026,2026-10-30,2026-11-01,Torino,Piemonte,piemonte,Torino e Dintorni,torino-e-dintorni,https://sagr.it/piemonte/torino-e-dintorni/eventi/artissima-torino,,,,,
Evento culturalefavoriteParatissima,,30 ottobre - 1 novembre 2026,2026-10-30,2026-11-01,Moncalieri,Piemonte,piemonte,Torino e Dintorni,torino-e-dintorni,https://sagr.it/piemonte/torino-e-dintorni/eventi/paratissima,,,,,
Festa patronalefavoriteFesta Nazionale di San Martino,,6 novembre - 10 novembre 2026,2026-11-06,2026-11-10,Chieri,Piemonte,piemonte,Torino e Dintorni,torino-e-dintorni,https://sagr.it/piemonte/torino-e-dintorni/eventi/festa-nazionale-di-san-martino,,,,,
SagrafavoriteFera dij Pocio e dla Cossa,,9 novembre 2026,2026-11-09,2026-11-09,Virle Piemonte,Piemonte,piemonte,Torino e Dintorni,torino-e-dintorni,https://sagr.it/piemonte/torino-e-dintorni/eventi/fera-dij-pocio-e-dla-cossa,,,,,
FierafavoriteTuttomele,,14 novembre - 15 novembre 2026,2026-11-14,2026-11-15,Cavour,Piemonte,piemonte,Torino e Dintorni,torino-e-dintorni,https://sagr.it/piemonte/torino-e-dintorni/eventi/tuttomele,,,,,
SagrafavoriteFera dij Còj,,14 novembre - 15 novembre 2026,2026-11-14,2026-11-15,Settimo Torinese,Piemonte,piemonte,Torino e Dintorni,torino-e-dintorni,https://sagr.it/piemonte/torino-e-dintorni/eventi/fera-dij-coj,,,,,
SagrafavoriteSagra della Zucca,,14 novembre - 15 novembre 2026,2026-11-14,2026-11-15,Santena,Piemonte,piemonte,Torino e Dintorni,torino-e-dintorni,https://sagr.it/piemonte/torino-e-dintorni/eventi/sagra-della-zucca,,,,,
Evento culturalefavoriteNitto ATP Finals Torino,,15 novembre - 22 novembre 2026,2026-11-15,2026-11-22,Torino,Piemonte,piemonte,Torino e Dintorni,torino-e-dintorni,https://sagr.it/piemonte/torino-e-dintorni/eventi/nitto-atp-finals-torino,,,,,
SagrafavoriteSagra del cavolo verza,,21 novembre - 23 novembre 2026,2026-11-21,2026-11-23,Montalto Dora,Piemonte,piemonte,Torino e Dintorni,torino-e-dintorni,https://sagr.it/piemonte/torino-e-dintorni/eventi/sagra-del-cavolo-verza,,,,,
SagrafavoriteSagra del Salam ‘d patata,,23 gennaio - 25 gennaio 2027,2027-01-23,2027-01-25,Settimo Rottaro,Piemonte,piemonte,Torino e Dintorni,torino-e-dintorni,https://sagr.it/piemonte/torino-e-dintorni/eventi/sagra-del-salam-d-patata,,,,,
SagrafavoriteSagra del salame di cinghiale,,22 marzo 2027,2027-03-22,2027-03-22,Val della Torre,Piemonte,piemonte,Torino e Dintorni,torino-e-dintorni,https://sagr.it/piemonte/torino-e-dintorni/eventi/sagra-del-salame-di-cinghiale,,,,,
RievocazionefavoritePalio di Taranto,,4 maggio - 12 luglio 2026,2026-05-04,2026-07-12,Taranto,Puglia,puglia,Bari e Dintorni,bari-e-dintorni,https://sagr.it/puglia/bari-e-dintorni/eventi/palio-di-taranto,,,,,
Festa patronalefavoriteFiera di San Nicola,,7 maggio - 9 maggio 2026,2026-05-07,2026-05-09,Bari,Puglia,puglia,Bari e Dintorni,bari-e-dintorni,https://sagr.it/puglia/bari-e-dintorni/eventi/fiera-di-san-nicola,,,,,
"SagrafavoriteCarnevale di Primavera, colori, fiori e sapori",,31 maggio - 1 giugno 2026,2026-05-31,2026-06-01,Crispiano,Puglia,puglia,Bari e Dintorni,bari-e-dintorni,https://sagr.it/puglia/bari-e-dintorni/eventi/carnevale-di-primavera-colori-fiori-e-sapori,,,,,
SagrafavoriteSagra del tarallo,,21 giugno - 22 giugno 2026,2026-06-21,2026-06-22,Palo del Colle,Puglia,puglia,Bari e Dintorni,bari-e-dintorni,https://sagr.it/puglia/bari-e-dintorni/eventi/sagra-del-tarallo,,,,,
Festa patronalefavoriteNotte di San Giovanni,,23 giugno 2026,2026-06-23,2026-06-23,Bitetto,Puglia,puglia,Bari e Dintorni,bari-e-dintorni,https://sagr.it/puglia/bari-e-dintorni/eventi/notte-di-san-giovanni,,,,,
Festa patronalefavoriteFesta Beata Vergine Maria e Sant'Elia Profeta,,25 giugno - 28 giugno 2026,2026-06-25,2026-06-28,Locorotondo,Puglia,puglia,Bari e Dintorni,bari-e-dintorni,https://sagr.it/puglia/bari-e-dintorni/eventi/festa-beata-vergine-maria-e-sant-elia-profeta,,,,,
RievocazionefavoriteCorteo Storico di San Giovanni,,27 giugno - 28 giugno 2026,2026-06-27,2026-06-28,Putignano,Puglia,puglia,Bari e Dintorni,bari-e-dintorni,https://sagr.it/puglia/bari-e-dintorni/eventi/corteo-storico-di-san-giovanni,,,,,
SagrafavoriteBirrArt,,3 luglio - 5 luglio 2026,2026-07-03,2026-07-05,Casamassima,Puglia,puglia,Bari e Dintorni,bari-e-dintorni,https://sagr.it/puglia/bari-e-dintorni/eventi/birrart,,,,,
Evento culturalefavoriteIl libro possibile,,8 luglio - 11 luglio 2026,2026-07-08,2026-07-11,Polignano a Mare,Puglia,puglia,Bari e Dintorni,bari-e-dintorni,https://sagr.it/puglia/bari-e-dintorni/eventi/il-libro-possibile,,,,,
SagrafavoriteSagra della pecora - Murgia a morsi,,11 luglio - 13 luglio 2026,2026-07-11,2026-07-13,Altamura,Puglia,puglia,Bari e Dintorni,bari-e-dintorni,https://sagr.it/puglia/bari-e-dintorni/eventi/sagra-della-pecora-murgia-a-morsi,,,,,
SagrafavoriteFesta della Cipolla Rossa,,19 luglio - 20 luglio 2026,2026-07-19,2026-07-20,Acquaviva delle Fonti,Puglia,puglia,Bari e Dintorni,bari-e-dintorni,https://sagr.it/puglia/bari-e-dintorni/eventi/festa-della-cipolla-rossa,,,,,
SagrafavoriteSagra del Polpo a Mola di Bari,,24 luglio - 26 luglio 2026,2026-07-24,2026-07-26,Mola di Bari,Puglia,puglia,Bari e Dintorni,bari-e-dintorni,https://sagr.it/puglia/bari-e-dintorni/eventi/sagra-del-polpo-a-mola-di-bari,,,,,
SagrafavoriteSagra del panino della nonna,,10 agosto - 11 agosto 2026,2026-08-10,2026-08-11,Giovinazzo,Puglia,puglia,Bari e Dintorni,bari-e-dintorni,https://sagr.it/puglia/bari-e-dintorni/eventi/sagra-del-panino-della-nonna,,,,,
SagrafavoriteLa Vallata del Folklore,,22 agosto - 24 agosto 2026,2026-08-22,2026-08-24,Monopoli,Puglia,puglia,Bari e Dintorni,bari-e-dintorni,https://sagr.it/puglia/bari-e-dintorni/eventi/la-vallata-del-folklore,,,,,
SagrafavoriteLa festa della Mozzarella,,22 agosto - 23 agosto 2026,2026-08-22,2026-08-23,Gioia del Colle,Puglia,puglia,Bari e Dintorni,bari-e-dintorni,https://sagr.it/puglia/bari-e-dintorni/eventi/la-festa-della-mozzarella,,,,,
SagrafavoriteSagra della frittella farcita,,22 agosto - 24 agosto 2026,2026-08-22,2026-08-24,Monopoli,Puglia,puglia,Bari e Dintorni,bari-e-dintorni,https://sagr.it/puglia/bari-e-dintorni/eventi/sagra-della-frittella-farcita,,,,,
SagrafavoriteSagra della focaccia,,24 agosto 2026,2026-08-24,2026-08-24,Cassano delle Murge,Puglia,puglia,Bari e Dintorni,bari-e-dintorni,https://sagr.it/puglia/bari-e-dintorni/eventi/sagra-della-focaccia,,,,,
SagrafavoriteLamadacqua Food,,29 agosto - 30 agosto 2026,2026-08-29,2026-08-30,Noci,Puglia,puglia,Bari e Dintorni,bari-e-dintorni,https://sagr.it/puglia/bari-e-dintorni/eventi/lamadacqua-food,,,,,
SagrafavoriteFesta del Borgo Antico e Sagra delle Delizie,,6 settembre - 8 settembre 2026,2026-09-06,2026-09-08,Turi,Puglia,puglia,Bari e Dintorni,bari-e-dintorni,https://sagr.it/puglia/bari-e-dintorni/eventi/festa-del-borgo-antico-e-sagra-delle-delizie,,,,,
SagrafavoriteSagra del Coniglio ripieno e Focaccia di patate,,19 settembre - 21 settembre 2026,2026-09-19,2026-09-21,Casamassima,Puglia,puglia,Bari e Dintorni,bari-e-dintorni,https://sagr.it/puglia/bari-e-dintorni/eventi/sagra-del-coniglio-ripieno-e-focaccia-di-patate,,,,,
SagrafavoriteLa notte dei sospiri,,20 settembre 2026,2026-09-20,2026-09-20,Bisceglie,Puglia,puglia,Bari e Dintorni,bari-e-dintorni,https://sagr.it/puglia/bari-e-dintorni/eventi/la-notte-dei-sospiri,,,,,
SagrafavoriteSagra del calzone molfettese,,20 settembre 2026,2026-09-20,2026-09-20,Molfetta,Puglia,puglia,Bari e Dintorni,bari-e-dintorni,https://sagr.it/puglia/bari-e-dintorni/eventi/sagra-del-calzone-molfettese,,,,,
"SagrafavoriteSagra della zampina, del bocconcino e del buon vino",,26 settembre - 28 settembre 2026,2026-09-26,2026-09-28,Sammichele di Bari,Puglia,puglia,Bari e Dintorni,bari-e-dintorni,https://sagr.it/puglia/bari-e-dintorni/eventi/sagra-della-zampina-del-bocconcino-e-del-buon-vino,,,,,
SagrafavoriteSagra dell’uva,,4 ottobre - 5 ottobre 2026,2026-10-04,2026-10-05,Rutigliano,Puglia,puglia,Bari e Dintorni,bari-e-dintorni,https://sagr.it/puglia/bari-e-dintorni/eventi/sagra-dell-uva-mqljok8b,,,,,
SagrafavoriteFesta d’autunno e dei frutti dimenticati,,10 ottobre - 11 ottobre 2026,2026-10-10,2026-10-11,Castellana Grotte,Puglia,puglia,Bari e Dintorni,bari-e-dintorni,https://sagr.it/puglia/bari-e-dintorni/eventi/festa-d-autunno-e-dei-frutti-dimenticati,,,,,
SagrafavoriteSagra delle olive,,10 ottobre - 12 ottobre 2026,2026-10-10,2026-10-12,Sannicandro di Bari,Puglia,puglia,Bari e Dintorni,bari-e-dintorni,https://sagr.it/puglia/bari-e-dintorni/eventi/sagra-delle-olive,,,,,
SagrafavoriteSagra del calzone di cipolla e vino,,16 ottobre - 18 ottobre 2026,2026-10-16,2026-10-18,Binetto,Puglia,puglia,Bari e Dintorni,bari-e-dintorni,https://sagr.it/puglia/bari-e-dintorni/eventi/sagra-del-calzone-di-cipolla-e-vino,,,,,
SagrafavoriteSagra Nazionale del Calzone,,17 ottobre - 19 ottobre 2026,2026-10-17,2026-10-19,Acquaviva delle Fonti,Puglia,puglia,Bari e Dintorni,bari-e-dintorni,https://sagr.it/puglia/bari-e-dintorni/eventi/sagra-nazionale-del-calzone,,,,,
SagrafavoriteBacco per Bacco,,18 ottobre - 19 ottobre 2026,2026-10-18,2026-10-19,Turi,Puglia,puglia,Bari e Dintorni,bari-e-dintorni,https://sagr.it/puglia/bari-e-dintorni/eventi/bacco-per-bacco,,,,,
Festa patronalefavoriteFesta di San Trifone,,1 novembre - 16 novembre 2026,2026-11-01,2026-11-16,Adelfia,Puglia,puglia,Bari e Dintorni,bari-e-dintorni,https://sagr.it/puglia/bari-e-dintorni/eventi/festa-di-san-trifone,,,,,
SagrafavoriteBacco delle gnostre,,8 novembre - 9 novembre 2026,2026-11-08,2026-11-09,Noci,Puglia,puglia,Bari e Dintorni,bari-e-dintorni,https://sagr.it/puglia/bari-e-dintorni/eventi/bacco-delle-gnostre,,,,,
SagrafavoriteSagra del fungo cardoncello,,8 novembre - 9 novembre 2026,2026-11-08,2026-11-09,Ruvo di Puglia,Puglia,puglia,Bari e Dintorni,bari-e-dintorni,https://sagr.it/puglia/bari-e-dintorni/eventi/sagra-del-fungo-cardoncello,,,,,
SagrafavoriteFiera nazionale del carciofo mediterraneo,,13 novembre - 16 novembre 2026,2026-11-13,2026-11-16,San Ferdinando di Puglia,Puglia,puglia,Bari e Dintorni,bari-e-dintorni,https://sagr.it/puglia/bari-e-dintorni/eventi/fiera-nazionale-del-carciofo-mediterraneo,,,,,
SagrafavoriteNovello sotto il castello,,14 novembre - 16 novembre 2026,2026-11-14,2026-11-16,Conversano,Puglia,puglia,Bari e Dintorni,bari-e-dintorni,https://sagr.it/puglia/bari-e-dintorni/eventi/novello-sotto-il-castello,,,,,
SagrafavoriteIl cardoncello novello,,15 novembre - 16 novembre 2026,2026-11-15,2026-11-16,Gravina in Puglia,Puglia,puglia,Bari e Dintorni,bari-e-dintorni,https://sagr.it/puglia/bari-e-dintorni/eventi/il-cardoncello-novello,,,,,
SagrafavoriteFesta del vino Primitivo e del cece nero,,23 novembre 2026,2026-11-23,2026-11-23,Acquaviva delle Fonti,Puglia,puglia,Bari e Dintorni,bari-e-dintorni,https://sagr.it/puglia/bari-e-dintorni/eventi/festa-del-vino-primitivo-e-del-cece-nero,,,,,
Festa patronalefavoriteFesta di San Giorgio,,26 aprile 2026,2026-04-26,2026-04-26,Vieste,Puglia,puglia,Gargano,gargano,https://sagr.it/puglia/gargano/eventi/festa-di-san-giorgio,,,,,
SagrafavoriteSagra delle arance,,2 maggio 2026,2026-05-02,2026-05-02,Rodi Garganico,Puglia,puglia,Gargano,gargano,https://sagr.it/puglia/gargano/eventi/sagra-delle-arance,,,,,
Festa patronalefavoriteFesta patronale San Primiano Martire,,14 maggio - 31 maggio 2026,2026-05-14,2026-05-31,Lesina,Puglia,puglia,Gargano,gargano,https://sagr.it/puglia/gargano/eventi/festa-patronale-san-primiano-martire,,,,,
SagrafavoriteSagra Lagane e ceci,,18 luglio - 23 luglio 2026,2026-07-18,2026-07-23,Sant'Angelo,Puglia,puglia,Gargano,gargano,https://sagr.it/puglia/gargano/eventi/sagra-lagane-e-ceci,,,,,
SagrafavoriteSagra dei prodotti tipici di Zapponeta,,27 luglio 2026,2026-07-27,2026-07-27,Zapponeta,Puglia,puglia,Gargano,gargano,https://sagr.it/puglia/gargano/eventi/sagra-dei-prodotti-tipici-di-zapponeta,,,,,
SagrafavoriteSagra delle oriecchiette,,3 agosto 2026,2026-08-03,2026-08-03,Deliceto,Puglia,puglia,Gargano,gargano,https://sagr.it/puglia/gargano/eventi/sagra-delle-oriecchiette,,,,,
SagrafavoriteSagra della carne di capra e Sagra della musciska,,10 agosto 2026,2026-08-10,2026-08-10,Rignano Garganico,Puglia,puglia,Gargano,gargano,https://sagr.it/puglia/gargano/eventi/sagra-della-carne-di-capra-e-sagra-della-musciska,,,,,
SagrafavoriteSagra dell'olio e delle fave,,12 agosto 2026,2026-08-12,2026-08-12,Carpino,Puglia,puglia,Gargano,gargano,https://sagr.it/puglia/gargano/eventi/sagra-dell-olio-e-delle-fave,,,,,
"SagrafavoriteSagra del caciocavallo, cicatell e acc'",,13 agosto 2026,2026-08-13,2026-08-13,Monteleone di Puglia,Puglia,puglia,Gargano,gargano,https://sagr.it/puglia/gargano/eventi/sagra-del-caciocavallo-cicatell-e-acc,,,,,
SagrafavoriteSagra dei cicatelli,,18 agosto 2026,2026-08-18,2026-08-18,Celle di San Vito,Puglia,puglia,Gargano,gargano,https://sagr.it/puglia/gargano/eventi/sagra-dei-cicatelli,,,,,
Festa patronalefavoriteFesta di San Martino – Sapori d’autunno,,10 novembre - 11 novembre 2026,2026-11-10,2026-11-11,Ischitella,Puglia,puglia,Gargano,gargano,https://sagr.it/puglia/gargano/eventi/festa-di-san-martino-sapori-d-autunno,,,,,
Festa patronalefavoriteFalò di San Giuseppe,,19 marzo 2027,2027-03-19,2027-03-19,Bovino,Puglia,puglia,Gargano,gargano,https://sagr.it/puglia/gargano/eventi/falo-di-san-giuseppe,,,,,
Evento culturalefavoriteCorti di Passione Campi Salentina,,28 marzo - 29 marzo 2026,2026-03-28,2026-03-29,Campi Salentina,Puglia,puglia,Salento,salento,https://sagr.it/puglia/salento/eventi/corti-di-passione-campi-salentina,,,,,
FestivalfavoriteFestival di Pasqua Lecce,,3 aprile - 5 aprile 2026,2026-04-03,2026-04-05,Lecce,Puglia,puglia,Salento,salento,https://sagr.it/puglia/salento/eventi/festival-di-pasqua-lecce,,,,,
FestivalfavoriteFestival di Pasquetta – Parco Gondar,,6 aprile 2026,2026-04-06,2026-04-06,Gallipoli,Puglia,puglia,Salento,salento,https://sagr.it/puglia/salento/eventi/festival-di-pasquetta-parco-gondar,,,,,
SagrafavoriteLecce Cocktail Week,,6 giugno - 14 giugno 2026,2026-06-06,2026-06-14,Lecce,Puglia,puglia,Salento,salento,https://sagr.it/puglia/salento/eventi/lecce-cocktail-week,,,,,
Evento culturalefavoriteFesta dei Lampioni e de lu Cuturusciu,,13 giugno - 21 giugno 2026,2026-06-13,2026-06-21,Calimera,Puglia,puglia,Salento,salento,https://sagr.it/puglia/salento/eventi/festa-dei-lampioni-e-de-lu-cuturusciu,,,,,
Festa patronalefavoriteLa Scamiciata,,19 giugno - 20 giugno 2026,2026-06-19,2026-06-20,Fasano,Puglia,puglia,Salento,salento,https://sagr.it/puglia/salento/eventi/la-scamiciata,,,,,
FestivalfavoriteFestival della Valle d&rsquo;Itria,,14 luglio - 2 agosto 2026,2026-07-14,2026-08-02,Martina Franca,Puglia,puglia,Salento,salento,https://sagr.it/puglia/salento/eventi/festival-della-valle-d-itria,,,,,
SagrafavoriteSagra te lu ranu,,18 luglio - 20 luglio 2026,2026-07-18,2026-07-20,Merine,Puglia,puglia,Salento,salento,https://sagr.it/puglia/salento/eventi/sagra-te-lu-ranu,,,,,
SagrafavoriteSagra ta turre,,23 luglio - 24 luglio 2026,2026-07-23,2026-07-24,Torre Mozza,Puglia,puglia,Salento,salento,https://sagr.it/puglia/salento/eventi/sagra-ta-turre,,,,,
SagrafavoriteMarangiane in festa,,24 luglio - 28 luglio 2026,2026-07-24,2026-07-28,Castri di Lecce,Puglia,puglia,Salento,salento,https://sagr.it/puglia/salento/eventi/marangiane-in-festa,,,,,
SagrafavoriteL'impiccato,,25 luglio 2026,2026-07-25,2026-07-25,Marina di Mancaversa,Puglia,puglia,Salento,salento,https://sagr.it/puglia/salento/eventi/l-impiccato,,,,,
SagrafavoriteSagra del vino Doc Salice e Ciciri e Tria,,25 luglio - 26 luglio 2026,2026-07-25,2026-07-26,Salice Salentino,Puglia,puglia,Salento,salento,https://sagr.it/puglia/salento/eventi/sagra-del-vino-doc-salice-e-ciciri-e-tria,,,,,
SagrafavoriteSagra della patata,,29 luglio 2026,2026-07-29,2026-07-29,Alliste,Puglia,puglia,Salento,salento,https://sagr.it/puglia/salento/eventi/sagra-della-patata-monauclo,,,,,
SagrafavoriteSagra ortofrutticola,,31 luglio - 2 agosto 2026,2026-07-31,2026-08-02,Borgagne,Puglia,puglia,Salento,salento,https://sagr.it/puglia/salento/eventi/sagra-ortofrutticola,,,,,
SagrafavoriteFesta della cucuzzata,,1 agosto - 2 agosto 2026,2026-08-01,2026-08-02,Vitigliano,Puglia,puglia,Salento,salento,https://sagr.it/puglia/salento/eventi/festa-della-cucuzzata,,,,,
SagrafavoriteFesta te la uliata,,1 agosto - 3 agosto 2026,2026-08-01,2026-08-03,Caprarica di Lecce,Puglia,puglia,Salento,salento,https://sagr.it/puglia/salento/eventi/festa-te-la-uliata,,,,,
SagrafavoriteSagra dell'uva cardinal e del vino,,2 agosto - 3 agosto 2026,2026-08-02,2026-08-03,Guagnano,Puglia,puglia,Salento,salento,https://sagr.it/puglia/salento/eventi/sagra-dell-uva-cardinal-e-del-vino,,,,,
SagrafavoriteSagra della sceblasti,,2 agosto - 3 agosto 2026,2026-08-02,2026-08-03,Zollino,Puglia,puglia,Salento,salento,https://sagr.it/puglia/salento/eventi/sagra-della-sceblasti,,,,,
SagrafavoriteSagra dell'arrosto,,3 agosto 2026,2026-08-03,2026-08-03,Laterza,Puglia,puglia,Salento,salento,https://sagr.it/puglia/salento/eventi/sagra-dell-arrosto,,,,,
SagrafavoriteSagra della puccia e grill,,5 agosto - 6 agosto 2026,2026-08-05,2026-08-06,Felline,Puglia,puglia,Salento,salento,https://sagr.it/puglia/salento/eventi/sagra-della-puccia-e-grill,,,,,
SagrafavoriteSagra te lu purpu,,5 agosto - 8 agosto 2026,2026-08-05,2026-08-08,Melendugno,Puglia,puglia,Salento,salento,https://sagr.it/puglia/salento/eventi/sagra-te-lu-purpu,,,,,
SagrafavoriteSagra della sciuscella,,6 agosto 2026,2026-08-06,2026-08-06,Patù,Puglia,puglia,Salento,salento,https://sagr.it/puglia/salento/eventi/sagra-della-sciuscella,,,,,
SagrafavoriteSagra Te Cose Noscie,,8 agosto 2026,2026-08-08,2026-08-08,Torre Mozza,Puglia,puglia,Salento,salento,https://sagr.it/puglia/salento/eventi/sagra-te-cose-noscie,,,,,
SagrafavoriteSagra de li diavulicchi,,8 agosto 2026,2026-08-08,2026-08-08,Morciano di Leuca,Puglia,puglia,Salento,salento,https://sagr.it/puglia/salento/eventi/sagra-de-li-diavulicchi,,,,,
SagrafavoriteFesta della municeddha,,10 agosto - 14 agosto 2026,2026-08-10,2026-08-14,Cannole,Puglia,puglia,Salento,salento,https://sagr.it/puglia/salento/eventi/festa-della-municeddha,,,,,
SagrafavoriteSagra delle orecchiette nelle 'nchiosce,,11 agosto - 12 agosto 2026,2026-08-11,2026-08-12,Grottaglie,Puglia,puglia,Salento,salento,https://sagr.it/puglia/salento/eventi/sagra-delle-orecchiette-nelle-nchiosce,,,,,
SagrafavoriteFesta della fica,,16 agosto 2026,2026-08-16,2026-08-16,Marittima,Puglia,puglia,Salento,salento,https://sagr.it/puglia/salento/eventi/festa-della-fica,,,,,
SagrafavoriteMarangiAmo,,16 agosto - 18 luglio 2026,2026-08-16,2026-07-18,Marina di Mancaversa,Puglia,puglia,Salento,salento,https://sagr.it/puglia/salento/eventi/marangiamo,,,,,
SagrafavoriteSagra ti li pizzarieddi,,16 agosto 2026,2026-08-16,2026-08-16,Manduria,Puglia,puglia,Salento,salento,https://sagr.it/puglia/salento/eventi/sagra-ti-li-pizzarieddi,,,,,
SagrafavoriteSagra da far'nedd,,17 agosto 2026,2026-08-17,2026-08-17,Castellaneta,Puglia,puglia,Salento,salento,https://sagr.it/puglia/salento/eventi/sagra-da-far-nedd,,,,,
SagrafavoriteSagra te li piatti te na fiata,,21 agosto - 23 agosto 2026,2026-08-21,2026-08-23,Castri di Lecce,Puglia,puglia,Salento,salento,https://sagr.it/puglia/salento/eventi/sagra-te-li-piatti-te-na-fiata,,,,,
SagrafavoriteSagra della carne di cavallo,,22 agosto - 23 agosto 2026,2026-08-22,2026-08-23,Seclì,Puglia,puglia,Salento,salento,https://sagr.it/puglia/salento/eventi/sagra-della-carne-di-cavallo,,,,,
SagrafavoriteSagra della patata zuccherina,,5 settembre - 7 settembre 2026,2026-09-05,2026-09-07,Frigole,Puglia,puglia,Salento,salento,https://sagr.it/puglia/salento/eventi/sagra-della-patata-zuccherina,,,,,
SagrafavoriteMaru – il peperoncino in festa,,6 settembre - 7 settembre 2026,2026-09-06,2026-09-07,Ruffano,Puglia,puglia,Salento,salento,https://sagr.it/puglia/salento/eventi/maru-il-peperoncino-in-festa,,,,,
SagrafavoriteSagra della friseddhra ‘ncapunata,,7 settembre 2026,2026-09-07,2026-09-07,Magliano,Puglia,puglia,Salento,salento,https://sagr.it/puglia/salento/eventi/sagra-della-friseddhra-ncapunata,,,,,
SagrafavoriteSagra della vulia cazzata,,16 ottobre - 19 ottobre 2026,2026-10-16,2026-10-19,Martano,Puglia,puglia,Salento,salento,https://sagr.it/puglia/salento/eventi/sagra-della-vulia-cazzata,,,,,
SagrafavoriteNovello in festa,,8 novembre - 9 novembre 2026,2026-11-08,2026-11-09,Leverano,Puglia,puglia,Salento,salento,https://sagr.it/puglia/salento/eventi/novello-in-festa,,,,,
Evento culturalefavoriteFuorifalò,,12 dicembre 2026,2026-12-12,2026-12-12,Galatone,Puglia,puglia,Salento,salento,https://sagr.it/puglia/salento/eventi/fuorifalo,,,,,
Festa patronalefavoriteLa Fòcara,,16 gennaio 2027,2027-01-16,2027-01-16,Novoli,Puglia,puglia,Salento,salento,https://sagr.it/puglia/salento/eventi/la-focara,,,,,
SagrafavoriteSagra de s'Anzone,,6 aprile 2026,2026-04-06,2026-04-06,Bidoni',Sardegna,sardegna,Barbagia,barbagia,https://sagr.it/sardegna/barbagia/eventi/sagra-de-s-anzone,,,,,
SagrafavoriteSagra del Torrone di Tonara,,6 aprile 2026,2026-04-06,2026-04-06,Tonara,Sardegna,sardegna,Barbagia,barbagia,https://sagr.it/sardegna/barbagia/eventi/sagra-del-torrone-di-tonara,,,,,
SagrafavoriteSagra del torrone Tonara,,13 aprile 2026,2026-04-13,2026-04-13,Tonara,Sardegna,sardegna,Barbagia,barbagia,https://sagr.it/sardegna/barbagia/eventi/sagra-del-torrone-tonara,,,,,
Evento culturalefavoritePrimavera nel cuore della Sardegna a Villagrande Strisaili,,13 giugno - 14 giugno 2026,2026-06-13,2026-06-14,Villagrande Strisaili,Sardegna,sardegna,Barbagia,barbagia,https://sagr.it/sardegna/barbagia/eventi/primavera-nel-cuore-della-sardegna-a-villagrande-strisaili,,,,,
Evento culturalefavoriteI giorni del Mandrolisai,,20 giugno 2026,2026-06-20,2026-06-20,Atzara,Sardegna,sardegna,Barbagia,barbagia,https://sagr.it/sardegna/barbagia/eventi/i-giorni-del-mandrolisai,,,,,
Evento culturalefavoritePrimavera nel Cuore della Sardegna a Bari Sardo,,20 giugno - 21 giugno 2026,2026-06-20,2026-06-21,Bari Sardo,Sardegna,sardegna,Barbagia,barbagia,https://sagr.it/sardegna/barbagia/eventi/primavera-nel-cuore-della-sardegna-a-bari-sardo,,,,,
SagrafavoriteLongevitas Mandrolisai,,20 giugno 2026,2026-06-20,2026-06-20,Atzara,Sardegna,sardegna,Barbagia,barbagia,https://sagr.it/sardegna/barbagia/eventi/longevitas-mandrolisai,,,,,
SagrafavoriteFiera delle Ciliegie a Lanusei,,25 giugno - 28 giugno 2026,2026-06-25,2026-06-28,Lanusei,Sardegna,sardegna,Barbagia,barbagia,https://sagr.it/sardegna/barbagia/eventi/fiera-delle-ciliegie-a-lanusei,,,,,
SagrafavoriteSagra de Sas Panafittas,,27 giugno 2026,2026-06-27,2026-06-27,Nughedu San Nicolò,Sardegna,sardegna,Barbagia,barbagia,https://sagr.it/sardegna/barbagia/eventi/sagra-de-sas-panafittas,,,,,
Evento culturalefavoriteL’Isola delle Storie a Gavoi,,2 luglio - 5 luglio 2026,2026-07-02,2026-07-05,Gavoi,Sardegna,sardegna,Barbagia,barbagia,https://sagr.it/sardegna/barbagia/eventi/l-isola-delle-storie-a-gavoi,,,,,
FestivalfavoriteI Patagarri a Santa Maria Navarrese,,5 luglio 2026,2026-07-05,2026-07-05,Baunei,Sardegna,sardegna,Barbagia,barbagia,https://sagr.it/sardegna/barbagia/eventi/i-patagarri-a-santa-maria-navarrese,,,,,
RievocazionefavoritePalio degli Asinelli,,11 luglio 2026,2026-07-11,2026-07-11,Ollolai,Sardegna,sardegna,Barbagia,barbagia,https://sagr.it/sardegna/barbagia/eventi/palio-degli-asinelli,,,,,
SagrafavoriteSagra del Maialetto,,18 luglio 2026,2026-07-18,2026-07-18,Baunei,Sardegna,sardegna,Barbagia,barbagia,https://sagr.it/sardegna/barbagia/eventi/sagra-del-maialetto-mqt9i34x,,,,,
SagrafavoriteSagra della Cipolla Dorata a Banari,,18 luglio - 19 luglio 2026,2026-07-18,2026-07-19,Banari,Sardegna,sardegna,Barbagia,barbagia,https://sagr.it/sardegna/barbagia/eventi/sagra-della-cipolla-dorata-a-banari,,,,,
SagrafavoriteSagra dei culurgioni,,25 luglio 2026,2026-07-25,2026-07-25,Tortolì,Sardegna,sardegna,Barbagia,barbagia,https://sagr.it/sardegna/barbagia/eventi/sagra-dei-culurgioni,,,,,
SagrafavoritePratas in festa,,13 agosto 2026,2026-08-13,2026-08-13,Torpè,Sardegna,sardegna,Barbagia,barbagia,https://sagr.it/sardegna/barbagia/eventi/pratas-in-festa,,,,,
Evento culturalefavoriteAutunno in Barbagia,,27 settembre - 28 settembre 2026,2026-09-27,2026-09-28,Austis,Sardegna,sardegna,Barbagia,barbagia,https://sagr.it/sardegna/barbagia/eventi/autunno-in-barbagia,,,,,
SagrafavoriteSagra della Castagna di Aritzo,,25 ottobre - 26 ottobre 2026,2026-10-25,2026-10-26,Aritzo,Sardegna,sardegna,Barbagia,barbagia,https://sagr.it/sardegna/barbagia/eventi/sagra-della-castagna-di-aritzo,,,,,
Festa patronalefavoriteS’Ogulone de Sant’Antoni,,16 gennaio 2027,2027-01-16,2027-01-16,Ottana,Sardegna,sardegna,Barbagia,barbagia,https://sagr.it/sardegna/barbagia/eventi/s-ogulone-de-sant-antoni,,,,,
SagrafavoriteSagra del carciofo Masainas,,11 aprile - 12 aprile 2026,2026-04-11,2026-04-12,Masainas,Sardegna,sardegna,Cagliari e Sulcis,cagliari-e-sulcis,https://sagr.it/sardegna/cagliari-e-sulcis/eventi/sagra-del-carciofo-masainas,,,,,
SagrafavoriteSagra degli Agrumi,,19 aprile 2026,2026-04-19,2026-04-19,Muravera,Sardegna,sardegna,Cagliari e Sulcis,cagliari-e-sulcis,https://sagr.it/sardegna/cagliari-e-sulcis/eventi/sagra-degli-agrumi,,,,,
SagrafavoriteSagra degli Agrumi di Muravera,,24 aprile - 25 aprile 2026,2026-04-24,2026-04-25,Muravera,Sardegna,sardegna,Cagliari e Sulcis,cagliari-e-sulcis,https://sagr.it/sardegna/cagliari-e-sulcis/eventi/sagra-degli-agrumi-di-muravera,,,,,
SagrafavoritePilau International Fest,,15 maggio - 17 maggio 2026,2026-05-15,2026-05-17,Calasetta,Sardegna,sardegna,Cagliari e Sulcis,cagliari-e-sulcis,https://sagr.it/sardegna/cagliari-e-sulcis/eventi/pilau-international-fest,,,,,
SagrafavoriteSagra del pilau,,15 maggio - 17 maggio 2026,2026-05-15,2026-05-17,Calasetta,Sardegna,sardegna,Cagliari e Sulcis,cagliari-e-sulcis,https://sagr.it/sardegna/cagliari-e-sulcis/eventi/sagra-del-pilau,,,,,
Evento culturalefavoriteIl Grande teatro dei piccoli a Cagliari,,10 giugno - 14 giugno 2026,2026-06-10,2026-06-14,Cagliari,Sardegna,sardegna,Cagliari e Sulcis,cagliari-e-sulcis,https://sagr.it/sardegna/cagliari-e-sulcis/eventi/il-grande-teatro-dei-piccoli-a-cagliari,,,,,
Evento culturalefavoriteSardiniaArcheo Festival a Cagliari,,12 giugno - 14 giugno 2026,2026-06-12,2026-06-14,Cagliari,Sardegna,sardegna,Cagliari e Sulcis,cagliari-e-sulcis,https://sagr.it/sardegna/cagliari-e-sulcis/eventi/sardiniaarcheo-festival-a-cagliari,,,,,
FestivalfavoriteUn Mare di Musica ad Assemini,,13 giugno 2026,2026-06-13,2026-06-13,Assemini,Sardegna,sardegna,Cagliari e Sulcis,cagliari-e-sulcis,https://sagr.it/sardegna/cagliari-e-sulcis/eventi/un-mare-di-musica-ad-assemini,,,,,
SagrafavoriteSagra del tonno,,13 giugno - 14 giugno 2026,2026-06-13,2026-06-14,Portoscuso,Sardegna,sardegna,Cagliari e Sulcis,cagliari-e-sulcis,https://sagr.it/sardegna/cagliari-e-sulcis/eventi/sagra-del-tonno,,,,,
SagrafavoriteSagra delle Ciliegie,,14 giugno 2026,2026-06-14,2026-06-14,Villanova Tulo,Sardegna,sardegna,Cagliari e Sulcis,cagliari-e-sulcis,https://sagr.it/sardegna/cagliari-e-sulcis/eventi/sagra-delle-ciliegie-mq9iadhp,,,,,
Evento culturalefavoriteMarina Café Noir a Elmas,,19 giugno - 21 giugno 2026,2026-06-19,2026-06-21,Elmas,Sardegna,sardegna,Cagliari e Sulcis,cagliari-e-sulcis,https://sagr.it/sardegna/cagliari-e-sulcis/eventi/marina-cafe-noir-a-elmas,,,,,
FestivalfavoriteDNA Music Festival a Carbonia,,19 giugno - 21 giugno 2026,2026-06-19,2026-06-21,Carbonia,Sardegna,sardegna,Cagliari e Sulcis,cagliari-e-sulcis,https://sagr.it/sardegna/cagliari-e-sulcis/eventi/dna-music-festival-a-carbonia,,,,,
"SagrafavoriteSagra ""Malloreddus de stùa""",,20 giugno 2026,2026-06-20,2026-06-20,San Sperate,Sardegna,sardegna,Cagliari e Sulcis,cagliari-e-sulcis,https://sagr.it/sardegna/cagliari-e-sulcis/eventi/sagra-malloreddus-de-stua,,,,,
SagrafavoriteSagra di San Vito,,20 giugno - 21 giugno 2026,2026-06-20,2026-06-21,San Vito,Sardegna,sardegna,Cagliari e Sulcis,cagliari-e-sulcis,https://sagr.it/sardegna/cagliari-e-sulcis/eventi/sagra-di-san-vito,,,,,
FestivalfavoriteMare e Miniere a Porto Scuso,,23 giugno - 28 giugno 2026,2026-06-23,2026-06-28,Portoscuso,Sardegna,sardegna,Cagliari e Sulcis,cagliari-e-sulcis,https://sagr.it/sardegna/cagliari-e-sulcis/eventi/mare-e-miniere-a-porto-scuso,,,,,
Evento culturalefavoriteSerramanna Film,Festival,2 luglio - 11 luglio 2026,2026-07-02,2026-07-11,Serramanna,Sardegna,sardegna,Cagliari e Sulcis,cagliari-e-sulcis,https://sagr.it/sardegna/cagliari-e-sulcis/eventi/serramanna-film-festival,,,,,
SagrafavoriteCalici in Tonnara a Portoscuso,,3 luglio - 5 luglio 2026,2026-07-03,2026-07-05,Portoscuso,Sardegna,sardegna,Cagliari e Sulcis,cagliari-e-sulcis,https://sagr.it/sardegna/cagliari-e-sulcis/eventi/calici-in-tonnara-a-portoscuso,,,,,
SagrafavoriteIsola Birra a Cagliari,,3 luglio - 5 luglio 2026,2026-07-03,2026-07-05,Cagliari,Sardegna,sardegna,Cagliari e Sulcis,cagliari-e-sulcis,https://sagr.it/sardegna/cagliari-e-sulcis/eventi/isola-birra-a-cagliari,,,,,
Evento culturalefavoriteSERE FAI D’ESTATE alle Saline Conti Vecchi ad Assemini,,4 luglio - 5 luglio 2026,2026-07-04,2026-07-05,Assemini,Sardegna,sardegna,Cagliari e Sulcis,cagliari-e-sulcis,https://sagr.it/sardegna/cagliari-e-sulcis/eventi/sere-fai-d-estate-alle-saline-conti-vecchi-ad-assemini,,,,,
Evento culturalefavoriteLa Notte dei Poeti a Nora,,9 luglio - 25 luglio 2026,2026-07-09,2026-07-25,Pula,Sardegna,sardegna,Cagliari e Sulcis,cagliari-e-sulcis,https://sagr.it/sardegna/cagliari-e-sulcis/eventi/la-notte-dei-poeti-a-nora,,,,,
FestivalfavoriteMonserrato Beer Fest,,16 luglio - 18 luglio 2026,2026-07-16,2026-07-18,Monserrato,Sardegna,sardegna,Cagliari e Sulcis,cagliari-e-sulcis,https://sagr.it/sardegna/cagliari-e-sulcis/eventi/monserrato-beer-fest,,,,,
Evento culturalefavoriteSergio Bernal a Sant’Antioco,,18 luglio 2026,2026-07-18,2026-07-18,Sant'Antioco,Sardegna,sardegna,Cagliari e Sulcis,cagliari-e-sulcis,https://sagr.it/sardegna/cagliari-e-sulcis/eventi/sergio-bernal-a-sant-antioco,,,,,
SagrafavoriteSagra delle Pesche,,18 luglio - 19 luglio 2026,2026-07-18,2026-07-19,San Sperate,Sardegna,sardegna,Cagliari e Sulcis,cagliari-e-sulcis,https://sagr.it/sardegna/cagliari-e-sulcis/eventi/sagra-delle-pesche-mqt9i36s,,,,,
FestivalfavoriteFestival Narcao Blues,,22 luglio - 25 luglio 2026,2026-07-22,2026-07-25,Narcao,Sardegna,sardegna,Cagliari e Sulcis,cagliari-e-sulcis,https://sagr.it/sardegna/cagliari-e-sulcis/eventi/festival-narcao-blues,,,,,
FestivalfavoriteElio e le Storie Tese a Cagliari,,24 luglio 2026,2026-07-24,2026-07-24,Cagliari,Sardegna,sardegna,Cagliari e Sulcis,cagliari-e-sulcis,https://sagr.it/sardegna/cagliari-e-sulcis/eventi/elio-e-le-storie-tese-a-cagliari,,,,,
Evento culturalefavoriteRoberto Bolle alla Forte Arena di Pula,,26 luglio 2026,2026-07-26,2026-07-26,Pula,Sardegna,sardegna,Cagliari e Sulcis,cagliari-e-sulcis,https://sagr.it/sardegna/cagliari-e-sulcis/eventi/roberto-bolle-alla-forte-arena-di-pula,,,,,
FestivalfavoriteNegrita in concerto a Sant’Antioco,,7 agosto 2026,2026-08-07,2026-08-07,Sant'Antioco,Sardegna,sardegna,Cagliari e Sulcis,cagliari-e-sulcis,https://sagr.it/sardegna/cagliari-e-sulcis/eventi/negrita-in-concerto-a-sant-antioco,,,,,
SagrafavoriteSagra delle pesche,,9 agosto 2026,2026-08-09,2026-08-09,San Sperate,Sardegna,sardegna,Cagliari e Sulcis,cagliari-e-sulcis,https://sagr.it/sardegna/cagliari-e-sulcis/eventi/sagra-delle-pesche,,,,,
SagrafavoriteSagra della capra,,10 agosto 2026,2026-08-10,2026-08-10,Fluminimaggiore,Sardegna,sardegna,Cagliari e Sulcis,cagliari-e-sulcis,https://sagr.it/sardegna/cagliari-e-sulcis/eventi/sagra-della-capra,,,,,
SagrafavoriteSagra de is cocoeddas,,12 agosto 2026,2026-08-12,2026-08-12,Esterzili,Sardegna,sardegna,Cagliari e Sulcis,cagliari-e-sulcis,https://sagr.it/sardegna/cagliari-e-sulcis/eventi/sagra-de-is-cocoeddas,,,,,
SagrafavoriteFesta del borgo e sagra del civraxiu,,28 settembre 2026,2026-09-28,2026-09-28,Sanluri,Sardegna,sardegna,Cagliari e Sulcis,cagliari-e-sulcis,https://sagr.it/sardegna/cagliari-e-sulcis/eventi/festa-del-borgo-e-sagra-del-civraxiu,,,,,
SagrafavoriteMostra dei funghi,,4 ottobre - 19 ottobre 2026,2026-10-04,2026-10-19,San Vito,Sardegna,sardegna,Cagliari e Sulcis,cagliari-e-sulcis,https://sagr.it/sardegna/cagliari-e-sulcis/eventi/mostra-dei-funghi,,,,,
SagrafavoriteSagra del Mandorlo,,4 ottobre - 5 ottobre 2026,2026-10-04,2026-10-05,Sant'Andrea Frius,Sardegna,sardegna,Cagliari e Sulcis,cagliari-e-sulcis,https://sagr.it/sardegna/cagliari-e-sulcis/eventi/sagra-del-mandorlo,,,,,
SagrafavoriteSaboris Antigus,,26 ottobre 2026,2026-10-26,2026-10-26,Gergei,Sardegna,sardegna,Cagliari e Sulcis,cagliari-e-sulcis,https://sagr.it/sardegna/cagliari-e-sulcis/eventi/saboris-antigus,,,,,
SagrafavoriteStrade dello Zafferano di Sardegna DOP,,1 novembre - 16 novembre 2026,2026-11-01,2026-11-16,Villanovafranca,Sardegna,sardegna,Cagliari e Sulcis,cagliari-e-sulcis,https://sagr.it/sardegna/cagliari-e-sulcis/eventi/strade-dello-zafferano-di-sardegna-dop,,,,,
SagrafavoriteSagra del Vino Novello,,7 novembre - 16 novembre 2026,2026-11-07,2026-11-16,Dolianova,Sardegna,sardegna,Cagliari e Sulcis,cagliari-e-sulcis,https://sagr.it/sardegna/cagliari-e-sulcis/eventi/sagra-del-vino-novello,,,,,
SagrafavoriteSagra del Carciofo – Fiera Agroalimentare del medio campidano,,12 marzo - 15 marzo 2027,2027-03-12,2027-03-15,Samassi,Sardegna,sardegna,Cagliari e Sulcis,cagliari-e-sulcis,https://sagr.it/sardegna/cagliari-e-sulcis/eventi/sagra-del-carciofo-fiera-agroalimentare-del-medio-campidano,,,,,
FestivalfavoriteJazz Alguer,,10 aprile - 30 ottobre 2026,2026-04-10,2026-10-30,Alghero,Sardegna,sardegna,Gallura e Costa Smeralda,gallura-e-costa-smeralda,https://sagr.it/sardegna/gallura-e-costa-smeralda/eventi/jazz-alguer,,,,,
SagrafavoriteSagra della Fragola &ndash; Sa Segada,,9 maggio - 10 maggio 2026,2026-05-09,2026-05-10,Alghero,Sardegna,sardegna,Gallura e Costa Smeralda,gallura-e-costa-smeralda,https://sagr.it/sardegna/gallura-e-costa-smeralda/eventi/sagra-della-fragola-sa-segada,,,,,
Festa patronalefavoriteFesta di San Simplicio - Sagra della cozza,,13 maggio - 18 maggio 2026,2026-05-13,2026-05-18,Olbia,Sardegna,sardegna,Gallura e Costa Smeralda,gallura-e-costa-smeralda,https://sagr.it/sardegna/gallura-e-costa-smeralda/eventi/festa-di-san-simplicio-sagra-della-cozza,,,,,
RievocazionefavoriteCavalcata Sarda,,17 maggio 2026,2026-05-17,2026-05-17,Sassari,Sardegna,sardegna,Gallura e Costa Smeralda,gallura-e-costa-smeralda,https://sagr.it/sardegna/gallura-e-costa-smeralda/eventi/cavalcata-sarda,,,,,
SagrafavoriteAlguer Wine Week,,8 giugno - 14 giugno 2026,2026-06-08,2026-06-14,Alghero,Sardegna,sardegna,Gallura e Costa Smeralda,gallura-e-costa-smeralda,https://sagr.it/sardegna/gallura-e-costa-smeralda/eventi/alguer-wine-week,,,,,
SagrafavoriteLi Punti Summer Fest,,12 giugno - 14 giugno 2026,2026-06-12,2026-06-14,Li Punti,Sardegna,sardegna,Gallura e Costa Smeralda,gallura-e-costa-smeralda,https://sagr.it/sardegna/gallura-e-costa-smeralda/eventi/li-punti-summer-fest,,,,,
Evento culturalefavoriteBudoni Summer Welcome,,14 giugno 2026,2026-06-14,2026-06-14,Budoni,Sardegna,sardegna,Gallura e Costa Smeralda,gallura-e-costa-smeralda,https://sagr.it/sardegna/gallura-e-costa-smeralda/eventi/budoni-summer-welcome,,,,,
FierafavoriteFressada a Villanova Monteleone,,14 giugno - 21 giugno 2026,2026-06-14,2026-06-21,Villanova Monteleone,Sardegna,sardegna,Gallura e Costa Smeralda,gallura-e-costa-smeralda,https://sagr.it/sardegna/gallura-e-costa-smeralda/eventi/fressada-a-villanova-monteleone,,,,,
Evento culturalefavoriteDomos Abbeltas a Luras,,19 giugno - 21 giugno 2026,2026-06-19,2026-06-21,Luras,Sardegna,sardegna,Gallura e Costa Smeralda,gallura-e-costa-smeralda,https://sagr.it/sardegna/gallura-e-costa-smeralda/eventi/domos-abbeltas-a-luras,,,,,
FestivalfavoriteAnteprima Time in Jazz a Berchidda,,19 giugno - 21 giugno 2026,2026-06-19,2026-06-21,Berchidda,Sardegna,sardegna,Gallura e Costa Smeralda,gallura-e-costa-smeralda,https://sagr.it/sardegna/gallura-e-costa-smeralda/eventi/anteprima-time-in-jazz-a-berchidda,,,,,
Festa patronalefavoriteFocs de Sant Joan ad Alghero,,20 giugno - 24 giugno 2026,2026-06-20,2026-06-24,Alghero,Sardegna,sardegna,Gallura e Costa Smeralda,gallura-e-costa-smeralda,https://sagr.it/sardegna/gallura-e-costa-smeralda/eventi/focs-de-sant-joan-ad-alghero,,,,,
FestivalfavoriteCASADILEGO in concerto a Berchidda,,20 giugno 2026,2026-06-20,2026-06-20,Berchidda,Sardegna,sardegna,Gallura e Costa Smeralda,gallura-e-costa-smeralda,https://sagr.it/sardegna/gallura-e-costa-smeralda/eventi/casadilego-in-concerto-a-berchidda,,,,,
Festa patronalefavoriteFesta di San Giovanni,,26 giugno - 27 giugno 2026,2026-06-26,2026-06-27,Sassari,Sardegna,sardegna,Gallura e Costa Smeralda,gallura-e-costa-smeralda,https://sagr.it/sardegna/gallura-e-costa-smeralda/eventi/festa-di-san-giovanni-mqjngcze,,,,,
FestivalfavoriteGolfo Aranci Music,Festival,26 giugno - 28 giugno 2026,2026-06-26,2026-06-28,Golfo Aranci,Sardegna,sardegna,Gallura e Costa Smeralda,gallura-e-costa-smeralda,https://sagr.it/sardegna/gallura-e-costa-smeralda/eventi/golfo-aranci-music-festival,,,,,
FestivalfavoriteConcerto dei Negramaro a Golfo Aranci,,27 giugno 2026,2026-06-27,2026-06-27,Golfo Aranci,Sardegna,sardegna,Gallura e Costa Smeralda,gallura-e-costa-smeralda,https://sagr.it/sardegna/gallura-e-costa-smeralda/eventi/concerto-dei-negramaro-a-golfo-aranci,,,,,
SagrafavoriteSagra de Sas Panafittas,,27 giugno 2026,2026-06-27,2026-06-27,Nughedu San Nicolò,Sardegna,sardegna,Gallura e Costa Smeralda,gallura-e-costa-smeralda,https://sagr.it/sardegna/gallura-e-costa-smeralda/eventi/sagra-de-sas-panafittas-mqbssigs,,,,,
Evento culturalefavoriteMariangela Pira a Porto Torres,,3 luglio 2026,2026-07-03,2026-07-03,Porto Torres,Sardegna,sardegna,Gallura e Costa Smeralda,gallura-e-costa-smeralda,https://sagr.it/sardegna/gallura-e-costa-smeralda/eventi/mariangela-pira-a-porto-torres,,,,,
Evento culturalefavoriteLuca Bizzarri ad Alghero,,4 luglio 2026,2026-07-04,2026-07-04,Alghero,Sardegna,sardegna,Gallura e Costa Smeralda,gallura-e-costa-smeralda,https://sagr.it/sardegna/gallura-e-costa-smeralda/eventi/luca-bizzarri-ad-alghero,,,,,
FestivalfavoriteFestival delle Bellezze a Olmedo,,4 luglio 2026,2026-07-04,2026-07-04,Olmedo,Sardegna,sardegna,Gallura e Costa Smeralda,gallura-e-costa-smeralda,https://sagr.it/sardegna/gallura-e-costa-smeralda/eventi/festival-delle-bellezze-a-olmedo,,,,,
SagrafavoriteFesta della Paranza a Calangianus,,4 luglio 2026,2026-07-04,2026-07-04,Calangianus,Sardegna,sardegna,Gallura e Costa Smeralda,gallura-e-costa-smeralda,https://sagr.it/sardegna/gallura-e-costa-smeralda/eventi/festa-della-paranza-a-calangianus,,,,,
FestivalfavoriteRobbie Williams a Porto Cervo,,9 luglio 2026,2026-07-09,2026-07-09,Arzachena,Sardegna,sardegna,Gallura e Costa Smeralda,gallura-e-costa-smeralda,https://sagr.it/sardegna/gallura-e-costa-smeralda/eventi/robbie-williams-a-porto-cervo,,,,,
SagrafavoriteSagra della Seadas,,10 luglio 2026,2026-07-10,2026-07-10,Sant'Antonio di Gallura,Sardegna,sardegna,Gallura e Costa Smeralda,gallura-e-costa-smeralda,https://sagr.it/sardegna/gallura-e-costa-smeralda/eventi/sagra-della-seadas,,,,,
FestivalfavoriteCoros in Festa a Loiri,,12 luglio 2026,2026-07-12,2026-07-12,Loiri Porto San Paolo,Sardegna,sardegna,Gallura e Costa Smeralda,gallura-e-costa-smeralda,https://sagr.it/sardegna/gallura-e-costa-smeralda/eventi/coros-in-festa-a-loiri,,,,,
FestivalfavoriteIttiri Folk Festa,,16 luglio - 21 luglio 2026,2026-07-16,2026-07-21,Ittiri,Sardegna,sardegna,Gallura e Costa Smeralda,gallura-e-costa-smeralda,https://sagr.it/sardegna/gallura-e-costa-smeralda/eventi/ittiri-folk-festa,,,,,
FestivalfavoriteRadio Deejay ad Alghero,,17 luglio - 19 luglio 2026,2026-07-17,2026-07-19,Alghero,Sardegna,sardegna,Gallura e Costa Smeralda,gallura-e-costa-smeralda,https://sagr.it/sardegna/gallura-e-costa-smeralda/eventi/radio-deejay-ad-alghero,,,,,
Evento culturalefavoriteLa Nuit des Étoiles a Olbia,,18 luglio 2026,2026-07-18,2026-07-18,Olbia,Sardegna,sardegna,Gallura e Costa Smeralda,gallura-e-costa-smeralda,https://sagr.it/sardegna/gallura-e-costa-smeralda/eventi/la-nuit-des-etoiles-a-olbia,,,,,
SagrafavoriteSagra della Lumaca,,18 luglio 2026,2026-07-18,2026-07-18,Ossi,Sardegna,sardegna,Gallura e Costa Smeralda,gallura-e-costa-smeralda,https://sagr.it/sardegna/gallura-e-costa-smeralda/eventi/sagra-della-lumaca-mqjngcy1,,,,,
SagrafavoriteSagra della cipolla dorata,,19 luglio - 20 luglio 2026,2026-07-19,2026-07-20,Banari,Sardegna,sardegna,Gallura e Costa Smeralda,gallura-e-costa-smeralda,https://sagr.it/sardegna/gallura-e-costa-smeralda/eventi/sagra-della-cipolla-dorata,,,,,
FestivalfavoriteTommaso Paradiso in concerto ad Alghero,,25 luglio 2026,2026-07-25,2026-07-25,Alghero,Sardegna,sardegna,Gallura e Costa Smeralda,gallura-e-costa-smeralda,https://sagr.it/sardegna/gallura-e-costa-smeralda/eventi/tommaso-paradiso-in-concerto-ad-alghero,,,,,
SagrafavoriteSagra del bovino,,26 luglio 2026,2026-07-26,2026-07-26,Calangianus,Sardegna,sardegna,Gallura e Costa Smeralda,gallura-e-costa-smeralda,https://sagr.it/sardegna/gallura-e-costa-smeralda/eventi/sagra-del-bovino,,,,,
FestivalfavoriteLitfiba in concerto ad Alghero,,1 agosto 2026,2026-08-01,2026-08-01,Alghero,Sardegna,sardegna,Gallura e Costa Smeralda,gallura-e-costa-smeralda,https://sagr.it/sardegna/gallura-e-costa-smeralda/eventi/litfiba-in-concerto-ad-alghero,,,,,
FestivalfavoriteConcerto di Blanco ad Alghero,,6 agosto 2026,2026-08-06,2026-08-06,Alghero,Sardegna,sardegna,Gallura e Costa Smeralda,gallura-e-costa-smeralda,https://sagr.it/sardegna/gallura-e-costa-smeralda/eventi/concerto-di-blanco-ad-alghero,,,,,
SagrafavoriteSagra del mirto,,8 agosto 2026,2026-08-08,2026-08-08,Telti,Sardegna,sardegna,Gallura e Costa Smeralda,gallura-e-costa-smeralda,https://sagr.it/sardegna/gallura-e-costa-smeralda/eventi/sagra-del-mirto,,,,,
SagrafavoriteSagra delle lumache,,8 agosto - 9 agosto 2026,2026-08-08,2026-08-09,Badesi,Sardegna,sardegna,Gallura e Costa Smeralda,gallura-e-costa-smeralda,https://sagr.it/sardegna/gallura-e-costa-smeralda/eventi/sagra-delle-lumache,,,,,
SagrafavoriteSagra del zichi,,9 agosto 2026,2026-08-09,2026-08-09,Bonorva,Sardegna,sardegna,Gallura e Costa Smeralda,gallura-e-costa-smeralda,https://sagr.it/sardegna/gallura-e-costa-smeralda/eventi/sagra-del-zichi,,,,,
SagrafavoriteSagra della pecora,,9 agosto 2026,2026-08-09,2026-08-09,Ploaghe,Sardegna,sardegna,Gallura e Costa Smeralda,gallura-e-costa-smeralda,https://sagr.it/sardegna/gallura-e-costa-smeralda/eventi/sagra-della-pecora,,,,,
SagrafavoriteFesta del Turista - Sagra della Salsiccia e del Formaggio,,10 agosto 2026,2026-08-10,2026-08-10,Aglientu,Sardegna,sardegna,Gallura e Costa Smeralda,gallura-e-costa-smeralda,https://sagr.it/sardegna/gallura-e-costa-smeralda/eventi/festa-del-turista-sagra-della-salsiccia-e-del-formaggio,,,,,
RievocazionefavoriteLa cavalcata osilese e la corsa dell'anello,,12 agosto 2026,2026-08-12,2026-08-12,Osilo,Sardegna,sardegna,Gallura e Costa Smeralda,gallura-e-costa-smeralda,https://sagr.it/sardegna/gallura-e-costa-smeralda/eventi/la-cavalcata-osilese-e-la-corsa-dell-anello,,,,,
Festa patronalefavoriteSa essida de sos candhaleris-sagra della pecora,,14 agosto 2026,2026-08-14,2026-08-14,Nulvi,Sardegna,sardegna,Gallura e Costa Smeralda,gallura-e-costa-smeralda,https://sagr.it/sardegna/gallura-e-costa-smeralda/eventi/sa-essida-de-sos-candhaleris-sagra-della-pecora,,,,,
EventofavoriteRally Italia Sardegna,,1 ottobre - 4 ottobre 2026,2026-10-01,2026-10-04,Alghero,Sardegna,sardegna,Gallura e Costa Smeralda,gallura-e-costa-smeralda,https://sagr.it/sardegna/gallura-e-costa-smeralda/eventi/rally-italia-sardegna,,,,,
SagrafavoriteSagra del Carciofo di Uri,,7 marzo - 8 marzo 2027,2027-03-07,2027-03-08,Uri,Sardegna,sardegna,Gallura e Costa Smeralda,gallura-e-costa-smeralda,https://sagr.it/sardegna/gallura-e-costa-smeralda/eventi/sagra-del-carciofo-di-uri,,,,,
SagrafavoriteFesta de Su Binu Nou,,29 marzo 2026,2026-03-29,2026-03-29,Sardara,Sardegna,sardegna,Oristano e Sinis,oristano-e-sinis,https://sagr.it/sardegna/oristano-e-sinis/eventi/festa-de-su-binu-nou-mna3j54h,,,,,
FierafavoriteFiera dell&rsquo;Agricoltura Arborea,,18 aprile - 19 aprile 2026,2026-04-18,2026-04-19,Arborea,Sardegna,sardegna,Oristano e Sinis,oristano-e-sinis,https://sagr.it/sardegna/oristano-e-sinis/eventi/fiera-dell-agricoltura-arborea,,,,,
SagrafavoriteSagra dell’asparago selvatico Tissi,,19 aprile 2026,2026-04-19,2026-04-19,Tissi,Sardegna,sardegna,Oristano e Sinis,oristano-e-sinis,https://sagr.it/sardegna/oristano-e-sinis/eventi/sagra-dell-asparago-selvatico-tissi,,,,,
SagrafavoriteSagra de Su Pani Saba,,25 aprile 2026,2026-04-25,2026-04-25,Sini,Sardegna,sardegna,Oristano e Sinis,oristano-e-sinis,https://sagr.it/sardegna/oristano-e-sinis/eventi/sagra-de-su-pani-saba,,,,,
SagrafavoriteSagra de Sa Pardula,,26 aprile 2026,2026-04-26,2026-04-26,Nureci,Sardegna,sardegna,Oristano e Sinis,oristano-e-sinis,https://sagr.it/sardegna/oristano-e-sinis/eventi/sagra-de-sa-pardula,,,,,
SagrafavoriteSagra delle Fave,,26 aprile 2026,2026-04-26,2026-04-26,Pauli Arbarei,Sardegna,sardegna,Oristano e Sinis,oristano-e-sinis,https://sagr.it/sardegna/oristano-e-sinis/eventi/sagra-delle-fave,,,,,
Evento culturalefavoriteCantinArte,,2 maggio - 6 giugno 2026,2026-05-02,2026-06-06,Nurachi,Sardegna,sardegna,Oristano e Sinis,oristano-e-sinis,https://sagr.it/sardegna/oristano-e-sinis/eventi/cantinarte,,,,,
RievocazionefavoriteSa Festa Antiga,,2 maggio - 3 maggio 2026,2026-05-02,2026-05-03,Tortolì,Sardegna,sardegna,Oristano e Sinis,oristano-e-sinis,https://sagr.it/sardegna/oristano-e-sinis/eventi/sa-festa-antiga,,,,,
SagrafavoriteBosa Wine,Festival,23 maggio - 24 maggio 2026,2026-05-23,2026-05-24,Bosa,Sardegna,sardegna,Oristano e Sinis,oristano-e-sinis,https://sagr.it/sardegna/oristano-e-sinis/eventi/bosa-wine-festival,,,,,
Evento culturalefavoriteFestival Licanìas a Neoneli,,18 giugno - 21 giugno 2026,2026-06-18,2026-06-21,Neoneli,Sardegna,sardegna,Oristano e Sinis,oristano-e-sinis,https://sagr.it/sardegna/oristano-e-sinis/eventi/festival-licanias-a-neoneli,,,,,
Evento culturalefavoriteArcheobeer Fest a San Salvatore di Sinis,,19 giugno - 21 giugno 2026,2026-06-19,2026-06-21,Cabras,Sardegna,sardegna,Oristano e Sinis,oristano-e-sinis,https://sagr.it/sardegna/oristano-e-sinis/eventi/archeobeer-fest-a-san-salvatore-di-sinis,,,,,
SagrafavoriteSagra della Pecora,,20 giugno 2026,2026-06-20,2026-06-20,Mogorella,Sardegna,sardegna,Oristano e Sinis,oristano-e-sinis,https://sagr.it/sardegna/oristano-e-sinis/eventi/sagra-della-pecora-mqjngcx2,,,,,
FestivalfavoriteDaniele Silvestri in concerto a Oristano,,27 giugno 2026,2026-06-27,2026-06-27,Oristano,Sardegna,sardegna,Oristano e Sinis,oristano-e-sinis,https://sagr.it/sardegna/oristano-e-sinis/eventi/daniele-silvestri-in-concerto-a-oristano,,,,,
SagrafavoriteLa Sagra della Pecora,,27 giugno 2026,2026-06-27,2026-06-27,Siamanna,Sardegna,sardegna,Oristano e Sinis,oristano-e-sinis,https://sagr.it/sardegna/oristano-e-sinis/eventi/la-sagra-della-pecora,,,,,
SagrafavoriteSagra del Vitello,,18 luglio 2026,2026-07-18,2026-07-18,Santa Caterina di Pittinuri,Sardegna,sardegna,Oristano e Sinis,oristano-e-sinis,https://sagr.it/sardegna/oristano-e-sinis/eventi/sagra-del-vitello,,,,,
SagrafavoriteSagra delle lorigghittas,,2 agosto - 3 agosto 2026,2026-08-02,2026-08-03,Morgongiori,Sardegna,sardegna,Oristano e Sinis,oristano-e-sinis,https://sagr.it/sardegna/oristano-e-sinis/eventi/sagra-delle-lorigghittas,,,,,
"Evento culturalefavoriteJuos, panes e funtanas",,9 agosto 2026,2026-08-09,2026-08-09,Scano di Montiferro,Sardegna,sardegna,Oristano e Sinis,oristano-e-sinis,https://sagr.it/sardegna/oristano-e-sinis/eventi/juos-panes-e-funtanas,,,,,
SagrafavoriteOllastra in Mirto,,9 agosto 2026,2026-08-09,2026-08-09,Ollastra,Sardegna,sardegna,Oristano e Sinis,oristano-e-sinis,https://sagr.it/sardegna/oristano-e-sinis/eventi/ollastra-in-mirto,,,,,
SagrafavoriteSagra dell'anguria,,9 agosto 2026,2026-08-09,2026-08-09,Arborea,Sardegna,sardegna,Oristano e Sinis,oristano-e-sinis,https://sagr.it/sardegna/oristano-e-sinis/eventi/sagra-dell-anguria,,,,,
FestivalfavoriteMario Biondi a Neoneli,,11 agosto 2026,2026-08-11,2026-08-11,Neoneli,Sardegna,sardegna,Oristano e Sinis,oristano-e-sinis,https://sagr.it/sardegna/oristano-e-sinis/eventi/mario-biondi-a-neoneli,,,,,
FestivalfavoriteSubsonica in concerto a Cabras,,16 agosto 2026,2026-08-16,2026-08-16,Cabras,Sardegna,sardegna,Oristano e Sinis,oristano-e-sinis,https://sagr.it/sardegna/oristano-e-sinis/eventi/subsonica-in-concerto-a-cabras,,,,,
SagrafavoriteAttoppa a camasinu!,,17 agosto 2026,2026-08-17,2026-08-17,Bosa,Sardegna,sardegna,Oristano e Sinis,oristano-e-sinis,https://sagr.it/sardegna/oristano-e-sinis/eventi/attoppa-a-camasinu,,,,,
SagrafavoriteSagra de su succu,,30 agosto 2026,2026-08-30,2026-08-30,Busachi,Sardegna,sardegna,Oristano e Sinis,oristano-e-sinis,https://sagr.it/sardegna/oristano-e-sinis/eventi/sagra-de-su-succu,,,,,
SagrafavoriteSagra del miele,,30 agosto - 31 agosto 2026,2026-08-30,2026-08-31,Montevecchio,Sardegna,sardegna,Oristano e Sinis,oristano-e-sinis,https://sagr.it/sardegna/oristano-e-sinis/eventi/sagra-del-miele,,,,,
SagrafavoriteCastagne e Coltelli,,10 ottobre - 11 ottobre 2026,2026-10-10,2026-10-11,Frabosa Soprana,Sardegna,sardegna,Oristano e Sinis,oristano-e-sinis,https://sagr.it/sardegna/oristano-e-sinis/eventi/castagne-e-coltelli,,,,,
SagrafavoriteSagra della polenta di Arborea,,17 ottobre - 18 ottobre 2026,2026-10-17,2026-10-18,Arborea,Sardegna,sardegna,Oristano e Sinis,oristano-e-sinis,https://sagr.it/sardegna/oristano-e-sinis/eventi/sagra-della-polenta-di-arborea,,,,,
SagrafavoriteSagra dei li pani fattu in domu,,24 ottobre - 26 ottobre 2026,2026-10-24,2026-10-26,Villaurbana,Sardegna,sardegna,Oristano e Sinis,oristano-e-sinis,https://sagr.it/sardegna/oristano-e-sinis/eventi/sagra-dei-li-pani-fattu-in-domu,,,,,
SagrafavoriteArtes e Sabores,,29 novembre - 30 novembre 2026,2026-11-29,2026-11-30,Santu Lussurgiu,Sardegna,sardegna,Oristano e Sinis,oristano-e-sinis,https://sagr.it/sardegna/oristano-e-sinis/eventi/artes-e-sabores,,,,,
SagrafavoriteSagra Agrumi,,31 gennaio - 1 febbraio 2027,2027-01-31,2027-02-01,Zerfaliu,Sardegna,sardegna,Oristano e Sinis,oristano-e-sinis,https://sagr.it/sardegna/oristano-e-sinis/eventi/sagra-agrumi,,,,,
RievocazionefavoriteLa Sartiglia,,15 febbraio - 17 febbraio 2027,2027-02-15,2027-02-17,Oristano,Sardegna,sardegna,Oristano e Sinis,oristano-e-sinis,https://sagr.it/sardegna/oristano-e-sinis/eventi/la-sartiglia,,,,,
SagrafavoriteSagra della Zipola,,8 marzo 2027,2027-03-08,2027-03-08,Narbolia,Sardegna,sardegna,Oristano e Sinis,oristano-e-sinis,https://sagr.it/sardegna/oristano-e-sinis/eventi/sagra-della-zipola,,,,,
RievocazionefavoriteArchi di Pasqua,,5 aprile - 10 maggio 2026,2026-04-05,2026-05-10,San Biagio Platani,Sicilia,sicilia,Agrigento e Valle dei Templi,agrigento-e-valle-dei-templi,https://sagr.it/sicilia/agrigento-e-valle-dei-templi/eventi/archi-di-pasqua,,,,,
SagrafavoriteSagra dell'asparago selvatico sicano,,10 aprile - 12 aprile 2026,2026-04-10,2026-04-12,Sant'Angelo Muxaro,Sicilia,sicilia,Agrigento e Valle dei Templi,agrigento-e-valle-dei-templi,https://sagr.it/sicilia/agrigento-e-valle-dei-templi/eventi/sagra-dell-asparago-selvatico-sicano,,,,,
SagrafavoriteSagra della ricotta e del cannolo,,2 maggio - 3 maggio 2026,2026-05-02,2026-05-03,Mussomeli,Sicilia,sicilia,Agrigento e Valle dei Templi,agrigento-e-valle-dei-templi,https://sagr.it/sicilia/agrigento-e-valle-dei-templi/eventi/sagra-della-ricotta-e-del-cannolo,,,,,
SagrafavoriteSagra Mpurnatu e Mpanata,,8 maggio - 10 maggio 2026,2026-05-08,2026-05-10,Campobello di Licata,Sicilia,sicilia,Agrigento e Valle dei Templi,agrigento-e-valle-dei-templi,https://sagr.it/sicilia/agrigento-e-valle-dei-templi/eventi/sagra-mpurnatu-e-mpanata,,,,,
SagrafavoriteSagra della Froscia e della 'Ncannellata,,8 maggio - 10 maggio 2026,2026-05-08,2026-05-10,Alessandria della Rocca,Sicilia,sicilia,Agrigento e Valle dei Templi,agrigento-e-valle-dei-templi,https://sagr.it/sicilia/agrigento-e-valle-dei-templi/eventi/sagra-della-froscia-e-della-ncannellata,,,,,
FierafavoriteSciacca Ceramiche d&rsquo;Autore,,15 maggio - 17 maggio 2026,2026-05-15,2026-05-17,Sciacca,Sicilia,sicilia,Agrigento e Valle dei Templi,agrigento-e-valle-dei-templi,https://sagr.it/sicilia/agrigento-e-valle-dei-templi/eventi/sciacca-ceramiche-d-autore,,,,,
Festa patronalefavoriteFesta di Santa Croce - Sagra del Tataratà,,28 maggio - 31 maggio 2026,2026-05-28,2026-05-31,Casteltermini,Sicilia,sicilia,Agrigento e Valle dei Templi,agrigento-e-valle-dei-templi,https://sagr.it/sicilia/agrigento-e-valle-dei-templi/eventi/festa-di-santa-croce-sagra-del-tatarata,,,,,
SagrafavoriteSagra del Formaggio a Santo Stefano Quisquina,,30 maggio - 31 maggio 2026,2026-05-30,2026-05-31,Santo Stefano Quisquina,Sicilia,sicilia,Agrigento e Valle dei Templi,agrigento-e-valle-dei-templi,https://sagr.it/sicilia/agrigento-e-valle-dei-templi/eventi/sagra-del-formaggio-a-santo-stefano-quisquina,,,,,
SagrafavoriteFestival del Tarallo di Racalmuto,,1 giugno - 2 giugno 2026,2026-06-01,2026-06-02,Racalmuto,Sicilia,sicilia,Agrigento e Valle dei Templi,agrigento-e-valle-dei-templi,https://sagr.it/sicilia/agrigento-e-valle-dei-templi/eventi/festival-del-tarallo-di-racalmuto,,,,,
SagrafavoriteL'Oro Nero di Sambuca,,20 giugno - 22 giugno 2026,2026-06-20,2026-06-22,Sambuca di Sicilia,Sicilia,sicilia,Agrigento e Valle dei Templi,agrigento-e-valle-dei-templi,https://sagr.it/sicilia/agrigento-e-valle-dei-templi/eventi/l-oro-nero-di-sambuca,,,,,
Festa patronalefavoriteSagra del Mare - Festa di San Pietro,,25 giugno - 29 giugno 2026,2026-06-25,2026-06-29,Sciacca,Sicilia,sicilia,Agrigento e Valle dei Templi,agrigento-e-valle-dei-templi,https://sagr.it/sicilia/agrigento-e-valle-dei-templi/eventi/sagra-del-mare-festa-di-san-pietro,,,,,
SagrafavoriteSagra del melone giallo,,2 agosto - 3 agosto 2026,2026-08-02,2026-08-03,Joppolo Giancaxio,Sicilia,sicilia,Agrigento e Valle dei Templi,agrigento-e-valle-dei-templi,https://sagr.it/sicilia/agrigento-e-valle-dei-templi/eventi/sagra-del-melone-giallo,,,,,
SagrafavoriteSagra della Mbriulata,,8 agosto 2026,2026-08-08,2026-08-08,Milena,Sicilia,sicilia,Agrigento e Valle dei Templi,agrigento-e-valle-dei-templi,https://sagr.it/sicilia/agrigento-e-valle-dei-templi/eventi/sagra-della-mbriulata,,,,,
SagrafavoriteSagra della cipolla paglina,,8 agosto - 29 agosto 2026,2026-08-08,2026-08-29,Castrofilippo,Sicilia,sicilia,Agrigento e Valle dei Templi,agrigento-e-valle-dei-templi,https://sagr.it/sicilia/agrigento-e-valle-dei-templi/eventi/sagra-della-cipolla-paglina,,,,,
SagrafavoriteSagra della Pesca Bivona,,9 agosto - 10 agosto 2026,2026-08-09,2026-08-10,Bivona,Sicilia,sicilia,Agrigento e Valle dei Templi,agrigento-e-valle-dei-templi,https://sagr.it/sicilia/agrigento-e-valle-dei-templi/eventi/sagra-della-pesca-bivona,,,,,
SagrafavoriteFesta del Pistacchio di Raffadali DOP,,18 settembre - 21 settembre 2026,2026-09-18,2026-09-21,Raffadali,Sicilia,sicilia,Agrigento e Valle dei Templi,agrigento-e-valle-dei-templi,https://sagr.it/sicilia/agrigento-e-valle-dei-templi/eventi/festa-del-pistacchio-di-raffadali-dop,,,,,
SagrafavoriteFicodindia Fest,,10 ottobre - 11 ottobre 2026,2026-10-10,2026-10-11,Santa Margherita di Belice,Sicilia,sicilia,Agrigento e Valle dei Templi,agrigento-e-valle-dei-templi,https://sagr.it/sicilia/agrigento-e-valle-dei-templi/eventi/ficodindia-fest,,,,,
SagrafavoriteSagra dell’agricoltura,,8 novembre - 9 novembre 2026,2026-11-08,2026-11-09,Sommatino,Sicilia,sicilia,Agrigento e Valle dei Templi,agrigento-e-valle-dei-templi,https://sagr.it/sicilia/agrigento-e-valle-dei-templi/eventi/sagra-dell-agricoltura-mqpoy696,,,,,
SagrafavoriteSagra della Cuccia,,13 dicembre - 14 dicembre 2026,2026-12-13,2026-12-14,Casteltermini,Sicilia,sicilia,Agrigento e Valle dei Templi,agrigento-e-valle-dei-templi,https://sagr.it/sicilia/agrigento-e-valle-dei-templi/eventi/sagra-della-cuccia,,,,,
SagrafavoriteSagra della Ricotta,,6 gennaio 2027,2027-01-06,2027-01-06,Sant'Angelo Muxaro,Sicilia,sicilia,Agrigento e Valle dei Templi,agrigento-e-valle-dei-templi,https://sagr.it/sicilia/agrigento-e-valle-dei-templi/eventi/sagra-della-ricotta-sant-angelo-muxaro,,,,,
Evento culturalefavoriteCarnevale di Sciacca,,14 febbraio - 22 febbraio 2027,2027-02-14,2027-02-22,Sciacca,Sicilia,sicilia,Agrigento e Valle dei Templi,agrigento-e-valle-dei-templi,https://sagr.it/sicilia/agrigento-e-valle-dei-templi/eventi/carnevale-di-sciacca,,,,,
Evento culturalefavoriteFesta del Mandorlo in fiore,,7 marzo - 15 marzo 2027,2027-03-07,2027-03-15,Agrigento,Sicilia,sicilia,Agrigento e Valle dei Templi,agrigento-e-valle-dei-templi,https://sagr.it/sicilia/agrigento-e-valle-dei-templi/eventi/festa-del-mandorlo-in-fiore,,,,,
SagrafavoriteSagra del pitirri,,11 aprile 2027,2027-04-11,2027-04-11,Sutera,Sicilia,sicilia,Agrigento e Valle dei Templi,agrigento-e-valle-dei-templi,https://sagr.it/sicilia/agrigento-e-valle-dei-templi/eventi/sagra-del-pitirri,,,,,
SagrafavoriteSagra dei maccheroni,,28 marzo 2026,2026-03-28,2026-03-28,Mongiuffi Melia,Sicilia,sicilia,Catania e Etna,catania-e-etna,https://sagr.it/sicilia/catania-e-etna/eventi/sagra-dei-maccheroni,,,,,
SagrafavoriteSagra del Carciofo di Ramacca,,17 aprile - 19 aprile 2026,2026-04-17,2026-04-19,Ramacca,Sicilia,sicilia,Catania e Etna,catania-e-etna,https://sagr.it/sicilia/catania-e-etna/eventi/sagra-del-carciofo-di-ramacca,,,,,
SagrafavoriteSagra dell'arancia rossa,,24 aprile - 26 aprile 2026,2026-04-24,2026-04-26,Centuripe,Sicilia,sicilia,Catania e Etna,catania-e-etna,https://sagr.it/sicilia/catania-e-etna/eventi/sagra-dell-arancia-rossa,,,,,
SagrafavoriteSagra del carciofo,,25 aprile - 10 maggio 2026,2026-04-25,2026-05-10,Ramacca,Sicilia,sicilia,Catania e Etna,catania-e-etna,https://sagr.it/sicilia/catania-e-etna/eventi/sagra-del-carciofo,,,,,
SagrafavoriteFestival del Maiorchino,,26 aprile 2026,2026-04-26,2026-04-26,Novara di Sicilia,Sicilia,sicilia,Catania e Etna,catania-e-etna,https://sagr.it/sicilia/catania-e-etna/eventi/festival-del-maiorchino,,,,,
SagrafavoriteSagra della ricotta e della provola dei Nebrodi,,1 maggio - 3 maggio 2026,2026-05-01,2026-05-03,Maniace,Sicilia,sicilia,Catania e Etna,catania-e-etna,https://sagr.it/sicilia/catania-e-etna/eventi/sagra-della-ricotta-e-della-provola-dei-nebrodi,,,,,
SagrafavoriteSagra della Ciauna,,11 maggio 2026,2026-05-11,2026-05-11,Valdina,Sicilia,sicilia,Catania e Etna,catania-e-etna,https://sagr.it/sicilia/catania-e-etna/eventi/sagra-della-ciauna,,,,,
SagrafavoriteFesta della ricotta e dei prodotti tipici Liminesi,,16 maggio - 17 maggio 2026,2026-05-16,2026-05-17,Limina,Sicilia,sicilia,Catania e Etna,catania-e-etna,https://sagr.it/sicilia/catania-e-etna/eventi/festa-della-ricotta-e-dei-prodotti-tipici-liminesi,,,,,
SagrafavoriteNivarata,,22 maggio - 24 maggio 2026,2026-05-22,2026-05-24,Acireale,Sicilia,sicilia,Catania e Etna,catania-e-etna,https://sagr.it/sicilia/catania-e-etna/eventi/nivarata,,,,,
SagrafavoriteNivarata – Festival Internazionale della Granita Siciliana,,22 maggio - 24 maggio 2026,2026-05-22,2026-05-24,Acireale,Sicilia,sicilia,Catania e Etna,catania-e-etna,https://sagr.it/sicilia/catania-e-etna/eventi/nivarata-festival-internazionale-della-granita-siciliana,,,,,
Evento culturalefavoriteEtna Comics,,30 maggio - 2 giugno 2026,2026-05-30,2026-06-02,Catania,Sicilia,sicilia,Catania e Etna,catania-e-etna,https://sagr.it/sicilia/catania-e-etna/eventi/etna-comics,,,,,
SagrafavoriteSagra della vastedda cu sammucu,,13 giugno - 14 giugno 2026,2026-06-13,2026-06-14,Troina,Sicilia,sicilia,Catania e Etna,catania-e-etna,https://sagr.it/sicilia/catania-e-etna/eventi/sagra-della-vastedda-cu-sammucu,,,,,
SagrafavoriteSagra dell'arancia,,14 giugno 2026,2026-06-14,2026-06-14,Gualtieri Sicaminò,Sicilia,sicilia,Catania e Etna,catania-e-etna,https://sagr.it/sicilia/catania-e-etna/eventi/sagra-dell-arancia,,,,,
Evento culturalefavoriteTaobuk &ndash; Taormina International Book,Festival,18 giugno - 22 giugno 2026,2026-06-18,2026-06-22,Taormina,Sicilia,sicilia,Catania e Etna,catania-e-etna,https://sagr.it/sicilia/catania-e-etna/eventi/taobuk-taormina-international-book-festival,,,,,
SagrafavoriteSagra della Ciliegia dell&rsquo;Etna,,3 luglio - 5 luglio 2026,2026-07-03,2026-07-05,Sant'Alfio,Sicilia,sicilia,Catania e Etna,catania-e-etna,https://sagr.it/sicilia/catania-e-etna/eventi/sagra-della-ciliegia-dell-etna,,,,,
SagrafavoriteLa Ciliegia Gioiello dell'Etna,,4 luglio - 6 luglio 2026,2026-07-04,2026-07-06,Sant'Alfio,Sicilia,sicilia,Catania e Etna,catania-e-etna,https://sagr.it/sicilia/catania-e-etna/eventi/la-ciliegia-gioiello-dell-etna,,,,,
SagrafavoriteSagra del Pesce Spada di Acitrezza,,11 luglio - 12 luglio 2026,2026-07-11,2026-07-12,Acitrezza,Sicilia,sicilia,Catania e Etna,catania-e-etna,https://sagr.it/sicilia/catania-e-etna/eventi/sagra-del-pesce-spada-di-acitrezza,,,,,
SagrafavoriteSagra del polpo,,25 luglio - 27 luglio 2026,2026-07-25,2026-07-27,Pozzillo,Sicilia,sicilia,Catania e Etna,catania-e-etna,https://sagr.it/sicilia/catania-e-etna/eventi/sagra-del-polpo,,,,,
SagrafavoriteSagra del pesce spada,,14 agosto - 17 agosto 2026,2026-08-14,2026-08-17,Aci Trezza,Sicilia,sicilia,Catania e Etna,catania-e-etna,https://sagr.it/sicilia/catania-e-etna/eventi/sagra-del-pesce-spada,,,,,
SagrafavoriteSagra del pane condito e salsicciata,,16 agosto 2026,2026-08-16,2026-08-16,Vena,Sicilia,sicilia,Catania e Etna,catania-e-etna,https://sagr.it/sicilia/catania-e-etna/eventi/sagra-del-pane-condito-e-salsicciata,,,,,
SagrafavoriteSagra del tortone,,16 agosto 2026,2026-08-16,2026-08-16,Sperlinga,Sicilia,sicilia,Catania e Etna,catania-e-etna,https://sagr.it/sicilia/catania-e-etna/eventi/sagra-del-tortone,,,,,
SagrafavoriteFesta dell'acciuga,,21 agosto - 23 agosto 2026,2026-08-21,2026-08-23,Valverde,Sicilia,sicilia,Catania e Etna,catania-e-etna,https://sagr.it/sicilia/catania-e-etna/eventi/festa-dell-acciuga,,,,,
SagrafavoriteFestival internazionale dell’uva da tavola IGP,,12 settembre - 14 settembre 2026,2026-09-12,2026-09-14,Mazzarrone,Sicilia,sicilia,Catania e Etna,catania-e-etna,https://sagr.it/sicilia/catania-e-etna/eventi/festival-internazionale-dell-uva-da-tavola-igp,,,,,
SagrafavoriteSagra dei maccheroni con il coniglio,,23 settembre 2026,2026-09-23,2026-09-23,Agira,Sicilia,sicilia,Catania e Etna,catania-e-etna,https://sagr.it/sicilia/catania-e-etna/eventi/sagra-dei-maccheroni-con-il-coniglio,,,,,
SagrafavoriteEnoEtna,,25 settembre - 27 settembre 2026,2026-09-25,2026-09-27,Santa Venerina,Sicilia,sicilia,Catania e Etna,catania-e-etna,https://sagr.it/sicilia/catania-e-etna/eventi/enoetna,,,,,
SagrafavoriteSagra dei prodotti tipici ceramesi “Pipi e Cavatieddi”,,27 settembre - 28 settembre 2026,2026-09-27,2026-09-28,Cerami,Sicilia,sicilia,Catania e Etna,catania-e-etna,https://sagr.it/sicilia/catania-e-etna/eventi/sagra-dei-prodotti-tipici-ceramesi-pipi-e-cavatieddi,,,,,
SagrafavoriteSagra della mostarda di fichi d’india,,27 settembre - 28 settembre 2026,2026-09-27,2026-09-28,Gagliano Castelferrato,Sicilia,sicilia,Catania e Etna,catania-e-etna,https://sagr.it/sicilia/catania-e-etna/eventi/sagra-della-mostarda-di-fichi-d-india,,,,,
SagrafavoriteSagra dello zafferano,,27 settembre - 28 settembre 2026,2026-09-27,2026-09-28,Valguarnera Caropepe,Sicilia,sicilia,Catania e Etna,catania-e-etna,https://sagr.it/sicilia/catania-e-etna/eventi/sagra-dello-zafferano,,,,,
SagrafavoriteSagra della mostarda e del ficodindia,,3 ottobre - 12 ottobre 2026,2026-10-03,2026-10-12,Militello in Val di Catania,Sicilia,sicilia,Catania e Etna,catania-e-etna,https://sagr.it/sicilia/catania-e-etna/eventi/sagra-della-mostarda-e-del-ficodindia,,,,,
SagrafavoriteFesta del Castagno,,4 ottobre - 26 ottobre 2026,2026-10-04,2026-10-26,Trecastagni,Sicilia,sicilia,Catania e Etna,catania-e-etna,https://sagr.it/sicilia/catania-e-etna/eventi/festa-del-castagno,,,,,
"SagrafavoriteFesta della nocciola, salsicce e arancini alla nocciola",,4 ottobre - 5 ottobre 2026,2026-10-04,2026-10-05,Badiavecchia,Sicilia,sicilia,Catania e Etna,catania-e-etna,https://sagr.it/sicilia/catania-e-etna/eventi/festa-della-nocciola-salsicce-e-arancini-alla-nocciola,,,,,
SagrafavoriteOttobrata zafferanese – mostra mercato,,5 ottobre - 26 ottobre 2026,2026-10-05,2026-10-26,Zafferana Etnea,Sicilia,sicilia,Catania e Etna,catania-e-etna,https://sagr.it/sicilia/catania-e-etna/eventi/ottobrata-zafferanese-mostra-mercato,,,,,
SagrafavoriteSagra del Pistacchio,,9 ottobre - 18 ottobre 2026,2026-10-09,2026-10-18,Bronte,Sicilia,sicilia,Catania e Etna,catania-e-etna,https://sagr.it/sicilia/catania-e-etna/eventi/sagra-del-pistacchio,,,,,
FierafavoriteBeauty & Fitness Show,,17 ottobre - 19 ottobre 2026,2026-10-17,2026-10-19,Catania,Sicilia,sicilia,Catania e Etna,catania-e-etna,https://sagr.it/sicilia/catania-e-etna/eventi/beauty-fitness-show,,,,,
SagrafavoriteSagra del Fico d’India dell’Etna Dop,,17 ottobre - 19 ottobre 2026,2026-10-17,2026-10-19,Belpasso,Sicilia,sicilia,Catania e Etna,catania-e-etna,https://sagr.it/sicilia/catania-e-etna/eventi/sagra-del-fico-d-india-dell-etna-dop,,,,,
"SagrafavoriteSagra del fungo, delle mele e delle castagne dell’Etna",,7 novembre - 11 novembre 2026,2026-11-07,2026-11-11,Pedara,Sicilia,sicilia,Catania e Etna,catania-e-etna,https://sagr.it/sicilia/catania-e-etna/eventi/sagra-del-fungo-delle-mele-e-delle-castagne-dell-etna,,,,,
SagrafavoriteSagra della Cassatella di Agira,,14 novembre - 16 novembre 2026,2026-11-14,2026-11-16,Agira,Sicilia,sicilia,Catania e Etna,catania-e-etna,https://sagr.it/sicilia/catania-e-etna/eventi/sagra-della-cassatella-di-agira,,,,,
SagrafavoriteFesta delle Verdure a Isnello,,11 aprile - 12 aprile 2026,2026-04-11,2026-04-12,Isnello,Sicilia,sicilia,Palermo e Dintorni,palermo-e-dintorni,https://sagr.it/sicilia/palermo-e-dintorni/eventi/festa-delle-verdure-a-isnello,,,,,
SagrafavoriteSagra dell’Arancia di Scillato,,4 maggio 2026,2026-05-04,2026-05-04,Scillato,Sicilia,sicilia,Palermo e Dintorni,palermo-e-dintorni,https://sagr.it/sicilia/palermo-e-dintorni/eventi/sagra-dell-arancia-di-scillato,,,,,
SagrafavoriteSagra del finocchietto selvatico,,9 maggio - 10 maggio 2026,2026-05-09,2026-05-10,Blufi,Sicilia,sicilia,Palermo e Dintorni,palermo-e-dintorni,https://sagr.it/sicilia/palermo-e-dintorni/eventi/sagra-del-finocchietto-selvatico,,,,,
Evento culturalefavoriteInfiorata Artistica Marineo,,29 maggio - 7 giugno 2026,2026-05-29,2026-06-07,Marineo,Sicilia,sicilia,Palermo e Dintorni,palermo-e-dintorni,https://sagr.it/sicilia/palermo-e-dintorni/eventi/infiorata-artistica-marineo,,,,,
Evento culturalefavoriteInfiorata di Castelbuono,,30 maggio - 2 giugno 2026,2026-05-30,2026-06-02,Castelbuono,Sicilia,sicilia,Palermo e Dintorni,palermo-e-dintorni,https://sagr.it/sicilia/palermo-e-dintorni/eventi/infiorata-di-castelbuono,,,,,
SagrafavoriteSagra della ciliegia,,30 maggio - 7 giugno 2026,2026-05-30,2026-06-07,Chiusa Sclafani,Sicilia,sicilia,Palermo e Dintorni,palermo-e-dintorni,https://sagr.it/sicilia/palermo-e-dintorni/eventi/sagra-della-ciliegia,,,,,
SagrafavoriteFestival dell'Acqua e Sagra della Nespola,,1 giugno - 30 giugno 2026,2026-06-01,2026-06-30,Altofonte,Sicilia,sicilia,Palermo e Dintorni,palermo-e-dintorni,https://sagr.it/sicilia/palermo-e-dintorni/eventi/festival-dell-acqua-e-sagra-della-nespola,,,,,
Festa patronalefavoriteNotte Bianca per Sant'Antonio,,13 giugno 2026,2026-06-13,2026-06-13,Palermo,Sicilia,sicilia,Palermo e Dintorni,palermo-e-dintorni,https://sagr.it/sicilia/palermo-e-dintorni/eventi/notte-bianca-per-sant-antonio,,,,,
SagrafavoriteSagra delle Ciliegie di Chiusa Sclafani,,14 giugno 2026,2026-06-14,2026-06-14,Chiusa Sclafani,Sicilia,sicilia,Palermo e Dintorni,palermo-e-dintorni,https://sagr.it/sicilia/palermo-e-dintorni/eventi/sagra-delle-ciliegie-di-chiusa-sclafani,,,,,
SagrafavoriteDiVino Festival Castelbuono,,19 giugno - 21 giugno 2026,2026-06-19,2026-06-21,Castelbuono,Sicilia,sicilia,Palermo e Dintorni,palermo-e-dintorni,https://sagr.it/sicilia/palermo-e-dintorni/eventi/divino-festival-castelbuono,,,,,
Festa patronalefavoriteFesta del Muzzuni,,24 giugno 2026,2026-06-24,2026-06-24,Alcara Li Fusi,Sicilia,sicilia,Palermo e Dintorni,palermo-e-dintorni,https://sagr.it/sicilia/palermo-e-dintorni/eventi/festa-del-muzzuni,,,,,
SagrafavoriteCefalù Street Beer,,25 giugno - 28 giugno 2026,2026-06-25,2026-06-28,Cefalù,Sicilia,sicilia,Palermo e Dintorni,palermo-e-dintorni,https://sagr.it/sicilia/palermo-e-dintorni/eventi/cefalu-street-beer,,,,,
SagrafavoriteSagra delle nocciole,,16 agosto - 17 agosto 2026,2026-08-16,2026-08-17,Polizzi Generosa,Sicilia,sicilia,Palermo e Dintorni,palermo-e-dintorni,https://sagr.it/sicilia/palermo-e-dintorni/eventi/sagra-delle-nocciole,,,,,
SagrafavoriteSagra del Salgemma,,30 agosto - 31 agosto 2026,2026-08-30,2026-08-31,Raffo,Sicilia,sicilia,Palermo e Dintorni,palermo-e-dintorni,https://sagr.it/sicilia/palermo-e-dintorni/eventi/sagra-del-salgemma,,,,,
SagrafavoriteSagra del grano baucina,,30 agosto 2026,2026-08-30,2026-08-30,Baucina,Sicilia,sicilia,Palermo e Dintorni,palermo-e-dintorni,https://sagr.it/sicilia/palermo-e-dintorni/eventi/sagra-del-grano-baucina,,,,,
SagrafavoriteSagra dell’arancino,,11 settembre - 14 settembre 2026,2026-09-11,2026-09-14,Ficarazzi,Sicilia,sicilia,Palermo e Dintorni,palermo-e-dintorni,https://sagr.it/sicilia/palermo-e-dintorni/eventi/sagra-dell-arancino,,,,,
SagrafavoriteSagra del caciocavallo,,18 settembre - 21 settembre 2026,2026-09-18,2026-09-21,San Mauro Castelverde,Sicilia,sicilia,Palermo e Dintorni,palermo-e-dintorni,https://sagr.it/sicilia/palermo-e-dintorni/eventi/sagra-del-caciocavallo,,,,,
SagrafavoriteSagra del Fico d’India e del Masticuttè,,11 ottobre 2026,2026-10-11,2026-10-11,Alimena,Sicilia,sicilia,Palermo e Dintorni,palermo-e-dintorni,https://sagr.it/sicilia/palermo-e-dintorni/eventi/sagra-del-fico-d-india-e-del-masticutte,,,,,
SagrafavoriteOpuntia Ficus Indica Fest,,17 ottobre - 19 ottobre 2026,2026-10-17,2026-10-19,Roccapalumba,Sicilia,sicilia,Palermo e Dintorni,palermo-e-dintorni,https://sagr.it/sicilia/palermo-e-dintorni/eventi/opuntia-ficus-indica-fest,,,,,
SagrafavoriteFunghi Fest,,18 ottobre - 26 ottobre 2026,2026-10-18,2026-10-26,Castelbuono,Sicilia,sicilia,Palermo e Dintorni,palermo-e-dintorni,https://sagr.it/sicilia/palermo-e-dintorni/eventi/funghi-fest,,,,,
SagrafavoriteSagra dei sapori Madoniti d’autunno,,24 ottobre - 26 ottobre 2026,2026-10-24,2026-10-26,Petralia Sottana,Sicilia,sicilia,Palermo e Dintorni,palermo-e-dintorni,https://sagr.it/sicilia/palermo-e-dintorni/eventi/sagra-dei-sapori-madoniti-d-autunno,,,,,
SagrafavoriteSagra della Vastedda,,1 novembre 2026,2026-11-01,2026-11-01,Capaci,Sicilia,sicilia,Palermo e Dintorni,palermo-e-dintorni,https://sagr.it/sicilia/palermo-e-dintorni/eventi/sagra-della-vastedda,,,,,
SagrafavoriteSagra dell’Olio e della Mandorla pizzuta,,8 novembre - 9 novembre 2026,2026-11-08,2026-11-09,Montemaggiore Belsito,Sicilia,sicilia,Palermo e Dintorni,palermo-e-dintorni,https://sagr.it/sicilia/palermo-e-dintorni/eventi/sagra-dell-olio-e-della-mandorla-pizzuta,,,,,
SagrafavoriteCollesano Cheese e oltre – Sagra del formaggio,,15 novembre - 16 novembre 2026,2026-11-15,2026-11-16,Collesano,Sicilia,sicilia,Palermo e Dintorni,palermo-e-dintorni,https://sagr.it/sicilia/palermo-e-dintorni/eventi/collesano-cheese-e-oltre-sagra-del-formaggio,,,,,
SagrafavoriteSagra dell'agnello,,22 maggio - 24 maggio 2027,2027-05-22,2027-05-24,San Martino Sul Fiora,Sicilia,sicilia,Palermo e Dintorni,palermo-e-dintorni,https://sagr.it/sicilia/palermo-e-dintorni/eventi/sagra-dell-agnello,,,,,
SagrafavoriteSagra del Carciofo di Niscemi,,23 aprile - 26 aprile 2026,2026-04-23,2026-04-26,Niscemi,Sicilia,sicilia,Ragusa Iblea,ragusa-iblea,https://sagr.it/sicilia/ragusa-iblea/eventi/sagra-del-carciofo-di-niscemi,,,,,
FierafavoriteTeruar Fiera del Vino Etico,,17 maggio - 18 maggio 2026,2026-05-17,2026-05-18,Scicli,Sicilia,sicilia,Ragusa Iblea,ragusa-iblea,https://sagr.it/sicilia/ragusa-iblea/eventi/teruar-fiera-del-vino-etico,,,,,
SagrafavoriteSagra Testa di Turco,,30 maggio 2026,2026-05-30,2026-05-30,Scicli,Sicilia,sicilia,Ragusa Iblea,ragusa-iblea,https://sagr.it/sicilia/ragusa-iblea/eventi/sagra-testa-di-turco,,,,,
SagrafavoriteCicerchiaFest,,19 giugno - 21 giugno 2026,2026-06-19,2026-06-21,Licodia Eubea,Sicilia,sicilia,Ragusa Iblea,ragusa-iblea,https://sagr.it/sicilia/ragusa-iblea/eventi/cicerchiafest,,,,,
SagrafavoriteSagra delle ciliegie e delle rose,,28 giugno - 29 giugno 2026,2026-06-28,2026-06-29,Macchia,Sicilia,sicilia,Ragusa Iblea,ragusa-iblea,https://sagr.it/sicilia/ragusa-iblea/eventi/sagra-delle-ciliegie-e-delle-rose,,,,,
SagrafavoriteSagra ra tunnina,,6 luglio 2026,2026-07-06,2026-07-06,Ispica,Sicilia,sicilia,Ragusa Iblea,ragusa-iblea,https://sagr.it/sicilia/ragusa-iblea/eventi/sagra-ra-tunnina,,,,,
SagrafavoriteSagra del pesce di Pozzallo,,29 agosto - 31 agosto 2026,2026-08-29,2026-08-31,Pozzallo,Sicilia,sicilia,Ragusa Iblea,ragusa-iblea,https://sagr.it/sicilia/ragusa-iblea/eventi/sagra-del-pesce-di-pozzallo,,,,,
SagrafavoriteSagra della vendemmia,,25 settembre - 28 settembre 2026,2026-09-25,2026-09-28,Pedalino,Sicilia,sicilia,Ragusa Iblea,ragusa-iblea,https://sagr.it/sicilia/ragusa-iblea/eventi/sagra-della-vendemmia,,,,,
SagrafavoriteChocoModica,,30 ottobre - 1 novembre 2026,2026-10-30,2026-11-01,Modica,Sicilia,sicilia,Ragusa Iblea,ragusa-iblea,https://sagr.it/sicilia/ragusa-iblea/eventi/chocomodica,,,,,
SagrafavoriteFesta dei Sapori e dei Saperi di Vizzini,,24 aprile - 25 aprile 2026,2026-04-24,2026-04-25,Vizzini,Sicilia,sicilia,Siracusa e Dintorni,siracusa-e-dintorni,https://sagr.it/sicilia/siracusa-e-dintorni/eventi/festa-dei-sapori-e-dei-saperi-di-vizzini,,,,,
SagrafavoriteSagra della ricotta e dei formaggi - Festa dei sapori e dei saperi,,24 aprile - 26 aprile 2026,2026-04-24,2026-04-26,Vizzini,Sicilia,sicilia,Siracusa e Dintorni,siracusa-e-dintorni,https://sagr.it/sicilia/siracusa-e-dintorni/eventi/sagra-della-ricotta-e-dei-formaggi-festa-dei-sapori-e-dei-saperi,,,,,
SagrafavoriteFesta della Fragola Siracusa,,30 aprile - 3 maggio 2026,2026-04-30,2026-05-03,Siracusa,Sicilia,sicilia,Siracusa e Dintorni,siracusa-e-dintorni,https://sagr.it/sicilia/siracusa-e-dintorni/eventi/festa-della-fragola-siracusa,,,,,
Evento culturalefavoriteInfiorata di Noto,,15 maggio - 19 maggio 2026,2026-05-15,2026-05-19,Noto,Sicilia,sicilia,Siracusa e Dintorni,siracusa-e-dintorni,https://sagr.it/sicilia/siracusa-e-dintorni/eventi/infiorata-di-noto,,,,,
SagrafavoriteFesta della fragola,,15 maggio - 17 maggio 2026,2026-05-15,2026-05-17,Siracusa,Sicilia,sicilia,Siracusa e Dintorni,siracusa-e-dintorni,https://sagr.it/sicilia/siracusa-e-dintorni/eventi/festa-della-fragola,,,,,
SagrafavoriteFesta della Ciliegia,,14 giugno 2026,2026-06-14,2026-06-14,Montagnareale,Sicilia,sicilia,Siracusa e Dintorni,siracusa-e-dintorni,https://sagr.it/sicilia/siracusa-e-dintorni/eventi/festa-della-ciliegia-mq9i9v2y,,,,,
SagrafavoriteFestival del pesce azzurro,,2 luglio - 5 luglio 2026,2026-07-02,2026-07-05,Marzamemi,Sicilia,sicilia,Siracusa e Dintorni,siracusa-e-dintorni,https://sagr.it/sicilia/siracusa-e-dintorni/eventi/festival-del-pesce-azzurro,,,,,
SagrafavoriteGioiosa gustosa,,25 luglio - 27 luglio 2026,2026-07-25,2026-07-27,Gioiosa Marea,Sicilia,sicilia,Siracusa e Dintorni,siracusa-e-dintorni,https://sagr.it/sicilia/siracusa-e-dintorni/eventi/gioiosa-gustosa,,,,,
SagrafavoriteSagra dei prodotti tipici iblei,,26 luglio 2026,2026-07-26,2026-07-26,Canicattini Bagni,Sicilia,sicilia,Siracusa e Dintorni,siracusa-e-dintorni,https://sagr.it/sicilia/siracusa-e-dintorni/eventi/sagra-dei-prodotti-tipici-iblei,,,,,
SagrafavoriteSagra del carrubo,,31 luglio - 2 agosto 2026,2026-07-31,2026-08-02,Rosolini,Sicilia,sicilia,Siracusa e Dintorni,siracusa-e-dintorni,https://sagr.it/sicilia/siracusa-e-dintorni/eventi/sagra-del-carrubo,,,,,
SagrafavoriteSagra dell'olio di Tusa,,10 agosto 2026,2026-08-10,2026-08-10,Tusa,Sicilia,sicilia,Siracusa e Dintorni,siracusa-e-dintorni,https://sagr.it/sicilia/siracusa-e-dintorni/eventi/sagra-dell-olio-di-tusa,,,,,
SagrafavoriteSagra du cascavaddu,,17 agosto 2026,2026-08-17,2026-08-17,Castel di Lucio,Sicilia,sicilia,Siracusa e Dintorni,siracusa-e-dintorni,https://sagr.it/sicilia/siracusa-e-dintorni/eventi/sagra-du-cascavaddu,,,,,
SagrafavoriteSagra dei Vasola,,4 ottobre 2026,2026-10-04,2026-10-04,Floresta,Sicilia,sicilia,Siracusa e Dintorni,siracusa-e-dintorni,https://sagr.it/sicilia/siracusa-e-dintorni/eventi/sagra-dei-vasola,,,,,
SagrafavoriteSagra dei Vasola a Crucchittu,,4 ottobre 2026,2026-10-04,2026-10-04,Floresta,Sicilia,sicilia,Siracusa e Dintorni,siracusa-e-dintorni,https://sagr.it/sicilia/siracusa-e-dintorni/eventi/sagra-dei-vasola-a-crucchittu,,,,,
SagrafavoriteSagra della mostarda dei fichi d’india,,10 ottobre - 12 ottobre 2026,2026-10-10,2026-10-12,Pedagaggi,Sicilia,sicilia,Siracusa e Dintorni,siracusa-e-dintorni,https://sagr.it/sicilia/siracusa-e-dintorni/eventi/sagra-della-mostarda-dei-fichi-d-india,,,,,
SagrafavoriteSagra del Suino Nero dei Nebrodi,,11 ottobre 2026,2026-10-11,2026-10-11,Floresta,Sicilia,sicilia,Siracusa e Dintorni,siracusa-e-dintorni,https://sagr.it/sicilia/siracusa-e-dintorni/eventi/sagra-del-suino-nero-dei-nebrodi,,,,,
SagrafavoriteIl Tartufo tra i sapori di autunno,,17 ottobre - 19 ottobre 2026,2026-10-17,2026-10-19,Capizzi,Sicilia,sicilia,Siracusa e Dintorni,siracusa-e-dintorni,https://sagr.it/sicilia/siracusa-e-dintorni/eventi/il-tartufo-tra-i-sapori-di-autunno,,,,,
SagrafavoriteSagra del totano,,24 ottobre - 2 novembre 2026,2026-10-24,2026-11-02,Spadafora,Sicilia,sicilia,Siracusa e Dintorni,siracusa-e-dintorni,https://sagr.it/sicilia/siracusa-e-dintorni/eventi/sagra-del-totano,,,,,
SagrafavoriteAgrimontana,,25 ottobre - 26 ottobre 2026,2026-10-25,2026-10-26,Palazzolo Acreide,Sicilia,sicilia,Siracusa e Dintorni,siracusa-e-dintorni,https://sagr.it/sicilia/siracusa-e-dintorni/eventi/agrimontana,,,,,
SagrafavoriteMostra e sagra dei funghi,,25 ottobre 2026,2026-10-25,2026-10-25,Ucria,Sicilia,sicilia,Siracusa e Dintorni,siracusa-e-dintorni,https://sagr.it/sicilia/siracusa-e-dintorni/eventi/mostra-e-sagra-dei-funghi,,,,,
SagrafavoriteSagra della Castagna,,26 ottobre 2026,2026-10-26,2026-10-26,Montagnareale,Sicilia,sicilia,Siracusa e Dintorni,siracusa-e-dintorni,https://sagr.it/sicilia/siracusa-e-dintorni/eventi/sagra-della-castagna-mqpoy3zc,,,,,
SagrafavoriteCapricci d’autunno,,8 novembre - 16 novembre 2026,2026-11-08,2026-11-16,Fiumedinisi,Sicilia,sicilia,Siracusa e Dintorni,siracusa-e-dintorni,https://sagr.it/sicilia/siracusa-e-dintorni/eventi/capricci-d-autunno,,,,,
SagrafavoriteFesta della Noce,,8 novembre - 9 novembre 2026,2026-11-08,2026-11-09,Motta Camastra,Sicilia,sicilia,Siracusa e Dintorni,siracusa-e-dintorni,https://sagr.it/sicilia/siracusa-e-dintorni/eventi/festa-della-noce,,,,,
SagrafavoriteSagra del suino nero e del Fungo porcino di Nebrodi,,8 novembre - 16 novembre 2026,2026-11-08,2026-11-16,Cesarò,Sicilia,sicilia,Siracusa e Dintorni,siracusa-e-dintorni,https://sagr.it/sicilia/siracusa-e-dintorni/eventi/sagra-del-suino-nero-e-del-fungo-porcino-di-nebrodi,,,,,
Festa patronalefavoriteA Ciaccariata di Sant’Antonio Abate,,17 gennaio 2027,2027-01-17,2027-01-17,Cassaro,Sicilia,sicilia,Siracusa e Dintorni,siracusa-e-dintorni,https://sagr.it/sicilia/siracusa-e-dintorni/eventi/a-ciaccariata-di-sant-antonio-abate,,,,,
Evento culturalefavoriteIl Primo Parco dei Fiori della Sicilia,,19 aprile - 2 giugno 2026,2026-04-19,2026-06-02,Calatafimi Segesta,Sicilia,sicilia,Trapani e Sale,trapani-e-sale,https://sagr.it/sicilia/trapani-e-sale/eventi/il-primo-parco-dei-fiori-della-sicilia,,,,,
SagrafavoriteSagra delle Cassatelle,,3 maggio 2026,2026-05-03,2026-05-03,Favignana,Sicilia,sicilia,Trapani e Sale,trapani-e-sale,https://sagr.it/sicilia/trapani-e-sale/eventi/sagra-delle-cassatelle,,,,,
FierafavoriteAR.CO.IN. Trapani,,13 giugno - 21 giugno 2026,2026-06-13,2026-06-21,Trapani,Sicilia,sicilia,Trapani e Sale,trapani-e-sale,https://sagr.it/sicilia/trapani-e-sale/eventi/ar-co-in-trapani,,,,,
SagrafavoriteDattilo Cannolo Fest,,26 giugno - 28 giugno 2026,2026-06-26,2026-06-28,Dattilo,Sicilia,sicilia,Trapani e Sale,trapani-e-sale,https://sagr.it/sicilia/trapani-e-sale/eventi/dattilo-cannolo-fest,,,,,
Evento culturalefavoriteFestivalFlorio,,28 giugno - 5 luglio 2026,2026-06-28,2026-07-05,Favignana,Sicilia,sicilia,Trapani e Sale,trapani-e-sale,https://sagr.it/sicilia/trapani-e-sale/eventi/festivalflorio,,,,,
SagrafavoriteSagra della cipolla rossa di Partanna,,19 luglio - 20 luglio 2026,2026-07-19,2026-07-20,Partanna,Sicilia,sicilia,Trapani e Sale,trapani-e-sale,https://sagr.it/sicilia/trapani-e-sale/eventi/sagra-della-cipolla-rossa-di-partanna,,,,,
Street FoodfavoriteStragusto,,22 luglio - 26 luglio 2026,2026-07-22,2026-07-26,Trapani,Sicilia,sicilia,Trapani e Sale,trapani-e-sale,https://sagr.it/sicilia/trapani-e-sale/eventi/stragusto-trapani,,,,,
SagrafavoriteTerre Sicane Wine Fest,,24 luglio - 26 luglio 2026,2026-07-24,2026-07-26,Territorio Terre Sicane,Sicilia,sicilia,Trapani e Sale,trapani-e-sale,https://sagr.it/sicilia/trapani-e-sale/eventi/terre-sicane-wine-fest,,,,,
SagrafavoriteSagra pasta cu l'agghia,,14 agosto 2026,2026-08-14,2026-08-14,Buseto Palizzolo,Sicilia,sicilia,Trapani e Sale,trapani-e-sale,https://sagr.it/sicilia/trapani-e-sale/eventi/sagra-pasta-cu-l-agghia,,,,,
SagrafavoriteSagra della busiata,,28 agosto - 30 agosto 2026,2026-08-28,2026-08-30,Salemi,Sicilia,sicilia,Trapani e Sale,trapani-e-sale,https://sagr.it/sicilia/trapani-e-sale/eventi/sagra-della-busiata,,,,,
SagrafavoriteSagra della sarda di Selinunte,,29 agosto 2026,2026-08-29,2026-08-29,Castelvetrano,Sicilia,sicilia,Trapani e Sale,trapani-e-sale,https://sagr.it/sicilia/trapani-e-sale/eventi/sagra-della-sarda-di-selinunte,,,,,
SagrafavoriteCous Cous Fest,,18 settembre - 27 settembre 2026,2026-09-18,2026-09-27,San Vito Lo Capo,Sicilia,sicilia,Trapani e Sale,trapani-e-sale,https://sagr.it/sicilia/trapani-e-sale/eventi/cous-cous-fest,,,,,
SagrafavoriteMostra dei formaggi della valle del Belice e sagra della ricotta,,25 ottobre - 26 ottobre 2026,2026-10-25,2026-10-26,Poggioreale,Sicilia,sicilia,Trapani e Sale,trapani-e-sale,https://sagr.it/sicilia/trapani-e-sale/eventi/mostra-dei-formaggi-della-valle-del-belice-e-sagra-della-ricotta,,,,,
SagrafavoriteSagra della Nfigghiulata e della Muffuletta,,7 novembre - 9 novembre 2026,2026-11-07,2026-11-09,Poggioreale,Sicilia,sicilia,Trapani e Sale,trapani-e-sale,https://sagr.it/sicilia/trapani-e-sale/eventi/sagra-della-nfigghiulata-e-della-muffuletta,,,,,
SagrafavoriteCastelvetrano è,,22 novembre - 23 novembre 2026,2026-11-22,2026-11-23,Castelvetrano,Sicilia,sicilia,Trapani e Sale,trapani-e-sale,https://sagr.it/sicilia/trapani-e-sale/eventi/castelvetrano-e,,,,,
Evento culturalefavoriteLivorno in Fiore,,4 aprile - 6 aprile 2026,2026-04-04,2026-04-06,Livorno,Toscana,toscana,Costa Degli Etruschi,costa-degli-etruschi,https://sagr.it/toscana/costa-degli-etruschi/eventi/livorno-in-fiore,,,,,
SagrafavoriteMostra mercato del tartufo marzuolo – Volterragusto,,4 aprile - 6 aprile 2026,2026-04-04,2026-04-06,Volterra,Toscana,toscana,Costa Degli Etruschi,costa-degli-etruschi,https://sagr.it/toscana/costa-degli-etruschi/eventi/mostra-mercato-del-tartufo-marzuolo-volterragusto,,,,,
SagrafavoriteSagra del Carciofo a Riotorto,,23 aprile - 3 maggio 2026,2026-04-23,2026-05-03,Piombino,Toscana,toscana,Costa Degli Etruschi,costa-degli-etruschi,https://sagr.it/toscana/costa-degli-etruschi/eventi/sagra-del-carciofo-a-riotorto,,,,,
SagrafavoriteEffetto trippa,,1 maggio 2026,2026-05-01,2026-05-01,Volterra,Toscana,toscana,Costa Degli Etruschi,costa-degli-etruschi,https://sagr.it/toscana/costa-degli-etruschi/eventi/effetto-trippa,,,,,
SagrafavoriteSagra dei Baccelli,,3 maggio 2026,2026-05-03,2026-05-03,Livorno,Toscana,toscana,Costa Degli Etruschi,costa-degli-etruschi,https://sagr.it/toscana/costa-degli-etruschi/eventi/sagra-dei-baccelli,,,,,
RievocazionefavoriteTuscany Medieval,Festival,10 maggio 2026,2026-05-10,2026-05-10,Livorno,Toscana,toscana,Costa Degli Etruschi,costa-degli-etruschi,https://sagr.it/toscana/costa-degli-etruschi/eventi/tuscany-medieval-festival,,,,,
SagrafavoriteSagra della ciliegia di Lari IGP,,30 maggio - 7 giugno 2026,2026-05-30,2026-06-07,Lari,Toscana,toscana,Costa Degli Etruschi,costa-degli-etruschi,https://sagr.it/toscana/costa-degli-etruschi/eventi/sagra-della-ciliegia-di-lari-igp,,,,,
FierafavoriteWhite Carrara,,5 giugno - 30 agosto 2026,2026-06-05,2026-08-30,Carrara,Toscana,toscana,Costa Degli Etruschi,costa-degli-etruschi,https://sagr.it/toscana/costa-degli-etruschi/eventi/white-carrara,,,,,
SagrafavoriteSagra del Frate,,18 giugno - 22 giugno 2026,2026-06-18,2026-06-22,Collesalvetti,Toscana,toscana,Costa Degli Etruschi,costa-degli-etruschi,https://sagr.it/toscana/costa-degli-etruschi/eventi/sagra-del-frate,,,,,
SagrafavoriteVini Bagnanti,,20 giugno 2026,2026-06-20,2026-06-20,Riva degli Etruschi,Toscana,toscana,Costa Degli Etruschi,costa-degli-etruschi,https://sagr.it/toscana/costa-degli-etruschi/eventi/vini-bagnanti,,,,,
SagrafavoriteFesta della Terra e del Mare,,26 giugno - 28 giugno 2026,2026-06-26,2026-06-28,Castagneto Carducci,Toscana,toscana,Costa Degli Etruschi,costa-degli-etruschi,https://sagr.it/toscana/costa-degli-etruschi/eventi/festa-della-terra-e-del-mare,,,,,
"SagrafavoriteSagra a Tre Stelle Cinghiale, Trippa e Chiocciole",,26 giugno - 5 luglio 2026,2026-06-26,2026-07-05,Rosignano Marittimo,Toscana,toscana,Costa Degli Etruschi,costa-degli-etruschi,https://sagr.it/toscana/costa-degli-etruschi/eventi/sagra-a-tre-stelle-cinghiale-trippa-e-chiocciole,,,,,
SagrafavoriteSagra della brioche con gelato artigianale,,26 giugno - 5 luglio 2026,2026-06-26,2026-07-05,San Pancrazio,Toscana,toscana,Costa Degli Etruschi,costa-degli-etruschi,https://sagr.it/toscana/costa-degli-etruschi/eventi/sagra-della-brioche-con-gelato-artigianale,,,,,
SagrafavoritePesce in festa,,27 giugno - 29 giugno 2026,2026-06-27,2026-06-29,Rosignano Solvay,Toscana,toscana,Costa Degli Etruschi,costa-degli-etruschi,https://sagr.it/toscana/costa-degli-etruschi/eventi/pesce-in-festa,,,,,
SagrafavoriteSagra dei Sapori Toscani,,2 luglio - 5 luglio 2026,2026-07-02,2026-07-05,Castagneto Carducci,Toscana,toscana,Costa Degli Etruschi,costa-degli-etruschi,https://sagr.it/toscana/costa-degli-etruschi/eventi/sagra-dei-sapori-toscani,,,,,
SagrafavoriteSagra della Cozza,,3 luglio - 12 luglio 2026,2026-07-03,2026-07-12,Livorno,Toscana,toscana,Costa Degli Etruschi,costa-degli-etruschi,https://sagr.it/toscana/costa-degli-etruschi/eventi/sagra-della-cozza,,,,,
SagrafavoriteSagra del pinolo,,4 luglio - 13 luglio 2026,2026-07-04,2026-07-13,San Piero A Grado,Toscana,toscana,Costa Degli Etruschi,costa-degli-etruschi,https://sagr.it/toscana/costa-degli-etruschi/eventi/sagra-del-pinolo,,,,,
SagrafavoriteSagra Pane e Pomodoro,,10 luglio - 12 luglio 2026,2026-07-10,2026-07-12,Collesalvetti,Toscana,toscana,Costa Degli Etruschi,costa-degli-etruschi,https://sagr.it/toscana/costa-degli-etruschi/eventi/sagra-pane-e-pomodoro,,,,,
SagrafavoriteSagra del baccalà e dello stoccafisso,,24 luglio - 27 luglio 2026,2026-07-24,2026-07-27,Rosignano Marittimo,Toscana,toscana,Costa Degli Etruschi,costa-degli-etruschi,https://sagr.it/toscana/costa-degli-etruschi/eventi/sagra-del-baccala-e-dello-stoccafisso,,,,,
SagrafavoriteLa cacciuccata,,25 luglio - 27 luglio 2026,2026-07-25,2026-07-27,Rosignano Solvay,Toscana,toscana,Costa Degli Etruschi,costa-degli-etruschi,https://sagr.it/toscana/costa-degli-etruschi/eventi/la-cacciuccata,,,,,
SagrafavoriteSagra del ciambellino,,26 luglio - 27 luglio 2026,2026-07-26,2026-07-27,Pomarance,Toscana,toscana,Costa Degli Etruschi,costa-degli-etruschi,https://sagr.it/toscana/costa-degli-etruschi/eventi/sagra-del-ciambellino,,,,,
SagrafavoriteCacciucco Pride,,22 agosto - 24 agosto 2026,2026-08-22,2026-08-24,Livorno,Toscana,toscana,Costa Degli Etruschi,costa-degli-etruschi,https://sagr.it/toscana/costa-degli-etruschi/eventi/cacciucco-pride,,,,,
SagrafavoriteSagra del Bombolone,,21 settembre 2026,2026-09-21,2026-09-21,La Rotta,Toscana,toscana,Costa Degli Etruschi,costa-degli-etruschi,https://sagr.it/toscana/costa-degli-etruschi/eventi/sagra-del-bombolone,,,,,
SagrafavoriteTerre di Pisa Food & Wine,Festival,16 ottobre - 18 ottobre 2026,2026-10-16,2026-10-18,Pisa,Toscana,toscana,Costa Degli Etruschi,costa-degli-etruschi,https://sagr.it/toscana/costa-degli-etruschi/eventi/terre-di-pisa-food-wine-festival,,,,,
SagrafavoriteSagra delle Frittelle,,17 gennaio - 29 marzo 2026,2026-01-17,2026-03-29,Bagno a Ripoli,Toscana,toscana,Firenze e Chianti,firenze-e-chianti,https://sagr.it/toscana/firenze-e-chianti/eventi/sagra-delle-frittelle,,,,,
SagrafavoriteFesta della Schiacciata e del Tortello,,11 aprile - 3 maggio 2026,2026-04-11,2026-05-03,Vaglia,Toscana,toscana,Firenze e Chianti,firenze-e-chianti,https://sagr.it/toscana/firenze-e-chianti/eventi/festa-della-schiacciata-e-del-tortello,,,,,
SagrafavoriteFesta del bombolone e delle ficattole,,19 aprile - 26 aprile 2026,2026-04-19,2026-04-26,Montespertoli,Toscana,toscana,Firenze e Chianti,firenze-e-chianti,https://sagr.it/toscana/firenze-e-chianti/eventi/festa-del-bombolone-e-delle-ficattole,,,,,
SagrafavoriteFesta del Tortello e del Prugnolo,,24 aprile - 3 maggio 2026,2026-04-24,2026-05-03,Borgo San Lorenzo,Toscana,toscana,Firenze e Chianti,firenze-e-chianti,https://sagr.it/toscana/firenze-e-chianti/eventi/festa-del-tortello-e-del-prugnolo,,,,,
SagrafavoriteSagra del Baccello con Carciofi fritti sanminiatesi,,24 aprile - 3 maggio 2026,2026-04-24,2026-05-03,San Miniato,Toscana,toscana,Firenze e Chianti,firenze-e-chianti,https://sagr.it/toscana/firenze-e-chianti/eventi/sagra-del-baccello-con-carciofi-fritti-sanminiatesi,,,,,
SagrafavoriteSagra del Cinghiale e della Pizza,,24 aprile - 3 maggio 2026,2026-04-24,2026-05-03,Pontassieve,Toscana,toscana,Firenze e Chianti,firenze-e-chianti,https://sagr.it/toscana/firenze-e-chianti/eventi/sagra-del-cinghiale-e-della-pizza,,,,,
SagrafavoriteSagra del cinghiale,,24 aprile - 3 maggio 2026,2026-04-24,2026-05-03,Montespertoli,Toscana,toscana,Firenze e Chianti,firenze-e-chianti,https://sagr.it/toscana/firenze-e-chianti/eventi/sagra-del-cinghiale-moor2clv,,,,,
FierafavoriteMIDA Mostra Internazionale dell’Artigianato di Firenze,,25 aprile - 3 maggio 2026,2026-04-25,2026-05-03,Firenze,Toscana,toscana,Firenze e Chianti,firenze-e-chianti,https://sagr.it/toscana/firenze-e-chianti/eventi/mida-mostra-internazionale-dell-artigianato-di-firenze,,,,,
SagrafavoriteSagra del Carciofo Empolese,,25 aprile - 3 maggio 2026,2026-04-25,2026-05-03,Empoli,Toscana,toscana,Firenze e Chianti,firenze-e-chianti,https://sagr.it/toscana/firenze-e-chianti/eventi/sagra-del-carciofo-empolese,,,,,
SagrafavoriteSagra della Ficattola,,30 aprile - 10 maggio 2026,2026-04-30,2026-05-10,Impruneta,Toscana,toscana,Firenze e Chianti,firenze-e-chianti,https://sagr.it/toscana/firenze-e-chianti/eventi/sagra-della-ficattola-moor2e2x,,,,,
"SagrafavoriteFesta della Zuppa, Trippa e Polpetta",,1 maggio - 3 maggio 2026,2026-05-01,2026-05-03,Bientina,Toscana,toscana,Firenze e Chianti,firenze-e-chianti,https://sagr.it/toscana/firenze-e-chianti/eventi/festa-della-zuppa-trippa-e-polpetta,,,,,
SagrafavoriteMagnalonga del Primo Maggio,,1 maggio 2026,2026-05-01,2026-05-01,Vicchio,Toscana,toscana,Firenze e Chianti,firenze-e-chianti,https://sagr.it/toscana/firenze-e-chianti/eventi/magnalonga-del-primo-maggio,,,,,
SagrafavoriteSagra del Cinghiale,,1 maggio - 3 maggio 2026,2026-05-01,2026-05-03,Greve in Chianti,Toscana,toscana,Firenze e Chianti,firenze-e-chianti,https://sagr.it/toscana/firenze-e-chianti/eventi/sagra-del-cinghiale-moor2cn0,,,,,
SagrafavoriteSagra del Tortello e del Prugnolo,,1 maggio - 10 maggio 2026,2026-05-01,2026-05-10,Scarperia e San Piero,Toscana,toscana,Firenze e Chianti,firenze-e-chianti,https://sagr.it/toscana/firenze-e-chianti/eventi/sagra-del-tortello-e-del-prugnolo,,,,,
SagrafavoriteSagra del crostino,,1 maggio 2026,2026-05-01,2026-05-01,Palaia,Toscana,toscana,Firenze e Chianti,firenze-e-chianti,https://sagr.it/toscana/firenze-e-chianti/eventi/sagra-del-crostino,,,,,
SagrafavoriteSagra della Fragola e del Baccello,,1 maggio - 3 maggio 2026,2026-05-01,2026-05-03,Santa Luce,Toscana,toscana,Firenze e Chianti,firenze-e-chianti,https://sagr.it/toscana/firenze-e-chianti/eventi/sagra-della-fragola-e-del-baccello,,,,,
SagrafavoriteFesta del Pesce,,7 maggio - 24 maggio 2026,2026-05-07,2026-05-24,Fiesole,Toscana,toscana,Firenze e Chianti,firenze-e-chianti,https://sagr.it/toscana/firenze-e-chianti/eventi/festa-del-pesce,,,,,
SagrafavoriteUrban Food Festival Empoli,,7 maggio - 10 maggio 2026,2026-05-07,2026-05-10,Empoli,Toscana,toscana,Firenze e Chianti,firenze-e-chianti,https://sagr.it/toscana/firenze-e-chianti/eventi/urban-food-festival-empoli,,,,,
SagrafavoriteFesta di' Baccello,,9 maggio - 10 maggio 2026,2026-05-09,2026-05-10,Montespertoli,Toscana,toscana,Firenze e Chianti,firenze-e-chianti,https://sagr.it/toscana/firenze-e-chianti/eventi/festa-di-baccello,,,,,
SagrafavoriteSagra del Cinghiale,,14 maggio - 24 maggio 2026,2026-05-14,2026-05-24,Rignano sull'Arno,Toscana,toscana,Firenze e Chianti,firenze-e-chianti,https://sagr.it/toscana/firenze-e-chianti/eventi/sagra-del-cinghiale-moytm5nh,,,,,
SagrafavoriteSagra del Cinghiale,,15 maggio - 17 maggio 2026,2026-05-15,2026-05-17,San Miniato,Toscana,toscana,Firenze e Chianti,firenze-e-chianti,https://sagr.it/toscana/firenze-e-chianti/eventi/sagra-del-cinghiale-mp8uze9j,,,,,
SagrafavoriteSagra del Gallettino,,15 maggio - 17 maggio 2026,2026-05-15,2026-05-17,Santa Croce sull'Arno,Toscana,toscana,Firenze e Chianti,firenze-e-chianti,https://sagr.it/toscana/firenze-e-chianti/eventi/sagra-del-gallettino,,,,,
"SagrafavoriteSagra del Cinghiale, Tortelli e Grigliata",,16 maggio - 24 maggio 2026,2026-05-16,2026-05-24,Pelago,Toscana,toscana,Firenze e Chianti,firenze-e-chianti,https://sagr.it/toscana/firenze-e-chianti/eventi/sagra-del-cinghiale-tortelli-e-grigliata,,,,,
SagrafavoriteSagra dell'Olio Novo,,16 maggio - 24 maggio 2026,2026-05-16,2026-05-24,Peccioli,Toscana,toscana,Firenze e Chianti,firenze-e-chianti,https://sagr.it/toscana/firenze-e-chianti/eventi/sagra-dell-olio-novo,,,,,
SagrafavoriteSagra della Nozza,,16 maggio - 17 maggio 2026,2026-05-16,2026-05-17,Calcinaia,Toscana,toscana,Firenze e Chianti,firenze-e-chianti,https://sagr.it/toscana/firenze-e-chianti/eventi/sagra-della-nozza,,,,,
SagrafavoriteFesta della Finocchiona e dei Salumi Toscani,,17 maggio 2026,2026-05-17,2026-05-17,Vaglia,Toscana,toscana,Firenze e Chianti,firenze-e-chianti,https://sagr.it/toscana/firenze-e-chianti/eventi/festa-della-finocchiona-e-dei-salumi-toscani,,,,,
SagrafavoriteFesta Chiesanovese e Sagra dell'Anguilla,,22 maggio - 7 giugno 2026,2026-05-22,2026-06-07,Cascina,Toscana,toscana,Firenze e Chianti,firenze-e-chianti,https://sagr.it/toscana/firenze-e-chianti/eventi/festa-chiesanovese-e-sagra-dell-anguilla,,,,,
SagrafavoriteSagra del Galletto e Fiorentina,,22 maggio - 24 maggio 2026,2026-05-22,2026-05-24,Bientina,Toscana,toscana,Firenze e Chianti,firenze-e-chianti,https://sagr.it/toscana/firenze-e-chianti/eventi/sagra-del-galletto-e-fiorentina,,,,,
SagrafavoriteSagra della Fragola,,22 maggio - 24 maggio 2026,2026-05-22,2026-05-24,San Giuliano Terme,Toscana,toscana,Firenze e Chianti,firenze-e-chianti,https://sagr.it/toscana/firenze-e-chianti/eventi/sagra-della-fragola-mpiwc3ys,,,,,
SagrafavoriteSagra delle Fragole & Panna,,22 maggio - 31 maggio 2026,2026-05-22,2026-05-31,Figline e Incisa Valdarno,Toscana,toscana,Firenze e Chianti,firenze-e-chianti,https://sagr.it/toscana/firenze-e-chianti/eventi/sagra-delle-fragole-panna,,,,,
FierafavoriteBuongiorno Ceramica!,,23 maggio - 24 maggio 2026,2026-05-23,2026-05-24,Impruneta,Toscana,toscana,Firenze e Chianti,firenze-e-chianti,https://sagr.it/toscana/firenze-e-chianti/eventi/buongiorno-ceramica,,,,,
SagrafavoriteFesta dei Volpai,,23 maggio - 24 maggio 2026,2026-05-23,2026-05-24,Impruneta,Toscana,toscana,Firenze e Chianti,firenze-e-chianti,https://sagr.it/toscana/firenze-e-chianti/eventi/festa-dei-volpai,,,,,
SagrafavoriteRadda nel bicchiere,,23 maggio - 24 maggio 2026,2026-05-23,2026-05-24,Radda in Chianti,Toscana,toscana,Firenze e Chianti,firenze-e-chianti,https://sagr.it/toscana/firenze-e-chianti/eventi/radda-nel-bicchiere,,,,,
FierafavoriteFiera di Primavera San Casciano in Val di Pesa,,24 maggio 2026,2026-05-24,2026-05-24,Pesa,Toscana,toscana,Firenze e Chianti,firenze-e-chianti,https://sagr.it/toscana/firenze-e-chianti/eventi/fiera-di-primavera-san-casciano-in-val-di-pesa,,,,,
RievocazionefavoriteLa Magnalonga del Boccaccio,,24 maggio 2026,2026-05-24,2026-05-24,Certaldo,Toscana,toscana,Firenze e Chianti,firenze-e-chianti,https://sagr.it/toscana/firenze-e-chianti/eventi/la-magnalonga-del-boccaccio,,,,,
SagrafavoriteSagra delle Ficattole,,24 maggio 2026,2026-05-24,2026-05-24,Scandicci,Toscana,toscana,Firenze e Chianti,firenze-e-chianti,https://sagr.it/toscana/firenze-e-chianti/eventi/sagra-delle-ficattole,,,,,
SagrafavoriteFesta degli antichi sapori aretini,,29 maggio - 2 giugno 2026,2026-05-29,2026-06-02,Indicatore,Toscana,toscana,Firenze e Chianti,firenze-e-chianti,https://sagr.it/toscana/firenze-e-chianti/eventi/festa-degli-antichi-sapori-aretini,,,,,
SagrafavoriteSagra del Prugnolo,,29 maggio - 7 giugno 2026,2026-05-29,2026-06-07,Firenzuola,Toscana,toscana,Firenze e Chianti,firenze-e-chianti,https://sagr.it/toscana/firenze-e-chianti/eventi/sagra-del-prugnolo-mpsxiwd5,,,,,
SagrafavoriteSagra del maccherone,,29 maggio - 7 giugno 2026,2026-05-29,2026-06-07,Battifolle,Toscana,toscana,Firenze e Chianti,firenze-e-chianti,https://sagr.it/toscana/firenze-e-chianti/eventi/sagra-del-maccherone,,,,,
SagrafavoriteSagra della Bistecca,,29 maggio - 7 giugno 2026,2026-05-29,2026-06-07,Serravalle Pistoiese,Toscana,toscana,Firenze e Chianti,firenze-e-chianti,https://sagr.it/toscana/firenze-e-chianti/eventi/sagra-della-bistecca-moytm5sl,,,,,
SagrafavoriteFesta dell'arrosticino e della ciccia,,30 maggio - 7 giugno 2026,2026-05-30,2026-06-07,Buti,Toscana,toscana,Firenze e Chianti,firenze-e-chianti,https://sagr.it/toscana/firenze-e-chianti/eventi/festa-dell-arrosticino-e-della-ciccia,,,,,
SagrafavoriteMostra del Chianti,,30 maggio - 7 giugno 2026,2026-05-30,2026-06-07,Montespertoli,Toscana,toscana,Firenze e Chianti,firenze-e-chianti,https://sagr.it/toscana/firenze-e-chianti/eventi/mostra-del-chianti,,,,,
SagrafavoriteRegina Ribelle &ndash; Vernaccia di San Gimignano Wine Fest,,30 maggio - 31 maggio 2026,2026-05-30,2026-05-31,San Gimignano,Toscana,toscana,Firenze e Chianti,firenze-e-chianti,https://sagr.it/toscana/firenze-e-chianti/eventi/regina-ribelle-vernaccia-di-san-gimignano-wine-fest,,,,,
SagrafavoriteSagra del Cacciucco e Gamberoni alla griglia,,30 maggio - 2 giugno 2026,2026-05-30,2026-06-02,Rufina,Toscana,toscana,Firenze e Chianti,firenze-e-chianti,https://sagr.it/toscana/firenze-e-chianti/eventi/sagra-del-cacciucco-e-gamberoni-alla-griglia,,,,,
SagrafavoriteSagra del Fiore di Zucca Fritto,,30 maggio - 2 giugno 2026,2026-05-30,2026-06-02,San Miniato,Toscana,toscana,Firenze e Chianti,firenze-e-chianti,https://sagr.it/toscana/firenze-e-chianti/eventi/sagra-del-fiore-di-zucca-fritto,,,,,
SagrafavoriteSagra del ranocchio,,30 maggio - 7 giugno 2026,2026-05-30,2026-06-07,Firenze,Toscana,toscana,Firenze e Chianti,firenze-e-chianti,https://sagr.it/toscana/firenze-e-chianti/eventi/sagra-del-ranocchio,,,,,
SagrafavoriteSagra della Ciliegia,,30 maggio - 6 giugno 2026,2026-05-30,2026-06-06,Casciana Terme Lari,Toscana,toscana,Firenze e Chianti,firenze-e-chianti,https://sagr.it/toscana/firenze-e-chianti/eventi/sagra-della-ciliegia-moor2epj,,,,,
SagrafavoriteSagra del Tortello,,31 maggio 2026,2026-05-31,2026-05-31,Vernio,Toscana,toscana,Firenze e Chianti,firenze-e-chianti,https://sagr.it/toscana/firenze-e-chianti/eventi/sagra-del-tortello-mpsxivmz,,,,,
SagrafavoriteSagra del Tartufo a Cellai,,1 giugno - 30 giugno 2026,2026-06-01,2026-06-30,Rignano sull'Arno,Toscana,toscana,Firenze e Chianti,firenze-e-chianti,https://sagr.it/toscana/firenze-e-chianti/eventi/sagra-del-tartufo-a-cellai,,,,,
SagrafavoriteFesta della Ciliegia,,4 giugno - 7 giugno 2026,2026-06-04,2026-06-07,Carmignano,Toscana,toscana,Firenze e Chianti,firenze-e-chianti,https://sagr.it/toscana/firenze-e-chianti/eventi/festa-della-ciliegia-mpiwc4ht,,,,,
SagrafavoriteFesta della pizza,,4 giugno - 14 giugno 2026,2026-06-04,2026-06-14,Impruneta,Toscana,toscana,Firenze e Chianti,firenze-e-chianti,https://sagr.it/toscana/firenze-e-chianti/eventi/festa-della-pizza,,,,,
SagrafavoriteSagra della Frittella Fior di Cascia,,4 giugno - 7 giugno 2026,2026-06-04,2026-06-07,Barberino Tavarnelle,Toscana,toscana,Firenze e Chianti,firenze-e-chianti,https://sagr.it/toscana/firenze-e-chianti/eventi/sagra-della-frittella-fior-di-cascia,,,,,
SagrafavoriteSagra della Pizza,,4 giugno - 21 giugno 2026,2026-06-04,2026-06-21,San Miniato,Toscana,toscana,Firenze e Chianti,firenze-e-chianti,https://sagr.it/toscana/firenze-e-chianti/eventi/sagra-della-pizza-mq2z7ts6,,,,,
SagrafavoriteSagra dello stinco,,4 giugno - 14 giugno 2026,2026-06-04,2026-06-14,Capolona,Toscana,toscana,Firenze e Chianti,firenze-e-chianti,https://sagr.it/toscana/firenze-e-chianti/eventi/sagra-dello-stinco,,,,,
SagrafavoriteSagra di' Pinolo,,4 giugno - 14 giugno 2026,2026-06-04,2026-06-14,San Casciano in Val di Pesa,Toscana,toscana,Firenze e Chianti,firenze-e-chianti,https://sagr.it/toscana/firenze-e-chianti/eventi/sagra-di-pinolo,,,,,
SagrafavoriteSagra del Tartufo,,5 giugno - 21 giugno 2026,2026-06-05,2026-06-21,Rignano sull'Arno,Toscana,toscana,Firenze e Chianti,firenze-e-chianti,https://sagr.it/toscana/firenze-e-chianti/eventi/sagra-del-tartufo-moor2et2,,,,,
SagrafavoriteSagra della Pizza,,5 giugno - 28 giugno 2026,2026-06-05,2026-06-28,Castelfranco di Sotto,Toscana,toscana,Firenze e Chianti,firenze-e-chianti,https://sagr.it/toscana/firenze-e-chianti/eventi/sagra-della-pizza-mq2z7u4n,,,,,
SagrafavoriteGrigliata Insieme,,6 giugno - 7 giugno 2026,2026-06-06,2026-06-07,Pontassieve,Toscana,toscana,Firenze e Chianti,firenze-e-chianti,https://sagr.it/toscana/firenze-e-chianti/eventi/grigliata-insieme,,,,,
SagrafavoriteSagra della Fragola,,6 giugno - 7 giugno 2026,2026-06-06,2026-06-07,Scarperia e San Piero,Toscana,toscana,Firenze e Chianti,firenze-e-chianti,https://sagr.it/toscana/firenze-e-chianti/eventi/sagra-della-fragola-mq2z7t8y,,,,,
FestivalfavoriteCampi Beer,Festival,11 giugno - 28 giugno 2026,2026-06-11,2026-06-28,Campi Bisenzio,Toscana,toscana,Firenze e Chianti,firenze-e-chianti,https://sagr.it/toscana/firenze-e-chianti/eventi/campi-beer-festival,,,,,
SagrafavoriteCerbaia in Festa,,11 giugno - 21 giugno 2026,2026-06-11,2026-06-21,Lamporecchio,Toscana,toscana,Firenze e Chianti,firenze-e-chianti,https://sagr.it/toscana/firenze-e-chianti/eventi/cerbaia-in-festa,,,,,
SagrafavoriteFesta Griglia e Fritto,,11 giugno - 14 giugno 2026,2026-06-11,2026-06-14,Pontassieve,Toscana,toscana,Firenze e Chianti,firenze-e-chianti,https://sagr.it/toscana/firenze-e-chianti/eventi/festa-griglia-e-fritto,,,,,
SagrafavoriteSagra del Pane Toscano DOP,,11 giugno - 11 luglio 2026,2026-06-11,2026-07-11,Buggiano,Toscana,toscana,Firenze e Chianti,firenze-e-chianti,https://sagr.it/toscana/firenze-e-chianti/eventi/sagra-del-pane-toscano-dop,,,,,
SagrafavoriteSagra del pesce,,11 giugno - 21 giugno 2026,2026-06-11,2026-06-21,Pontassieve,Toscana,toscana,Firenze e Chianti,firenze-e-chianti,https://sagr.it/toscana/firenze-e-chianti/eventi/sagra-del-pesce-mqd0uhco,,,,,
FestivalfavoriteFirenze Rocks,,12 giugno - 14 giugno 2026,2026-06-12,2026-06-14,Firenze,Toscana,toscana,Firenze e Chianti,firenze-e-chianti,https://sagr.it/toscana/firenze-e-chianti/eventi/firenze-rocks,,,,,
SagrafavoriteFesta della Brace e del Sombrero,,12 giugno - 21 giugno 2026,2026-06-12,2026-06-21,Bientina,Toscana,toscana,Firenze e Chianti,firenze-e-chianti,https://sagr.it/toscana/firenze-e-chianti/eventi/festa-della-brace-e-del-sombrero,,,,,
SagrafavoriteFesta der Contadino,,12 giugno - 14 giugno 2026,2026-06-12,2026-06-14,Buti,Toscana,toscana,Firenze e Chianti,firenze-e-chianti,https://sagr.it/toscana/firenze-e-chianti/eventi/festa-der-contadino,,,,,
SagrafavoriteSagra del Ranocchio,,12 giugno - 28 giugno 2026,2026-06-12,2026-06-28,Empoli,Toscana,toscana,Firenze e Chianti,firenze-e-chianti,https://sagr.it/toscana/firenze-e-chianti/eventi/sagra-del-ranocchio-mq2z7u3q,,,,,
SagrafavoriteSagra del Tortello,,12 giugno - 21 giugno 2026,2026-06-12,2026-06-21,Borgo San Lorenzo,Toscana,toscana,Firenze e Chianti,firenze-e-chianti,https://sagr.it/toscana/firenze-e-chianti/eventi/sagra-del-tortello-mq2z7tw0,,,,,
SagrafavoriteFesta dell'incontro e Festa delle palle fritte,,13 giugno - 21 giugno 2026,2026-06-13,2026-06-21,Casciana Terme Lari,Toscana,toscana,Firenze e Chianti,firenze-e-chianti,https://sagr.it/toscana/firenze-e-chianti/eventi/festa-dell-incontro-e-festa-delle-palle-fritte,,,,,
SagrafavoriteFesta della Ficattola,,13 giugno - 30 giugno 2026,2026-06-13,2026-06-30,Bientina,Toscana,toscana,Firenze e Chianti,firenze-e-chianti,https://sagr.it/toscana/firenze-e-chianti/eventi/festa-della-ficattola,,,,,
SagrafavoriteFestabella – Sagra della Pecora e della Pizza,,13 giugno - 5 luglio 2026,2026-06-13,2026-07-05,Prato,Toscana,toscana,Firenze e Chianti,firenze-e-chianti,https://sagr.it/toscana/firenze-e-chianti/eventi/festabella-sagra-della-pecora-e-della-pizza,,,,,
SagrafavoriteSagra del Tartufo Scorzone Toscano,,13 giugno - 21 giugno 2026,2026-06-13,2026-06-21,Montespertoli,Toscana,toscana,Firenze e Chianti,firenze-e-chianti,https://sagr.it/toscana/firenze-e-chianti/eventi/sagra-del-tartufo-scorzone-toscano,,,,,
SagrafavoriteSagra della Schiacciata all'Olio,,13 giugno - 14 giugno 2026,2026-06-13,2026-06-14,Greve in Chianti,Toscana,toscana,Firenze e Chianti,firenze-e-chianti,https://sagr.it/toscana/firenze-e-chianti/eventi/sagra-della-schiacciata-all-olio,,,,,
Festa patronalefavoriteLuminara di San Ranieri,,16 giugno 2026,2026-06-16,2026-06-16,Pisa,Toscana,toscana,Firenze e Chianti,firenze-e-chianti,https://sagr.it/toscana/firenze-e-chianti/eventi/luminara-di-san-ranieri,,,,,
RievocazionefavoritePalio remiero di San Ranieri,,17 giugno 2026,2026-06-17,2026-06-17,Pisa,Toscana,toscana,Firenze e Chianti,firenze-e-chianti,https://sagr.it/toscana/firenze-e-chianti/eventi/palio-remiero-di-san-ranieri,,,,,
SagrafavoriteCertaldo in Fermento,,17 giugno - 28 giugno 2026,2026-06-17,2026-06-28,Certaldo,Toscana,toscana,Firenze e Chianti,firenze-e-chianti,https://sagr.it/toscana/firenze-e-chianti/eventi/certaldo-in-fermento,,,,,
"SagrafavoriteSagra del Tortello, Stinco e Birra artigianale",,18 giugno - 28 giugno 2026,2026-06-18,2026-06-28,Cascina,Toscana,toscana,Firenze e Chianti,firenze-e-chianti,https://sagr.it/toscana/firenze-e-chianti/eventi/sagra-del-tortello-stinco-e-birra-artigianale,,,,,
SagrafavoriteSagra della Chiocciola,,18 giugno - 5 luglio 2026,2026-06-18,2026-07-05,Vinci,Toscana,toscana,Firenze e Chianti,firenze-e-chianti,https://sagr.it/toscana/firenze-e-chianti/eventi/sagra-della-chiocciola,,,,,
SagrafavoriteSagra della pizza e della pasta fresca,,18 giugno - 28 giugno 2026,2026-06-18,2026-06-28,Montelupo Fiorentino,Toscana,toscana,Firenze e Chianti,firenze-e-chianti,https://sagr.it/toscana/firenze-e-chianti/eventi/sagra-della-pizza-e-della-pasta-fresca,,,,,
SagrafavoriteFesta della Bistecca e del Frate,,19 giugno - 5 luglio 2026,2026-06-19,2026-07-05,Bientina,Toscana,toscana,Firenze e Chianti,firenze-e-chianti,https://sagr.it/toscana/firenze-e-chianti/eventi/festa-della-bistecca-e-del-frate,,,,,
SagrafavoriteSagra del Fungo Porcino,,19 giugno - 28 giugno 2026,2026-06-19,2026-06-28,Reggello,Toscana,toscana,Firenze e Chianti,firenze-e-chianti,https://sagr.it/toscana/firenze-e-chianti/eventi/sagra-del-fungo-porcino-mqxvgis7,,,,,
SagrafavoriteSagra del Tortello alla Pelaghese,,19 giugno - 28 giugno 2026,2026-06-19,2026-06-28,Pelago,Toscana,toscana,Firenze e Chianti,firenze-e-chianti,https://sagr.it/toscana/firenze-e-chianti/eventi/sagra-del-tortello-alla-pelaghese,,,,,
SagrafavoriteSagra dell'Ortica,,19 giugno - 21 giugno 2026,2026-06-19,2026-06-21,Tavarnelle Val di Pesa,Toscana,toscana,Firenze e Chianti,firenze-e-chianti,https://sagr.it/toscana/firenze-e-chianti/eventi/sagra-dell-ortica-mqn2dre7,,,,,
SagrafavoriteSagra dell'ortica,,19 giugno - 21 giugno 2026,2026-06-19,2026-06-21,Barberino Tavarnelle,Toscana,toscana,Firenze e Chianti,firenze-e-chianti,https://sagr.it/toscana/firenze-e-chianti/eventi/sagra-dell-ortica,,,,,
SagrafavoriteSagra della Trippa a Cerretti,,19 giugno - 28 giugno 2026,2026-06-19,2026-06-28,Santa Maria a Monte,Toscana,toscana,Firenze e Chianti,firenze-e-chianti,https://sagr.it/toscana/firenze-e-chianti/eventi/sagra-della-trippa-a-cerretti,,,,,
SagrafavoriteFesta del fusigno,,20 giugno - 21 giugno 2026,2026-06-20,2026-06-21,Londa,Toscana,toscana,Firenze e Chianti,firenze-e-chianti,https://sagr.it/toscana/firenze-e-chianti/eventi/festa-del-fusigno,,,,,
SagrafavoriteSagra del Fiore di Zucca Fritto,,20 giugno - 28 giugno 2026,2026-06-20,2026-06-28,Scandicci,Toscana,toscana,Firenze e Chianti,firenze-e-chianti,https://sagr.it/toscana/firenze-e-chianti/eventi/sagra-del-fiore-di-zucca-fritto-mqn2drlm,,,,,
SagrafavoriteSagra della Trippa,,20 giugno - 21 giugno 2026,2026-06-20,2026-06-21,Fucecchio,Toscana,toscana,Firenze e Chianti,firenze-e-chianti,https://sagr.it/toscana/firenze-e-chianti/eventi/sagra-della-trippa-moytm5vq,,,,,
Festa patronalefavoriteFesta dei Patroni,,21 giugno - 30 giugno 2026,2026-06-21,2026-06-30,Campi Bisenzio,Toscana,toscana,Firenze e Chianti,firenze-e-chianti,https://sagr.it/toscana/firenze-e-chianti/eventi/festa-dei-patroni,,,,,
SagrafavoriteSagra del Pesce,,25 giugno - 12 luglio 2026,2026-06-25,2026-07-12,Cerreto Guidi,Toscana,toscana,Firenze e Chianti,firenze-e-chianti,https://sagr.it/toscana/firenze-e-chianti/eventi/sagra-del-pesce-mqd0ui5e,,,,,
SagrafavoriteSagra del Tortello,,25 giugno - 28 giugno 2026,2026-06-25,2026-06-28,Borgo San Lorenzo,Toscana,toscana,Firenze e Chianti,firenze-e-chianti,https://sagr.it/toscana/firenze-e-chianti/eventi/sagra-del-tortello-mqn2drit,,,,,
SagrafavoriteSagra campagnola,,26 giugno - 5 luglio 2026,2026-06-26,2026-07-05,Montelupo Fiorentino,Toscana,toscana,Firenze e Chianti,firenze-e-chianti,https://sagr.it/toscana/firenze-e-chianti/eventi/sagra-campagnola,,,,,
SagrafavoriteSagra dell'anguilla e del baccalà,,26 giugno - 19 luglio 2026,2026-06-26,2026-07-19,Vicopisano,Toscana,toscana,Firenze e Chianti,firenze-e-chianti,https://sagr.it/toscana/firenze-e-chianti/eventi/sagra-dell-anguilla-e-del-baccala,,,,,
SagrafavoriteSagra delle Brioche con Gelato Artigianale,,26 giugno - 5 luglio 2026,2026-06-26,2026-07-05,Montespertoli,Toscana,toscana,Firenze e Chianti,firenze-e-chianti,https://sagr.it/toscana/firenze-e-chianti/eventi/sagra-delle-brioche-con-gelato-artigianale,,,,,
RievocazionefavoriteRievocazione Storica – Voci antiche – Le vie del gusto,,27 giugno 2026,2026-06-27,2026-06-27,,Toscana,toscana,Firenze e Chianti,firenze-e-chianti,https://sagr.it/toscana/firenze-e-chianti/eventi/rievocazione-storica-voci-antiche-le-vie-del-gusto,,,,,
SagrafavoriteSagra del Ranocchio e della Zuppa,,27 giugno - 5 luglio 2026,2026-06-27,2026-07-05,Buti,Toscana,toscana,Firenze e Chianti,firenze-e-chianti,https://sagr.it/toscana/firenze-e-chianti/eventi/sagra-del-ranocchio-e-della-zuppa,,,,,
SagrafavoriteSagra del Tortellone,,27 giugno - 5 luglio 2026,2026-06-27,2026-07-05,Reggello,Toscana,toscana,Firenze e Chianti,firenze-e-chianti,https://sagr.it/toscana/firenze-e-chianti/eventi/sagra-del-tortellone-mqxvgjf4,,,,,
SagrafavoriteSagra della bistecca chianina,,27 giugno - 29 giugno 2026,2026-06-27,2026-06-29,Sestino,Toscana,toscana,Firenze e Chianti,firenze-e-chianti,https://sagr.it/toscana/firenze-e-chianti/eventi/sagra-della-bistecca-chianina,,,,,
FestivalfavoriteEmpoli Jazz,Festival,28 giugno - 28 luglio 2026,2026-06-28,2026-07-28,Empoli,Toscana,toscana,Firenze e Chianti,firenze-e-chianti,https://sagr.it/toscana/firenze-e-chianti/eventi/empoli-jazz-festival,,,,,
SagrafavoriteSagra del Tortello,,28 giugno 2026,2026-06-28,2026-06-28,Vernio,Toscana,toscana,Firenze e Chianti,firenze-e-chianti,https://sagr.it/toscana/firenze-e-chianti/eventi/sagra-del-tortello-mqxvgiuo,,,,,
SagrafavoriteSagra dei circoli Arci,,1 luglio - 5 luglio 2026,2026-07-01,2026-07-05,Firenze,Toscana,toscana,Firenze e Chianti,firenze-e-chianti,https://sagr.it/toscana/firenze-e-chianti/eventi/sagra-dei-circoli-arci,,,,,
SagrafavoriteSagra del Papero e del Cinghiale,,2 luglio - 19 luglio 2026,2026-07-02,2026-07-19,Cerreto Guidi,Toscana,toscana,Firenze e Chianti,firenze-e-chianti,https://sagr.it/toscana/firenze-e-chianti/eventi/sagra-del-papero-e-del-cinghiale,,,,,
SagrafavoriteSagra del Cinghiale e del Tortello a Ronta,,3 luglio - 12 luglio 2026,2026-07-03,2026-07-12,Borgo San Lorenzo,Toscana,toscana,Firenze e Chianti,firenze-e-chianti,https://sagr.it/toscana/firenze-e-chianti/eventi/sagra-del-cinghiale-e-del-tortello-a-ronta,,,,,
SagrafavoriteSagra del Pinolo,,3 luglio - 12 luglio 2026,2026-07-03,2026-07-12,Pisa,Toscana,toscana,Firenze e Chianti,firenze-e-chianti,https://sagr.it/toscana/firenze-e-chianti/eventi/sagra-del-pinolo-mqn2ds7l,,,,,
SagrafavoriteSagra della Tagliata e del Raviolo Maremmano,,3 luglio - 5 luglio 2026,2026-07-03,2026-07-05,Casale Marittimo,Toscana,toscana,Firenze e Chianti,firenze-e-chianti,https://sagr.it/toscana/firenze-e-chianti/eventi/sagra-della-tagliata-e-del-raviolo-maremmano,,,,,
SagrafavoriteFesta Popolare a Marcoiano,,4 luglio - 19 luglio 2026,2026-07-04,2026-07-19,Scarperia e San Piero,Toscana,toscana,Firenze e Chianti,firenze-e-chianti,https://sagr.it/toscana/firenze-e-chianti/eventi/festa-popolare-a-marcoiano,,,,,
SagrafavoriteFesta del Cacciatore,,4 luglio - 5 luglio 2026,2026-07-04,2026-07-05,Pomarance,Toscana,toscana,Firenze e Chianti,firenze-e-chianti,https://sagr.it/toscana/firenze-e-chianti/eventi/festa-del-cacciatore,,,,,
SagrafavoriteFesta del Totano Fritto,,4 luglio - 2 agosto 2026,2026-07-04,2026-08-02,Bientina,Toscana,toscana,Firenze e Chianti,firenze-e-chianti,https://sagr.it/toscana/firenze-e-chianti/eventi/festa-del-totano-fritto,,,,,
SagrafavoriteSagra del Cinghiale,,4 luglio - 12 luglio 2026,2026-07-04,2026-07-12,Pontassieve,Toscana,toscana,Firenze e Chianti,firenze-e-chianti,https://sagr.it/toscana/firenze-e-chianti/eventi/sagra-del-cinghiale-mqxvgkge,,,,,
SagrafavoriteSagra del Tortello di Patate,,4 luglio - 5 luglio 2026,2026-07-04,2026-07-05,Vaiano,Toscana,toscana,Firenze e Chianti,firenze-e-chianti,https://sagr.it/toscana/firenze-e-chianti/eventi/sagra-del-tortello-di-patate,,,,,
SagrafavoriteSagra del Tortello,,5 luglio 2026,2026-07-05,2026-07-05,Palazzuolo sul Senio,Toscana,toscana,Firenze e Chianti,firenze-e-chianti,https://sagr.it/toscana/firenze-e-chianti/eventi/sagra-del-tortello-palazzuolo-sul-senio,,,,,
SagrafavoriteSagra della rana,,9 luglio - 13 luglio 2026,2026-07-09,2026-07-13,Pietraviva,Toscana,toscana,Firenze e Chianti,firenze-e-chianti,https://sagr.it/toscana/firenze-e-chianti/eventi/sagra-della-rana,,,,,
SagrafavoriteFesta del Pesce,,10 luglio - 26 luglio 2026,2026-07-10,2026-07-26,Monteriggioni - Badesse,Toscana,toscana,Firenze e Chianti,firenze-e-chianti,https://sagr.it/toscana/firenze-e-chianti/eventi/festa-del-pesce-badesse,,,,,
SagrafavoriteSagra del Cinghiale e del Tortello,,10 luglio - 19 luglio 2026,2026-07-10,2026-07-19,Borgo San Lorenzo,Toscana,toscana,Firenze e Chianti,firenze-e-chianti,https://sagr.it/toscana/firenze-e-chianti/eventi/sagra-del-cinghiale-e-del-tortello,,,,,
SagrafavoriteSagra del Gallo,,10 luglio - 12 luglio 2026,2026-07-10,2026-07-12,San Casciano in Val di Pesa,Toscana,toscana,Firenze e Chianti,firenze-e-chianti,https://sagr.it/toscana/firenze-e-chianti/eventi/sagra-del-gallo,,,,,
SagrafavoriteSagra del Tortello,,10 luglio - 19 luglio 2026,2026-07-10,2026-07-19,Vecchiano,Toscana,toscana,Firenze e Chianti,firenze-e-chianti,https://sagr.it/toscana/firenze-e-chianti/eventi/sagra-del-tortello-vecchiano,,,,,
SagrafavoriteSagra della zuppa,,10 luglio - 20 luglio 2026,2026-07-10,2026-07-20,Massarella,Toscana,toscana,Firenze e Chianti,firenze-e-chianti,https://sagr.it/toscana/firenze-e-chianti/eventi/sagra-della-zuppa,,,,,
SagrafavoriteFesta del Tortellino,,11 luglio - 12 luglio 2026,2026-07-11,2026-07-12,Vicopisano,Toscana,toscana,Firenze e Chianti,firenze-e-chianti,https://sagr.it/toscana/firenze-e-chianti/eventi/festa-del-tortellino-mqn2ds8p,,,,,
SagrafavoriteSagra del Cavatello,,11 luglio - 12 luglio 2026,2026-07-11,2026-07-12,Castelfranco di Sotto,Toscana,toscana,Firenze e Chianti,firenze-e-chianti,https://sagr.it/toscana/firenze-e-chianti/eventi/sagra-del-cavatello-castelfranco-di-sotto,,,,,
SagrafavoriteFesta del paese e del tortello di patate,,26 luglio - 27 luglio 2026,2026-07-26,2026-07-27,Cetica,Toscana,toscana,Firenze e Chianti,firenze-e-chianti,https://sagr.it/toscana/firenze-e-chianti/eventi/festa-del-paese-e-del-tortello-di-patate,,,,,
SagrafavoriteSagra del Brigidino,,4 agosto - 6 agosto 2026,2026-08-04,2026-08-06,Lamporecchio,Toscana,toscana,Firenze e Chianti,firenze-e-chianti,https://sagr.it/toscana/firenze-e-chianti/eventi/sagra-del-brigidino,,,,,
SagrafavoriteSagra del cunigliolo fritto,,7 agosto - 31 agosto 2026,2026-08-07,2026-08-31,La Serra,Toscana,toscana,Firenze e Chianti,firenze-e-chianti,https://sagr.it/toscana/firenze-e-chianti/eventi/sagra-del-cunigliolo-fritto,,,,,
MercatofavoriteFiera di San Casciano,,9 agosto - 17 agosto 2026,2026-08-09,2026-08-17,Cascina,Toscana,toscana,Firenze e Chianti,firenze-e-chianti,https://sagr.it/toscana/firenze-e-chianti/eventi/fiera-di-san-casciano,,,,,
SagrafavoriteSagra della bistecca,,10 agosto - 15 agosto 2026,2026-08-10,2026-08-15,Olmo,Toscana,toscana,Firenze e Chianti,firenze-e-chianti,https://sagr.it/toscana/firenze-e-chianti/eventi/sagra-della-bistecca,,,,,
SagrafavoriteSagra della trota,,10 agosto - 11 agosto 2026,2026-08-10,2026-08-11,Loro Ciuffenna,Toscana,toscana,Firenze e Chianti,firenze-e-chianti,https://sagr.it/toscana/firenze-e-chianti/eventi/sagra-della-trota,,,,,
SagrafavoriteFesta della mora del bosco e dei suoi frutti,,28 agosto - 30 agosto 2026,2026-08-28,2026-08-30,Vaglia,Toscana,toscana,Firenze e Chianti,firenze-e-chianti,https://sagr.it/toscana/firenze-e-chianti/eventi/festa-della-mora-del-bosco-e-dei-suoi-frutti,,,,,
SagrafavoriteSagra del fico benvenuto fico secco,,5 settembre - 14 settembre 2026,2026-09-05,2026-09-14,Carmignano,Toscana,toscana,Firenze e Chianti,firenze-e-chianti,https://sagr.it/toscana/firenze-e-chianti/eventi/sagra-del-fico-benvenuto-fico-secco,,,,,
SagrafavoriteExpo del Chianti Classico,,10 settembre - 13 settembre 2026,2026-09-10,2026-09-13,Greve in Chianti,Toscana,toscana,Firenze e Chianti,firenze-e-chianti,https://sagr.it/toscana/firenze-e-chianti/eventi/expo-del-chianti-classico,,,,,
FierafavoriteFragranze Firenze,,11 settembre - 13 settembre 2026,2026-09-11,2026-09-13,Firenze,Toscana,toscana,Firenze e Chianti,firenze-e-chianti,https://sagr.it/toscana/firenze-e-chianti/eventi/fragranze-firenze,,,,,
Evento culturalefavoriteContesto,Festival,18 settembre - 20 settembre 2026,2026-09-18,2026-09-20,Empoli,Toscana,toscana,Firenze e Chianti,firenze-e-chianti,https://sagr.it/toscana/firenze-e-chianti/eventi/contesto-festival,,,,,
SagrafavoriteSagra della schiacciata,,21 settembre 2026,2026-09-21,2026-09-21,Bivigliano,Toscana,toscana,Firenze e Chianti,firenze-e-chianti,https://sagr.it/toscana/firenze-e-chianti/eventi/sagra-della-schiacciata,,,,,
SagrafavoriteSagra del cinghiale,,2 ottobre - 30 ottobre 2026,2026-10-02,2026-10-30,Montespertoli,Toscana,toscana,Firenze e Chianti,firenze-e-chianti,https://sagr.it/toscana/firenze-e-chianti/eventi/sagra-del-cinghiale,,,,,
Evento culturalefavoriteL’Eroica,,3 ottobre - 4 ottobre 2026,2026-10-03,2026-10-04,Gaiole in Chianti,Toscana,toscana,Firenze e Chianti,firenze-e-chianti,https://sagr.it/toscana/firenze-e-chianti/eventi/l-eroica,,,,,
SagrafavoriteSagra del porcino e della Chianina,,4 ottobre - 2 novembre 2026,2026-10-04,2026-11-02,Castelfranco di Sotto,Toscana,toscana,Firenze e Chianti,firenze-e-chianti,https://sagr.it/toscana/firenze-e-chianti/eventi/sagra-del-porcino-e-della-chianina,,,,,
SagrafavoriteSagra dell’Anatra Muta,,4 ottobre - 20 ottobre 2026,2026-10-04,2026-10-20,Marcignana,Toscana,toscana,Firenze e Chianti,firenze-e-chianti,https://sagr.it/toscana/firenze-e-chianti/eventi/sagra-dell-anatra-muta,,,,,
SagrafavoriteSagra del marrone e dei frutti del sottobosco,,5 ottobre - 26 ottobre 2026,2026-10-05,2026-10-26,Palazzuolo sul Senio,Toscana,toscana,Firenze e Chianti,firenze-e-chianti,https://sagr.it/toscana/firenze-e-chianti/eventi/sagra-del-marrone-e-dei-frutti-del-sottobosco,,,,,
SagrafavoriteMostra Mercato del Tartufo di Forcoli,,9 ottobre - 11 ottobre 2026,2026-10-09,2026-10-11,Palaia,Toscana,toscana,Firenze e Chianti,firenze-e-chianti,https://sagr.it/toscana/firenze-e-chianti/eventi/mostra-mercato-del-tartufo-di-forcoli,,,,,
SagrafavoriteFesta della Castagna e del Marrone Dop Caprese,,18 ottobre - 26 ottobre 2026,2026-10-18,2026-10-26,Caprese Michelangelo,Toscana,toscana,Firenze e Chianti,firenze-e-chianti,https://sagr.it/toscana/firenze-e-chianti/eventi/festa-della-castagna-e-del-marrone-dop-caprese,,,,,
SagrafavoriteVolterra gusto,,25 ottobre - 2 novembre 2026,2026-10-25,2026-11-02,Volterra,Toscana,toscana,Firenze e Chianti,firenze-e-chianti,https://sagr.it/toscana/firenze-e-chianti/eventi/volterra-gusto,,,,,
FierafavoriteCastanea Expo,,11 dicembre - 13 dicembre 2026,2026-12-11,2026-12-13,Firenze,Toscana,toscana,Firenze e Chianti,firenze-e-chianti,https://sagr.it/toscana/firenze-e-chianti/eventi/castanea-expo,,,,,
SagrafavoriteSagra delle frittelle,,18 gennaio - 19 marzo 2027,2027-01-18,2027-03-19,San Donato in Collina,Toscana,toscana,Firenze e Chianti,firenze-e-chianti,https://sagr.it/toscana/firenze-e-chianti/eventi/sagra-delle-frittelle-san-donato-in-collina,,,,,
SagrafavoriteSagra del tartufo marzuolo,,14 marzo - 22 marzo 2027,2027-03-14,2027-03-22,Montespertoli,Toscana,toscana,Firenze e Chianti,firenze-e-chianti,https://sagr.it/toscana/firenze-e-chianti/eventi/sagra-del-tartufo-marzuolo,,,,,
SagrafavoriteSagra della Schiacciata di Pasqua e del carciofo fritto,,27 marzo - 29 marzo 2026,2026-03-27,2026-03-29,Ponte a Egola,Toscana,toscana,Lucca e Garfagnana,lucca-e-garfagnana,https://sagr.it/toscana/lucca-e-garfagnana/eventi/sagra-della-schiacciata-di-pasqua-e-del-carciofo-fritto,,,,,
SagrafavoriteSagra del Pesce,,18 aprile - 3 maggio 2026,2026-04-18,2026-05-03,Massarosa,Toscana,toscana,Lucca e Garfagnana,lucca-e-garfagnana,https://sagr.it/toscana/lucca-e-garfagnana/eventi/sagra-del-pesce-moor2cp3,,,,,
FierafavoriteAgrifiera,,23 aprile - 3 maggio 2026,2026-04-23,2026-05-03,Pontasserchio,Toscana,toscana,Lucca e Garfagnana,lucca-e-garfagnana,https://sagr.it/toscana/lucca-e-garfagnana/eventi/agrifiera,,,,,
SagrafavoriteSagra del ciambellino di Rigomagno,,25 aprile - 27 aprile 2026,2026-04-25,2026-04-27,Rigomagno,Toscana,toscana,Lucca e Garfagnana,lucca-e-garfagnana,https://sagr.it/toscana/lucca-e-garfagnana/eventi/sagra-del-ciambellino-di-rigomagno,,,,,
SagrafavoriteSagra della cipolla di Treschietto,,1 maggio - 10 maggio 2026,2026-05-01,2026-05-10,Bagnone,Toscana,toscana,Lucca e Garfagnana,lucca-e-garfagnana,https://sagr.it/toscana/lucca-e-garfagnana/eventi/sagra-della-cipolla-di-treschietto,,,,,
SagrafavoriteEnolia,,9 maggio - 10 maggio 2026,2026-05-09,2026-05-10,Seravezza,Toscana,toscana,Lucca e Garfagnana,lucca-e-garfagnana,https://sagr.it/toscana/lucca-e-garfagnana/eventi/enolia,,,,,
SagrafavoriteFestival della Fragola,,9 maggio - 17 maggio 2026,2026-05-09,2026-05-17,Terricciola,Toscana,toscana,Lucca e Garfagnana,lucca-e-garfagnana,https://sagr.it/toscana/lucca-e-garfagnana/eventi/festival-della-fragola,,,,,
SagrafavoriteSagra delle focaccette,,16 maggio - 24 maggio 2026,2026-05-16,2026-05-24,Aulla,Toscana,toscana,Lucca e Garfagnana,lucca-e-garfagnana,https://sagr.it/toscana/lucca-e-garfagnana/eventi/sagra-delle-focaccette,,,,,
SagrafavoriteFesta dell'allegria,,29 maggio - 31 maggio 2026,2026-05-29,2026-05-31,Terricciola,Toscana,toscana,Lucca e Garfagnana,lucca-e-garfagnana,https://sagr.it/toscana/lucca-e-garfagnana/eventi/festa-dell-allegria,,,,,
SagrafavoriteSagra della ficattola,,29 maggio - 7 giugno 2026,2026-05-29,2026-06-07,Bientina,Toscana,toscana,Lucca e Garfagnana,lucca-e-garfagnana,https://sagr.it/toscana/lucca-e-garfagnana/eventi/sagra-della-ficattola,,,,,
SagrafavoriteSagra della Ciliegia di Lari,,30 maggio - 7 giugno 2026,2026-05-30,2026-06-07,Lari,Toscana,toscana,Lucca e Garfagnana,lucca-e-garfagnana,https://sagr.it/toscana/lucca-e-garfagnana/eventi/sagra-della-ciliegia-di-lari,,,,,
SagrafavoriteSagra del Tordello,,2 giugno - 28 giugno 2026,2026-06-02,2026-06-28,Segromigno in Monte,Toscana,toscana,Lucca e Garfagnana,lucca-e-garfagnana,https://sagr.it/toscana/lucca-e-garfagnana/eventi/sagra-del-tordello,,,,,
SagrafavoriteSagra del Tordello Casalingo,,2 giugno - 28 giugno 2026,2026-06-02,2026-06-28,Capannori,Toscana,toscana,Lucca e Garfagnana,lucca-e-garfagnana,https://sagr.it/toscana/lucca-e-garfagnana/eventi/sagra-del-tordello-casalingo,,,,,
SagrafavoriteSagra della Pizza,,4 giugno - 21 giugno 2026,2026-06-04,2026-06-21,Ponte a Egola,Toscana,toscana,Lucca e Garfagnana,lucca-e-garfagnana,https://sagr.it/toscana/lucca-e-garfagnana/eventi/sagra-della-pizza-mq9iaf8c,,,,,
SagrafavoriteSagra della zuppa alla contadina,,12 giugno - 5 luglio 2026,2026-06-12,2026-07-05,Massarosa,Toscana,toscana,Lucca e Garfagnana,lucca-e-garfagnana,https://sagr.it/toscana/lucca-e-garfagnana/eventi/sagra-della-zuppa-alla-contadina,,,,,
SagrafavoriteFesta della Rovellina Lucchese,,19 giugno - 21 giugno 2026,2026-06-19,2026-06-21,Lucca,Toscana,toscana,Lucca e Garfagnana,lucca-e-garfagnana,https://sagr.it/toscana/lucca-e-garfagnana/eventi/festa-della-rovellina-lucchese,,,,,
SagrafavoriteSagra del Tagliarino,,19 giugno - 5 luglio 2026,2026-06-19,2026-07-05,Capannori,Toscana,toscana,Lucca e Garfagnana,lucca-e-garfagnana,https://sagr.it/toscana/lucca-e-garfagnana/eventi/sagra-del-tagliarino,,,,,
SagrafavoriteSagra delle Focaccette di San Giovanni,,24 giugno - 28 giugno 2026,2026-06-24,2026-06-28,Licciana Nardi,Toscana,toscana,Lucca e Garfagnana,lucca-e-garfagnana,https://sagr.it/toscana/lucca-e-garfagnana/eventi/sagra-delle-focaccette-di-san-giovanni,,,,,
SagrafavoriteFesta della Fame e della Sete,,26 giugno - 28 giugno 2026,2026-06-26,2026-06-28,Filattiera,Toscana,toscana,Lucca e Garfagnana,lucca-e-garfagnana,https://sagr.it/toscana/lucca-e-garfagnana/eventi/festa-della-fame-e-della-sete,,,,,
SagrafavoriteSagra del Tordello,,26 giugno - 5 luglio 2026,2026-06-26,2026-07-05,Stazzema,Toscana,toscana,Lucca e Garfagnana,lucca-e-garfagnana,https://sagr.it/toscana/lucca-e-garfagnana/eventi/sagra-del-tordello-mqxvgjz1,,,,,
SagrafavoriteSagra dell'Oliva Dolce,,26 giugno - 12 luglio 2026,2026-06-26,2026-07-12,Capannori,Toscana,toscana,Lucca e Garfagnana,lucca-e-garfagnana,https://sagr.it/toscana/lucca-e-garfagnana/eventi/sagra-dell-oliva-dolce,,,,,
SagrafavoriteSagra della Quercia,,26 giugno - 12 luglio 2026,2026-06-26,2026-07-12,Seravezza,Toscana,toscana,Lucca e Garfagnana,lucca-e-garfagnana,https://sagr.it/toscana/lucca-e-garfagnana/eventi/sagra-della-quercia,,,,,
SagrafavoriteSagra dello Stringozzo alla Cinta senese,,26 giugno - 5 luglio 2026,2026-06-26,2026-07-05,Buti,Toscana,toscana,Lucca e Garfagnana,lucca-e-garfagnana,https://sagr.it/toscana/lucca-e-garfagnana/eventi/sagra-dello-stringozzo-alla-cinta-senese,,,,,
SagrafavoriteSagra del Fungo Porcino con Polenta,,27 giugno - 26 luglio 2026,2026-06-27,2026-07-26,Massa Macinaia,Toscana,toscana,Lucca e Garfagnana,lucca-e-garfagnana,https://sagr.it/toscana/lucca-e-garfagnana/eventi/sagra-del-fungo-porcino-con-polenta,,,,,
SagrafavoriteSagra del Fungo Porcino con Polenta,,27 giugno - 26 luglio 2026,2026-06-27,2026-07-26,Capannori,Toscana,toscana,Lucca e Garfagnana,lucca-e-garfagnana,https://sagr.it/toscana/lucca-e-garfagnana/eventi/sagra-del-fungo-porcino-con-polenta-mqxvgkrl,,,,,
SagrafavoriteSagra d'Estate,,2 luglio - 5 luglio 2026,2026-07-02,2026-07-05,Massa,Toscana,toscana,Lucca e Garfagnana,lucca-e-garfagnana,https://sagr.it/toscana/lucca-e-garfagnana/eventi/sagra-d-estate,,,,,
SagrafavoriteSagra della Lasagna Intordellata,,3 luglio - 12 luglio 2026,2026-07-03,2026-07-12,Massa,Toscana,toscana,Lucca e Garfagnana,lucca-e-garfagnana,https://sagr.it/toscana/lucca-e-garfagnana/eventi/sagra-della-lasagna-intordellata,,,,,
SagrafavoriteStordellata nel Borgo,,3 luglio - 5 luglio 2026,2026-07-03,2026-07-05,Seravezza,Toscana,toscana,Lucca e Garfagnana,lucca-e-garfagnana,https://sagr.it/toscana/lucca-e-garfagnana/eventi/stordellata-nel-borgo,,,,,
SagrafavoriteFesta del Farrdello,,4 luglio - 5 luglio 2026,2026-07-04,2026-07-05,Piazza al Serchio,Toscana,toscana,Lucca e Garfagnana,lucca-e-garfagnana,https://sagr.it/toscana/lucca-e-garfagnana/eventi/festa-del-farrdello,,,,,
SagrafavoriteFesta della fiorentina,,4 luglio - 5 luglio 2026,2026-07-04,2026-07-05,Pavana,Toscana,toscana,Lucca e Garfagnana,lucca-e-garfagnana,https://sagr.it/toscana/lucca-e-garfagnana/eventi/festa-della-fiorentina,,,,,
SagrafavoriteRanocchiocciola,,4 luglio - 27 luglio 2026,2026-07-04,2026-07-27,Massarosa,Toscana,toscana,Lucca e Garfagnana,lucca-e-garfagnana,https://sagr.it/toscana/lucca-e-garfagnana/eventi/ranocchiocciola,,,,,
SagrafavoriteSagra Paesana San Jacopo,,4 luglio - 26 luglio 2026,2026-07-04,2026-07-26,Capannori,Toscana,toscana,Lucca e Garfagnana,lucca-e-garfagnana,https://sagr.it/toscana/lucca-e-garfagnana/eventi/sagra-paesana-san-jacopo,,,,,
SagrafavoriteSagra della Zuppa alla Frantoiana,,4 luglio - 26 luglio 2026,2026-07-04,2026-07-26,Capannori,Toscana,toscana,Lucca e Garfagnana,lucca-e-garfagnana,https://sagr.it/toscana/lucca-e-garfagnana/eventi/sagra-della-zuppa-alla-frantoiana,,,,,
SagrafavoriteSagra della focaccetta,,4 luglio - 6 luglio 2026,2026-07-04,2026-07-06,Quercia,Toscana,toscana,Lucca e Garfagnana,lucca-e-garfagnana,https://sagr.it/toscana/lucca-e-garfagnana/eventi/sagra-della-focaccetta,,,,,
SagrafavoriteSagra del Cacciucco,,9 luglio - 12 luglio 2026,2026-07-09,2026-07-12,Altopascio,Toscana,toscana,Lucca e Garfagnana,lucca-e-garfagnana,https://sagr.it/toscana/lucca-e-garfagnana/eventi/sagra-del-cacciucco,,,,,
SagrafavoriteSagra dei Maccheroni,,10 luglio - 19 luglio 2026,2026-07-10,2026-07-19,Sillicagnana,Toscana,toscana,Lucca e Garfagnana,lucca-e-garfagnana,https://sagr.it/toscana/lucca-e-garfagnana/eventi/sagra-dei-maccheroni-mqt9i2hp,,,,,
SagrafavoriteSagra della Cervia,,10 luglio - 26 luglio 2026,2026-07-10,2026-07-26,Pietrasanta,Toscana,toscana,Lucca e Garfagnana,lucca-e-garfagnana,https://sagr.it/toscana/lucca-e-garfagnana/eventi/sagra-della-cervia,,,,,
SagrafavoriteSagra della Trota,,10 luglio - 11 luglio 2026,2026-07-10,2026-07-11,Villa Collemandina,Toscana,toscana,Lucca e Garfagnana,lucca-e-garfagnana,https://sagr.it/toscana/lucca-e-garfagnana/eventi/sagra-della-trota-villa-collemandina,,,,,
SagrafavoriteSagra dei Bomboloni,,12 luglio 2026,2026-07-12,2026-07-12,Camporgiano,Toscana,toscana,Lucca e Garfagnana,lucca-e-garfagnana,https://sagr.it/toscana/lucca-e-garfagnana/eventi/sagra-dei-bomboloni,,,,,
SagrafavoriteSagra del panigaccio,,18 luglio - 20 luglio 2026,2026-07-18,2026-07-20,Podenzana,Toscana,toscana,Lucca e Garfagnana,lucca-e-garfagnana,https://sagr.it/toscana/lucca-e-garfagnana/eventi/sagra-del-panigaccio,,,,,
SagrafavoriteSagra della Zuppa e Festival della musica Ballando sotto le stelle di Aquilea,,31 luglio - 9 agosto 2026,2026-07-31,2026-08-09,Lucca,Toscana,toscana,Lucca e Garfagnana,lucca-e-garfagnana,https://sagr.it/toscana/lucca-e-garfagnana/eventi/sagra-della-zuppa-e-festival-della-musica-ballando-sotto-le-stelle-di-aquilea,,,,,
SagrafavoriteSagra della zuppa di Aquilea,,31 luglio - 9 agosto 2026,2026-07-31,2026-08-09,Aquilea,Toscana,toscana,Lucca e Garfagnana,lucca-e-garfagnana,https://sagr.it/toscana/lucca-e-garfagnana/eventi/sagra-della-zuppa-di-aquilea,,,,,
SagrafavoriteFesta del Tordello,,1 agosto - 3 agosto 2026,2026-08-01,2026-08-03,Lucca,Toscana,toscana,Lucca e Garfagnana,lucca-e-garfagnana,https://sagr.it/toscana/lucca-e-garfagnana/eventi/festa-del-tordello,,,,,
SagrafavoriteSagra della Polenda a Palle,,2 agosto - 17 agosto 2026,2026-08-02,2026-08-17,Spianate,Toscana,toscana,Lucca e Garfagnana,lucca-e-garfagnana,https://sagr.it/toscana/lucca-e-garfagnana/eventi/sagra-della-polenda-a-palle,,,,,
SagrafavoriteFesta del farro,,8 agosto - 10 agosto 2026,2026-08-08,2026-08-10,Filicaia,Toscana,toscana,Lucca e Garfagnana,lucca-e-garfagnana,https://sagr.it/toscana/lucca-e-garfagnana/eventi/festa-del-farro,,,,,
Festa patronalefavoriteFESTA PATRONALE N.S. ASSUNTA,,14 agosto 2026,2026-08-14,2026-08-14,BARGAGLI,Toscana,toscana,Lucca e Garfagnana,lucca-e-garfagnana,https://sagr.it/toscana/lucca-e-garfagnana/eventi/festa-patronale-n-s-assunta,,,,,
SagrafavoritePane e biroldo,,14 agosto - 16 agosto 2026,2026-08-14,2026-08-16,Trassilico,Toscana,toscana,Lucca e Garfagnana,lucca-e-garfagnana,https://sagr.it/toscana/lucca-e-garfagnana/eventi/pane-e-biroldo,,,,,
SagrafavoriteFesta del Vino,,28 agosto - 8 settembre 2026,2026-08-28,2026-09-08,Montecarlo,Toscana,toscana,Lucca e Garfagnana,lucca-e-garfagnana,https://sagr.it/toscana/lucca-e-garfagnana/eventi/festa-del-vino-moxipjoi,,,,,
SagrafavoriteSagra del fungo porcino,,25 settembre - 27 settembre 2026,2026-09-25,2026-09-27,Buti,Toscana,toscana,Lucca e Garfagnana,lucca-e-garfagnana,https://sagr.it/toscana/lucca-e-garfagnana/eventi/sagra-del-fungo-porcino,,,,,
SagrafavoriteSagra della mondina e del quartuccio fritto,,18 ottobre - 2 novembre 2026,2026-10-18,2026-11-02,Bargecchia,Toscana,toscana,Lucca e Garfagnana,lucca-e-garfagnana,https://sagr.it/toscana/lucca-e-garfagnana/eventi/sagra-della-mondina-e-del-quartuccio-fritto,,,,,
SagrafavoriteIl Desco,,27 novembre - 29 novembre 2026,2026-11-27,2026-11-29,Lucca,Toscana,toscana,Lucca e Garfagnana,lucca-e-garfagnana,https://sagr.it/toscana/lucca-e-garfagnana/eventi/il-desco,,,,,
SagrafavoritePrimolio Primovino,,29 novembre - 30 novembre 2026,2026-11-29,2026-11-30,Camaiore,Toscana,toscana,Lucca e Garfagnana,lucca-e-garfagnana,https://sagr.it/toscana/lucca-e-garfagnana/eventi/primolio-primovino,,,,,
SagrafavoriteSagra del chiodo di Maiale,,20 febbraio - 22 febbraio 2027,2027-02-20,2027-02-22,Aulla,Toscana,toscana,Lucca e Garfagnana,lucca-e-garfagnana,https://sagr.it/toscana/lucca-e-garfagnana/eventi/sagra-del-chiodo-di-maiale,,,,,
SagrafavoriteSagra del Neccio,,8 marzo 2027,2027-03-08,2027-03-08,Pescia,Toscana,toscana,Lucca e Garfagnana,lucca-e-garfagnana,https://sagr.it/toscana/lucca-e-garfagnana/eventi/sagra-del-neccio,,,,,
FierafavoriteFiera del Madonnino,,24 aprile - 26 aprile 2026,2026-04-24,2026-04-26,Grosseto,Toscana,toscana,Maremma,maremma,https://sagr.it/toscana/maremma/eventi/fiera-del-madonnino,,,,,
SagrafavoriteFesta della Vacca Maremmana,,24 aprile - 3 maggio 2026,2026-04-24,2026-05-03,Alberese,Toscana,toscana,Maremma,maremma,https://sagr.it/toscana/maremma/eventi/festa-della-vacca-maremmana,,,,,
SagrafavoriteFesta dello Sport e della Vacca Maremmana,,24 aprile - 3 maggio 2026,2026-04-24,2026-05-03,Grosseto,Toscana,toscana,Maremma,maremma,https://sagr.it/toscana/maremma/eventi/festa-dello-sport-e-della-vacca-maremmana,,,,,
SagrafavoriteCarciofo Pride,,25 aprile - 26 aprile 2026,2026-04-25,2026-04-26,Venturina Terme,Toscana,toscana,Maremma,maremma,https://sagr.it/toscana/maremma/eventi/carciofo-pride,,,,,
SagrafavoriteSagra del Pollo Fritto e Baccelli,,1 maggio - 3 maggio 2026,2026-05-01,2026-05-03,Magliano in Toscana,Toscana,toscana,Maremma,maremma,https://sagr.it/toscana/maremma/eventi/sagra-del-pollo-fritto-e-baccelli,,,,,
SagrafavoriteSagra del Tortello,,9 maggio - 17 maggio 2026,2026-05-09,2026-05-17,Scansano,Toscana,toscana,Maremma,maremma,https://sagr.it/toscana/maremma/eventi/sagra-del-tortello-moytm5dq,,,,,
SagrafavoriteSui Sentieri del Prugnolo,,9 maggio - 10 maggio 2026,2026-05-09,2026-05-10,Montieri,Toscana,toscana,Maremma,maremma,https://sagr.it/toscana/maremma/eventi/sui-sentieri-del-prugnolo,,,,,
SagrafavoriteMassa Gustorum,,16 maggio - 17 maggio 2026,2026-05-16,2026-05-17,Massa Marittima,Toscana,toscana,Maremma,maremma,https://sagr.it/toscana/maremma/eventi/massa-gustorum,,,,,
SagrafavoriteSagra della Lasagna,,22 maggio - 31 maggio 2026,2026-05-22,2026-05-31,Castel del Piano,Toscana,toscana,Maremma,maremma,https://sagr.it/toscana/maremma/eventi/sagra-della-lasagna,,,,,
SagrafavoriteFesta del Tortello Soranese,,29 maggio - 2 giugno 2026,2026-05-29,2026-06-02,Sorano,Toscana,toscana,Maremma,maremma,https://sagr.it/toscana/maremma/eventi/festa-del-tortello-soranese,,,,,
SagrafavoriteSagra della Fragola,,29 maggio - 2 giugno 2026,2026-05-29,2026-06-02,Manciano,Toscana,toscana,Maremma,maremma,https://sagr.it/toscana/maremma/eventi/sagra-della-fragola-mpsxivyt,,,,,
SagrafavoriteDeGustatus,,30 maggio - 1 giugno 2026,2026-05-30,2026-06-01,Orbetello,Toscana,toscana,Maremma,maremma,https://sagr.it/toscana/maremma/eventi/degustatus,,,,,
SagrafavoriteFesta dell'Alta Maremma,,5 giugno - 7 giugno 2026,2026-06-05,2026-06-07,Civitella Paganico,Toscana,toscana,Maremma,maremma,https://sagr.it/toscana/maremma/eventi/festa-dell-alta-maremma,,,,,
SagrafavoriteNon solo... Strozzapreti,,6 giugno 2026,2026-06-06,2026-06-06,Roccastrada,Toscana,toscana,Maremma,maremma,https://sagr.it/toscana/maremma/eventi/non-solo-strozzapreti,,,,,
SagrafavoriteSagra del Tortello fatto a mano e della bistecca,,6 giugno - 14 giugno 2026,2026-06-06,2026-06-14,Campagnatico,Toscana,toscana,Maremma,maremma,https://sagr.it/toscana/maremma/eventi/sagra-del-tortello-fatto-a-mano-e-della-bistecca,,,,,
SagrafavoriteSagra del Fritto misto a Pozzolatico,,11 giugno - 21 giugno 2026,2026-06-11,2026-06-21,Pozzolatico,Toscana,toscana,Maremma,maremma,https://sagr.it/toscana/maremma/eventi/sagra-del-fritto-misto-a-pozzolatico,,,,,
SagrafavoriteSagra dell'Ovo,,25 giugno - 28 giugno 2026,2026-06-25,2026-06-28,Roccastrada,Toscana,toscana,Maremma,maremma,https://sagr.it/toscana/maremma/eventi/sagra-dell-ovo,,,,,
SagrafavoriteIl Paese in Festa,,26 giugno - 28 giugno 2026,2026-06-26,2026-06-28,Campagnatico,Toscana,toscana,Maremma,maremma,https://sagr.it/toscana/maremma/eventi/il-paese-in-festa,,,,,
SagrafavoriteSagra a Tre Stelle,,26 giugno - 5 luglio 2026,2026-06-26,2026-07-05,Gabbro,Toscana,toscana,Maremma,maremma,https://sagr.it/toscana/maremma/eventi/sagra-a-tre-stelle,,,,,
SagrafavoriteSagra del Peperoncino,,26 giugno - 5 luglio 2026,2026-06-26,2026-07-05,Roccastrada,Toscana,toscana,Maremma,maremma,https://sagr.it/toscana/maremma/eventi/sagra-del-peperoncino,,,,,
SagrafavoriteSagra del tortello,,26 giugno - 28 giugno 2026,2026-06-26,2026-06-28,Monterotondo Marittimo,Toscana,toscana,Maremma,maremma,https://sagr.it/toscana/maremma/eventi/sagra-del-tortello,,,,,
SagrafavoriteSagra del Maiale,,2 luglio - 5 luglio 2026,2026-07-02,2026-07-05,Orbetello,Toscana,toscana,Maremma,maremma,https://sagr.it/toscana/maremma/eventi/sagra-del-maiale-mqxvgju1,,,,,
SagrafavoriteFesta dello Sport e del Cinghiale alla Cacciatora,,3 luglio - 2 agosto 2026,2026-07-03,2026-08-02,Grosseto,Toscana,toscana,Maremma,maremma,https://sagr.it/toscana/maremma/eventi/festa-dello-sport-e-del-cinghiale-alla-cacciatora,,,,,
SagrafavoriteSagra degli Strozzapreti e dei prodotti tipici maremmani,,3 luglio - 12 luglio 2026,2026-07-03,2026-07-12,Roccastrada,Toscana,toscana,Maremma,maremma,https://sagr.it/toscana/maremma/eventi/sagra-degli-strozzapreti-e-dei-prodotti-tipici-maremmani,,,,,
SagrafavoriteTutti fritti,,3 luglio - 5 luglio 2026,2026-07-03,2026-07-05,Civitella Paganico,Toscana,toscana,Maremma,maremma,https://sagr.it/toscana/maremma/eventi/tutti-fritti,,,,,
SagrafavoriteSagra degli strozzapreti e dei prodotti maremmani,,5 luglio - 13 luglio 2026,2026-07-05,2026-07-13,Sticciano,Toscana,toscana,Maremma,maremma,https://sagr.it/toscana/maremma/eventi/sagra-degli-strozzapreti-e-dei-prodotti-maremmani,,,,,
SagrafavoriteSagra del Dolce Casalingo,,10 luglio - 19 luglio 2026,2026-07-10,2026-07-19,Gavorrano,Toscana,toscana,Maremma,maremma,https://sagr.it/toscana/maremma/eventi/sagra-del-dolce-casalingo,,,,,
SagrafavoriteFesta dello Sport e del Tortello,,11 luglio - 16 agosto 2026,2026-07-11,2026-08-16,Grosseto,Toscana,toscana,Maremma,maremma,https://sagr.it/toscana/maremma/eventi/festa-dello-sport-e-del-tortello,,,,,
SagrafavoriteSagra della Pecora e del Maiale,,17 luglio - 26 luglio 2026,2026-07-17,2026-07-26,Monterotondo Marittimo,Toscana,toscana,Maremma,maremma,https://sagr.it/toscana/maremma/eventi/sagra-della-pecora-e-del-maiale,,,,,
SagrafavoriteSagra del Cinghiale,,23 luglio - 2 agosto 2026,2026-07-23,2026-08-02,Gabbro,Toscana,toscana,Maremma,maremma,https://sagr.it/toscana/maremma/eventi/sagra-del-cinghiale-gabbro,,,,,
SagrafavoriteSagra del tortello maremmano,,7 agosto - 17 agosto 2026,2026-08-07,2026-08-17,Valpiana,Toscana,toscana,Maremma,maremma,https://sagr.it/toscana/maremma/eventi/sagra-del-tortello-maremmano,,,,,
SagrafavoriteSagra della Ficamaschia Dorata,,8 agosto - 17 agosto 2026,2026-08-08,2026-08-17,Porto Ercole,Toscana,toscana,Maremma,maremma,https://sagr.it/toscana/maremma/eventi/sagra-della-ficamaschia-dorata,,,,,
SagrafavoriteSagra del biscotto salato,,13 agosto - 16 agosto 2026,2026-08-13,2026-08-16,Roccalbegna,Toscana,toscana,Maremma,maremma,https://sagr.it/toscana/maremma/eventi/sagra-del-biscotto-salato,,,,,
SagrafavoriteSagra dell'acquacotta,,15 agosto - 17 agosto 2026,2026-08-15,2026-08-17,Santa Fiora,Toscana,toscana,Maremma,maremma,https://sagr.it/toscana/maremma/eventi/sagra-dell-acquacotta,,,,,
SagrafavoriteSagra della patata macchiaiola,,22 agosto - 24 agosto 2026,2026-08-22,2026-08-24,Arcidosso,Toscana,toscana,Maremma,maremma,https://sagr.it/toscana/maremma/eventi/sagra-della-patata-macchiaiola,,,,,
SagrafavoriteSagra della Lepre e del Cinghiale,,27 settembre - 12 ottobre 2026,2026-09-27,2026-10-12,Selvatelle,Toscana,toscana,Maremma,maremma,https://sagr.it/toscana/maremma/eventi/sagra-della-lepre-e-del-cinghiale,,,,,
SagrafavoriteSagra della bruschetta e dell’olio novo,,27 settembre - 28 settembre 2026,2026-09-27,2026-09-28,Montegiovi,Toscana,toscana,Maremma,maremma,https://sagr.it/toscana/maremma/eventi/sagra-della-bruschetta-e-dell-olio-novo,,,,,
SagrafavoriteFesta dell’Uva,,2 ottobre - 4 ottobre 2026,2026-10-02,2026-10-04,Cinigiano,Toscana,toscana,Maremma,maremma,https://sagr.it/toscana/maremma/eventi/festa-dell-uva-cinigiano,,,,,
SagrafavoriteSagra del fungo amiatino,,4 ottobre - 12 ottobre 2026,2026-10-04,2026-10-12,Bagnolo,Toscana,toscana,Maremma,maremma,https://sagr.it/toscana/maremma/eventi/sagra-del-fungo-amiatino,,,,,
SagrafavoriteFesta della Castagna,,8 ottobre - 11 ottobre 2026,2026-10-08,2026-10-11,Cinigiano,Toscana,toscana,Maremma,maremma,https://sagr.it/toscana/maremma/eventi/festa-della-castagna-mnq777g8,,,,,
SagrafavoriteCastagna in Festa,,16 ottobre - 25 ottobre 2026,2026-10-16,2026-10-25,Arcidosso,Toscana,toscana,Maremma,maremma,https://sagr.it/toscana/maremma/eventi/castagna-in-festa,,,,,
SagrafavoriteSagra della Castagna,,17 ottobre - 19 ottobre 2026,2026-10-17,2026-10-19,Montorsaio,Toscana,toscana,Maremma,maremma,https://sagr.it/toscana/maremma/eventi/sagra-della-castagna-mqljom81,,,,,
SagrafavoriteGustatus,,31 ottobre - 1 novembre 2026,2026-10-31,2026-11-01,Orbetello,Toscana,toscana,Maremma,maremma,https://sagr.it/toscana/maremma/eventi/gustatus,,,,,
SagrafavoriteSanti Vinai,,7 novembre - 9 novembre 2026,2026-11-07,2026-11-09,Pitigliano,Toscana,toscana,Maremma,maremma,https://sagr.it/toscana/maremma/eventi/santi-vinai,,,,,
SagrafavoriteFesta del Bucounto,,8 novembre - 9 novembre 2026,2026-11-08,2026-11-09,Civitella Marittima,Toscana,toscana,Maremma,maremma,https://sagr.it/toscana/maremma/eventi/festa-del-bucounto,,,,,
SagrafavoriteFesta dell’olio Novo,,8 novembre - 9 novembre 2026,2026-11-08,2026-11-09,Marsiliana,Toscana,toscana,Maremma,maremma,https://sagr.it/toscana/maremma/eventi/festa-dell-olio-novo,,,,,
RievocazionefavoritePalio dei Somari,,22 marzo - 6 giugno 2026,2026-03-22,2026-06-06,Torrita di Siena,Toscana,toscana,Val d Orcia,val-d-orcia,https://sagr.it/toscana/val-d-orcia/eventi/palio-dei-somari,,,,,
SagrafavoriteFesta di Primavera,,4 aprile - 3 maggio 2026,2026-04-04,2026-05-03,Pienza,Toscana,toscana,Val d Orcia,val-d-orcia,https://sagr.it/toscana/val-d-orcia/eventi/festa-di-primavera-moor2cqb,,,,,
SagrafavoriteFesta della Rosa,,23 aprile - 3 maggio 2026,2026-04-23,2026-05-03,Civitella in Val di Chiana,Toscana,toscana,Val d Orcia,val-d-orcia,https://sagr.it/toscana/val-d-orcia/eventi/festa-della-rosa,,,,,
SagrafavoritePonte in Festa,,30 aprile - 10 maggio 2026,2026-04-30,2026-05-10,Monteroni d'Arbia,Toscana,toscana,Val d Orcia,val-d-orcia,https://sagr.it/toscana/val-d-orcia/eventi/ponte-in-festa,,,,,
SagrafavoriteSagra del Fagiolo Zolfino,,30 aprile - 3 maggio 2026,2026-04-30,2026-05-03,Penna,Toscana,toscana,Val d Orcia,val-d-orcia,https://sagr.it/toscana/val-d-orcia/eventi/sagra-del-fagiolo-zolfino,,,,,
SagrafavoriteSagra del Cinghiale,,2 maggio - 10 maggio 2026,2026-05-02,2026-05-10,Castiglion Fiorentino,Toscana,toscana,Val d Orcia,val-d-orcia,https://sagr.it/toscana/val-d-orcia/eventi/sagra-del-cinghiale-moytm4zc,,,,,
Evento culturalefavoriteSerremaggio,,12 maggio - 17 maggio 2026,2026-05-12,2026-05-17,Serre,Toscana,toscana,Val d Orcia,val-d-orcia,https://sagr.it/toscana/val-d-orcia/eventi/serremaggio,,,,,
SagrafavoriteSagra del Cinghiale,,15 maggio - 24 maggio 2026,2026-05-15,2026-05-24,Castiglion Fiorentino,Toscana,toscana,Val d Orcia,val-d-orcia,https://sagr.it/toscana/val-d-orcia/eventi/sagra-del-cinghiale-mp8uzefu,,,,,
SagrafavoriteSagra del Prugnolo e Giornate del Pastore,,15 maggio - 17 maggio 2026,2026-05-15,2026-05-17,Pieve Santo Stefano,Toscana,toscana,Val d Orcia,val-d-orcia,https://sagr.it/toscana/val-d-orcia/eventi/sagra-del-prugnolo-e-giornate-del-pastore,,,,,
Evento culturalefavoriteMaggiolata Lucignanese,,28 maggio - 7 giugno 2026,2026-05-28,2026-06-07,Lucignano,Toscana,toscana,Val d Orcia,val-d-orcia,https://sagr.it/toscana/val-d-orcia/eventi/maggiolata-lucignanese,,,,,
SagrafavoriteSagra della Ciccia,,28 maggio - 2 giugno 2026,2026-05-28,2026-06-02,Rapolano Terme,Toscana,toscana,Val d Orcia,val-d-orcia,https://sagr.it/toscana/val-d-orcia/eventi/sagra-della-ciccia,,,,,
SagrafavoriteFesta degli Antichi Sapori Aretini,,29 maggio - 2 giugno 2026,2026-05-29,2026-06-02,Arezzo,Toscana,toscana,Val d Orcia,val-d-orcia,https://sagr.it/toscana/val-d-orcia/eventi/festa-degli-antichi-sapori-aretini-mp8uzes1,,,,,
SagrafavoriteFesta di Primavera e Sagra della Nana,,29 maggio - 2 giugno 2026,2026-05-29,2026-06-02,Montepulciano,Toscana,toscana,Val d Orcia,val-d-orcia,https://sagr.it/toscana/val-d-orcia/eventi/festa-di-primavera-e-sagra-della-nana,,,,,
SagrafavoriteFestival della Lumaca,,29 maggio - 7 giugno 2026,2026-05-29,2026-06-07,Cortona,Toscana,toscana,Val d Orcia,val-d-orcia,https://sagr.it/toscana/val-d-orcia/eventi/festival-della-lumaca,,,,,
SagrafavoriteSagra dei Pastrignocchi e del cuculo,,29 maggio - 2 giugno 2026,2026-05-29,2026-06-02,Cetona,Toscana,toscana,Val d Orcia,val-d-orcia,https://sagr.it/toscana/val-d-orcia/eventi/sagra-dei-pastrignocchi-e-del-cuculo,,,,,
SagrafavoriteSagra dei Pici,,29 maggio - 31 maggio 2026,2026-05-29,2026-05-31,Celle Sul Rigo,Toscana,toscana,Val d Orcia,val-d-orcia,https://sagr.it/toscana/val-d-orcia/eventi/sagra-dei-pici,,,,,
SagrafavoriteSagra del Prugnolo,,30 maggio - 31 maggio 2026,2026-05-30,2026-05-31,Miratoio,Toscana,toscana,Val d Orcia,val-d-orcia,https://sagr.it/toscana/val-d-orcia/eventi/sagra-del-prugnolo,,,,,
Evento culturalefavoriteEroica Montalcino,,31 maggio 2026,2026-05-31,2026-05-31,Montalcino,Toscana,toscana,Val d Orcia,val-d-orcia,https://sagr.it/toscana/val-d-orcia/eventi/eroica-montalcino,,,,,
SagrafavoriteSagra del Crostino Casalingo di San Leolino,,1 giugno - 30 giugno 2026,2026-06-01,2026-06-30,Bucine,Toscana,toscana,Val d Orcia,val-d-orcia,https://sagr.it/toscana/val-d-orcia/eventi/sagra-del-crostino-casalingo-di-san-leolino,,,,,
SagrafavoriteSagra della Rana,,4 giugno - 28 giugno 2026,2026-06-04,2026-06-28,Poggibonsi,Toscana,toscana,Val d Orcia,val-d-orcia,https://sagr.it/toscana/val-d-orcia/eventi/sagra-della-rana-mqd0uhpc,,,,,
SagrafavoriteFesta della Fragola e del Calzone fritto ripieno con cioccolato,,5 giugno - 7 giugno 2026,2026-06-05,2026-06-07,Cetona,Toscana,toscana,Val d Orcia,val-d-orcia,https://sagr.it/toscana/val-d-orcia/eventi/festa-della-fragola-e-del-calzone-fritto-ripieno-con-cioccolato,,,,,
SagrafavoriteSagra del Crostino Casalingo,,5 giugno - 7 giugno 2026,2026-06-05,2026-06-07,Bucine,Toscana,toscana,Val d Orcia,val-d-orcia,https://sagr.it/toscana/val-d-orcia/eventi/sagra-del-crostino-casalingo,,,,,
SagrafavoriteSagra del Tortellino e della Trippa,,5 giugno - 7 giugno 2026,2026-06-05,2026-06-07,Siena,Toscana,toscana,Val d Orcia,val-d-orcia,https://sagr.it/toscana/val-d-orcia/eventi/sagra-del-tortellino-e-della-trippa,,,,,
SagrafavoriteSagra della Miseria,,6 giugno - 28 giugno 2026,2026-06-06,2026-06-28,Colle di Val d'Elsa,Toscana,toscana,Val d Orcia,val-d-orcia,https://sagr.it/toscana/val-d-orcia/eventi/sagra-della-miseria,,,,,
Evento culturalefavoriteLa Bella Vita Gravel,,7 giugno 2026,2026-06-07,2026-06-07,Monteroni d'Arbia,Toscana,toscana,Val d Orcia,val-d-orcia,https://sagr.it/toscana/val-d-orcia/eventi/la-bella-vita-gravel,,,,,
SagrafavoriteFesta del Galletto,,11 giugno - 14 giugno 2026,2026-06-11,2026-06-14,Castelnuovo Berardenga,Toscana,toscana,Val d Orcia,val-d-orcia,https://sagr.it/toscana/val-d-orcia/eventi/festa-del-galletto,,,,,
SagrafavoriteSagra del coniglio fritto e della tagliata,,11 giugno - 21 giugno 2026,2026-06-11,2026-06-21,Monte San Savino,Toscana,toscana,Val d Orcia,val-d-orcia,https://sagr.it/toscana/val-d-orcia/eventi/sagra-del-coniglio-fritto-e-della-tagliata,,,,,
SagrafavoriteSagra della bruschetta,,11 giugno - 14 giugno 2026,2026-06-11,2026-06-14,Casole d'Elsa,Toscana,toscana,Val d Orcia,val-d-orcia,https://sagr.it/toscana/val-d-orcia/eventi/sagra-della-bruschetta,,,,,
SagrafavoriteDu Pici Sotto Le stelle,,12 giugno - 14 giugno 2026,2026-06-12,2026-06-14,Chianciano Terme,Toscana,toscana,Val d Orcia,val-d-orcia,https://sagr.it/toscana/val-d-orcia/eventi/du-pici-sotto-le-stelle,,,,,
SagrafavoriteSagra del Ciaffagnone,,12 giugno - 14 giugno 2026,2026-06-12,2026-06-14,San Casciano dei Bagni,Toscana,toscana,Val d Orcia,val-d-orcia,https://sagr.it/toscana/val-d-orcia/eventi/sagra-del-ciaffagnone,,,,,
SagrafavoriteSagra del Galletto,,12 giugno - 21 giugno 2026,2026-06-12,2026-06-21,Sinalunga,Toscana,toscana,Val d Orcia,val-d-orcia,https://sagr.it/toscana/val-d-orcia/eventi/sagra-del-galletto,,,,,
SagrafavoriteSagra della Pastasciutta,,12 giugno - 21 giugno 2026,2026-06-12,2026-06-21,Siena,Toscana,toscana,Val d Orcia,val-d-orcia,https://sagr.it/toscana/val-d-orcia/eventi/sagra-della-pastasciutta,,,,,
SagrafavoriteValzer delle Tagliatelle al Cinghiale,,12 giugno - 14 giugno 2026,2026-06-12,2026-06-14,Monticiano,Toscana,toscana,Val d Orcia,val-d-orcia,https://sagr.it/toscana/val-d-orcia/eventi/valzer-delle-tagliatelle-al-cinghiale,,,,,
RievocazionefavoriteFesta del Barbarossa,,17 giugno - 21 giugno 2026,2026-06-17,2026-06-21,San Quirico d'Orcia,Toscana,toscana,Val d Orcia,val-d-orcia,https://sagr.it/toscana/val-d-orcia/eventi/festa-del-barbarossa,,,,,
SagrafavoriteSagra del Bico,,26 giugno - 5 luglio 2026,2026-06-26,2026-07-05,Cetona,Toscana,toscana,Val d Orcia,val-d-orcia,https://sagr.it/toscana/val-d-orcia/eventi/sagra-del-bico-mqxvgj9i,,,,,
SagrafavoriteSagra del Fritto,,27 giugno - 5 luglio 2026,2026-06-27,2026-07-05,Monteroni d'Arbia,Toscana,toscana,Val d Orcia,val-d-orcia,https://sagr.it/toscana/val-d-orcia/eventi/sagra-del-fritto,,,,,
RievocazionefavoritePalio di Siena,,2 luglio - 16 agosto 2026,2026-07-02,2026-08-16,Siena,Toscana,toscana,Val d Orcia,val-d-orcia,https://sagr.it/toscana/val-d-orcia/eventi/palio-di-siena,,,,,
SagrafavoriteFesta dei Pici e dei Lumacci,,2 luglio - 5 luglio 2026,2026-07-02,2026-07-05,Piancastagnaio,Toscana,toscana,Val d Orcia,val-d-orcia,https://sagr.it/toscana/val-d-orcia/eventi/festa-dei-pici-e-dei-lumacci,,,,,
SagrafavoriteFesta alla Madonna del Cerro,,3 luglio - 12 luglio 2026,2026-07-03,2026-07-12,Montepulciano,Toscana,toscana,Val d Orcia,val-d-orcia,https://sagr.it/toscana/val-d-orcia/eventi/festa-alla-madonna-del-cerro,,,,,
SagrafavoriteSagra del Fritto Misto,,10 luglio - 19 luglio 2026,2026-07-10,2026-07-19,Casole d'Elsa,Toscana,toscana,Val d Orcia,val-d-orcia,https://sagr.it/toscana/val-d-orcia/eventi/sagra-del-fritto-misto,,,,,
SagrafavoriteFesta del Cialdone,,16 luglio - 19 luglio 2026,2026-07-16,2026-07-19,Piancastagnaio,Toscana,toscana,Val d Orcia,val-d-orcia,https://sagr.it/toscana/val-d-orcia/eventi/festa-del-cialdone,,,,,
SagrafavoriteSagra della Ribollita,,17 luglio - 19 luglio 2026,2026-07-17,2026-07-19,Loro Ciuffenna,Toscana,toscana,Val d Orcia,val-d-orcia,https://sagr.it/toscana/val-d-orcia/eventi/sagra-della-ribollita,,,,,
RievocazionefavoritePalio di San Valentino,,19 luglio 2026,2026-07-19,2026-07-19,Bientina,Toscana,toscana,Val d Orcia,val-d-orcia,https://sagr.it/toscana/val-d-orcia/eventi/palio-di-san-valentino,,,,,
FestivalfavoriteJazz & Wine in Montalcino,,20 luglio - 26 luglio 2026,2026-07-20,2026-07-26,Montalcino,Toscana,toscana,Val d Orcia,val-d-orcia,https://sagr.it/toscana/val-d-orcia/eventi/jazz-wine-in-montalcino,,,,,
SagrafavoriteFesta del tortello alla lastra,,12 agosto - 14 agosto 2026,2026-08-12,2026-08-14,Corezzo,Toscana,toscana,Val d Orcia,val-d-orcia,https://sagr.it/toscana/val-d-orcia/eventi/festa-del-tortello-alla-lastra,,,,,
SagrafavoriteLa Sagra del Raviolo,,13 agosto - 17 agosto 2026,2026-08-13,2026-08-17,Contignano,Toscana,toscana,Val d Orcia,val-d-orcia,https://sagr.it/toscana/val-d-orcia/eventi/la-sagra-del-raviolo,,,,,
SagrafavoriteSagra della cinta senese brada,,21 agosto - 24 agosto 2026,2026-08-21,2026-08-24,San Casciano dei Bagni,Toscana,toscana,Val d Orcia,val-d-orcia,https://sagr.it/toscana/val-d-orcia/eventi/sagra-della-cinta-senese-brada,,,,,
RievocazionefavoriteBravìo delle Botti,,30 agosto 2026,2026-08-30,2026-08-30,Montepulciano,Toscana,toscana,Val d Orcia,val-d-orcia,https://sagr.it/toscana/val-d-orcia/eventi/bravio-delle-botti,,,,,
SagrafavoriteFiera del cacio,,1 settembre - 7 settembre 2026,2026-09-01,2026-09-07,Pienza,Toscana,toscana,Val d Orcia,val-d-orcia,https://sagr.it/toscana/val-d-orcia/eventi/fiera-del-cacio,,,,,
SagrafavoriteSagra della Porchetta,,9 settembre - 13 settembre 2026,2026-09-09,2026-09-13,Monte San Savino,Toscana,toscana,Val d Orcia,val-d-orcia,https://sagr.it/toscana/val-d-orcia/eventi/sagra-della-porchetta,,,,,
"SagrafavoriteSagra della polenta, funghi porcini e cinghiale",,13 settembre - 21 settembre 2026,2026-09-13,2026-09-21,Poggio alla Malva,Toscana,toscana,Val d Orcia,val-d-orcia,https://sagr.it/toscana/val-d-orcia/eventi/sagra-della-polenta-funghi-porcini-e-cinghiale,,,,,
SagrafavoriteSagra Della Nana,,18 settembre - 28 settembre 2026,2026-09-18,2026-09-28,Montagnano,Toscana,toscana,Val d Orcia,val-d-orcia,https://sagr.it/toscana/val-d-orcia/eventi/sagra-della-nana,,,,,
SagrafavoriteSagra dell’ocio,,20 settembre - 29 settembre 2026,2026-09-20,2026-09-29,Montepulciano,Toscana,toscana,Val d Orcia,val-d-orcia,https://sagr.it/toscana/val-d-orcia/eventi/sagra-dell-ocio,,,,,
Festa patronalefavoritePalio del Papero,,26 settembre - 27 settembre 2026,2026-09-26,2026-09-27,Balconevisi,Toscana,toscana,Val d Orcia,val-d-orcia,https://sagr.it/toscana/val-d-orcia/eventi/palio-del-papero,,,,,
SagrafavoriteSagra del fungo e della castagna,,12 ottobre - 19 ottobre 2026,2026-10-12,2026-10-19,Vivo d'Orcia,Toscana,toscana,Val d Orcia,val-d-orcia,https://sagr.it/toscana/val-d-orcia/eventi/sagra-del-fungo-e-della-castagna,,,,,
SagrafavoriteSagra del tartufo bianco delle Colline Sanminiatesi,,24 ottobre - 26 ottobre 2026,2026-10-24,2026-10-26,Ponte a Egola,Toscana,toscana,Val d Orcia,val-d-orcia,https://sagr.it/toscana/val-d-orcia/eventi/sagra-del-tartufo-bianco-delle-colline-sanminiatesi,,,,,
SagrafavoriteVolterragusto,,24 ottobre - 1 novembre 2026,2026-10-24,2026-11-01,Volterra,Toscana,toscana,Val d Orcia,val-d-orcia,https://sagr.it/toscana/val-d-orcia/eventi/volterragusto,,,,,
SagrafavoriteI centogusti dell’appennino,,31 ottobre - 2 novembre 2026,2026-10-31,2026-11-02,Anghiari,Toscana,toscana,Val d Orcia,val-d-orcia,https://sagr.it/toscana/val-d-orcia/eventi/i-centogusti-dell-appennino,,,,,
SagrafavoriteFesta dell’olio,,9 novembre 2026,2026-11-09,2026-11-09,San Quirico d'Orcia,Toscana,toscana,Val d Orcia,val-d-orcia,https://sagr.it/toscana/val-d-orcia/eventi/festa-dell-olio,,,,,
SagrafavoriteFesta della castagna,,30 novembre 2026,2026-11-30,2026-11-30,Carda,Toscana,toscana,Val d Orcia,val-d-orcia,https://sagr.it/toscana/val-d-orcia/eventi/festa-della-castagna-mqljomu3,,,,,
SagrafavoriteAnteprima del Vino nobile di Montepulciano,,22 febbraio - 23 febbraio 2027,2027-02-22,2027-02-23,Montepulciano,Toscana,toscana,Val d Orcia,val-d-orcia,https://sagr.it/toscana/val-d-orcia/eventi/anteprima-del-vino-nobile-di-montepulciano,,,,,
SagrafavoriteDiVinNosiola,,27 marzo - 10 aprile 2026,2026-03-27,2026-04-10,Valle dei Laghi,Trentino-Alto Adige,trentino-alto-adige,Trentino,trentino,https://sagr.it/trentino-alto-adige/trentino/eventi/divinnosiola,,,,,
"SagrafavoriteDiVinNosiola, quando il vino si fa santo",,28 marzo - 10 aprile 2026,2026-03-28,2026-04-10,Arco,Trentino-Alto Adige,trentino-alto-adige,Trentino,trentino,https://sagr.it/trentino-alto-adige/trentino/eventi/divinnosiola-quando-il-vino-si-fa-santo,,,,,
SagrafavoriteFestival dell'Asparago Bianco,,11 aprile - 3 maggio 2026,2026-04-11,2026-05-03,Zambana,Trentino-Alto Adige,trentino-alto-adige,Trentino,trentino,https://sagr.it/trentino-alto-adige/trentino/eventi/festival-dell-asparago-bianco,,,,,
EventofavoriteORTOidea Perigine Valsugana,,24 aprile 2026,2026-04-24,2026-04-24,Pergine Valsugana,Trentino-Alto Adige,trentino-alto-adige,Trentino,trentino,https://sagr.it/trentino-alto-adige/trentino/eventi/ortoidea-perigine-valsugana,,,,,
SagrafavoriteZicoria FestiVal di Sole,,24 aprile - 3 maggio 2026,2026-04-24,2026-05-03,Val di Rabbi,Trentino-Alto Adige,trentino-alto-adige,Trentino,trentino,https://sagr.it/trentino-alto-adige/trentino/eventi/zicoria-festival-di-sole,,,,,
SagrafavoriteVinaltum,,17 maggio - 18 maggio 2026,2026-05-17,2026-05-18,Trento,Trentino-Alto Adige,trentino-alto-adige,Trentino,trentino,https://sagr.it/trentino-alto-adige/trentino/eventi/vinaltum,,,,,
RievocazionefavoritePalio delle Contrade di Arco,,22 maggio - 6 giugno 2026,2026-05-22,2026-06-06,Arco,Trentino-Alto Adige,trentino-alto-adige,Trentino,trentino,https://sagr.it/trentino-alto-adige/trentino/eventi/palio-delle-contrade-di-arco,,,,,
RievocazionefavoriteCavalcata Oswald von Wolkenstein,,29 maggio - 31 maggio 2026,2026-05-29,2026-05-31,Castelrotto,Trentino-Alto Adige,trentino-alto-adige,Trentino,trentino,https://sagr.it/trentino-alto-adige/trentino/eventi/cavalcata-oswald-von-wolkenstein,,,,,
Evento culturalefavoriteL&rsquo;Altramontagna,Festival,4 giugno - 7 giugno 2026,2026-06-04,2026-06-07,Rovereto,Trentino-Alto Adige,trentino-alto-adige,Trentino,trentino,https://sagr.it/trentino-alto-adige/trentino/eventi/l-altramontagna-festival,,,,,
Street FoodfavoriteCalceranica Lake Street Food,,4 giugno - 7 giugno 2026,2026-06-04,2026-06-07,Calceranica al Lago,Trentino-Alto Adige,trentino-alto-adige,Trentino,trentino,https://sagr.it/trentino-alto-adige/trentino/eventi/calceranica-lake-street-food,,,,,
Evento culturalefavoritePergine Comics,,12 giugno - 14 giugno 2026,2026-06-12,2026-06-14,Pergine Valsugana,Trentino-Alto Adige,trentino-alto-adige,Trentino,trentino,https://sagr.it/trentino-alto-adige/trentino/eventi/pergine-comics,,,,,
FestivalfavoriteTrentino Music,Festival,15 giugno - 1 agosto 2026,2026-06-15,2026-08-01,Primiero,Trentino-Alto Adige,trentino-alto-adige,Trentino,trentino,https://sagr.it/trentino-alto-adige/trentino/eventi/trentino-music-festival,,,,,
Festa patronalefavoriteNaf'n Festa,,19 giugno - 21 giugno 2026,2026-06-19,2026-06-21,Nave San Rocco,Trentino-Alto Adige,trentino-alto-adige,Trentino,trentino,https://sagr.it/trentino-alto-adige/trentino/eventi/naf-n-festa,,,,,
FestivalfavoriteTrento Summer,Festival,27 giugno - 2 luglio 2026,2026-06-27,2026-07-02,Trento,Trentino-Alto Adige,trentino-alto-adige,Trentino,trentino,https://sagr.it/trentino-alto-adige/trentino/eventi/trento-summer-festival,,,,,
SagrafavoriteRassegna Müller Thurgau,,2 luglio - 5 luglio 2026,2026-07-02,2026-07-05,Cembra,Trentino-Alto Adige,trentino-alto-adige,Trentino,trentino,https://sagr.it/trentino-alto-adige/trentino/eventi/rassegna-muller-thurgau,,,,,
RievocazionefavoriteAla Città di Velluto,,3 luglio - 5 luglio 2026,2026-07-03,2026-07-05,Ala,Trentino-Alto Adige,trentino-alto-adige,Trentino,trentino,https://sagr.it/trentino-alto-adige/trentino/eventi/ala-citta-di-velluto,,,,,
SagrafavoriteRassegna Müller Thurgau – Vino di Montagna,,4 luglio - 6 luglio 2026,2026-07-04,2026-07-06,Cembra Lisignago,Trentino-Alto Adige,trentino-alto-adige,Trentino,trentino,https://sagr.it/trentino-alto-adige/trentino/eventi/rassegna-muller-thurgau-vino-di-montagna,,,,,
SagrafavoriteLa Bira te Fascia,,17 luglio - 19 luglio 2026,2026-07-17,2026-07-19,Campitello di Fassa,Trentino-Alto Adige,trentino-alto-adige,Trentino,trentino,https://sagr.it/trentino-alto-adige/trentino/eventi/la-bira-te-fascia,,,,,
SagrafavoriteViticoltura Eroica Val di Non,,25 luglio - 26 luglio 2026,2026-07-25,2026-07-26,Revò,Trentino-Alto Adige,trentino-alto-adige,Trentino,trentino,https://sagr.it/trentino-alto-adige/trentino/eventi/viticoltura-eroica-val-di-non,,,,,
SagrafavoriteCalici di Stelle Bolzano,,7 agosto 2026,2026-08-07,2026-08-07,Bolzano,Trentino-Alto Adige,trentino-alto-adige,Trentino,trentino,https://sagr.it/trentino-alto-adige/trentino/eventi/calici-di-stelle-bolzano,,,,,
SagrafavoriteSagra del tajarin cun l'oca,,14 agosto - 17 agosto 2026,2026-08-14,2026-08-17,San Candido,Trentino-Alto Adige,trentino-alto-adige,Trentino,trentino,https://sagr.it/trentino-alto-adige/trentino/eventi/sagra-del-tajarin-cun-l-oca,,,,,
SagrafavoriteFesta del canederlo,,6 settembre - 7 settembre 2026,2026-09-06,2026-09-07,Imer,Trentino-Alto Adige,trentino-alto-adige,Trentino,trentino,https://sagr.it/trentino-alto-adige/trentino/eventi/festa-del-canederlo,,,,,
SagrafavoriteGiornata del graukäse,,6 settembre - 14 settembre 2026,2026-09-06,2026-09-14,Valle Aurina,Trentino-Alto Adige,trentino-alto-adige,Trentino,trentino,https://sagr.it/trentino-alto-adige/trentino/eventi/giornata-del-graukase,,,,,
SagrafavoriteSagra dei canederli,,14 settembre 2026,2026-09-14,2026-09-14,Vipiteno,Trentino-Alto Adige,trentino-alto-adige,Trentino,trentino,https://sagr.it/trentino-alto-adige/trentino/eventi/sagra-dei-canederli,,,,,
SagrafavoriteFestival del puzzone di Moena,,19 settembre - 21 settembre 2026,2026-09-19,2026-09-21,Moena,Trentino-Alto Adige,trentino-alto-adige,Trentino,trentino,https://sagr.it/trentino-alto-adige/trentino/eventi/festival-del-puzzone-di-moena,,,,,
SagrafavoriteMostra regionale della mela,,26 settembre - 5 ottobre 2026,2026-09-26,2026-10-05,Pantianicco,Trentino-Alto Adige,trentino-alto-adige,Trentino,trentino,https://sagr.it/trentino-alto-adige/trentino/eventi/mostra-regionale-della-mela,,,,,
SagrafavoriteFesta dello speck Alto Adige,,27 settembre - 28 settembre 2026,2026-09-27,2026-09-28,Brunico,Trentino-Alto Adige,trentino-alto-adige,Trentino,trentino,https://sagr.it/trentino-alto-adige/trentino/eventi/festa-dello-speck-alto-adige,,,,,
SagrafavoriteSagra della patata,,27 settembre - 28 settembre 2026,2026-09-27,2026-09-28,Villabassa,Trentino-Alto Adige,trentino-alto-adige,Trentino,trentino,https://sagr.it/trentino-alto-adige/trentino/eventi/sagra-della-patata-mqbexoht,,,,,
SagrafavoriteFesta del Radicchio di Bieno,,5 ottobre 2026,2026-10-05,2026-10-05,Bieno,Trentino-Alto Adige,trentino-alto-adige,Trentino,trentino,https://sagr.it/trentino-alto-adige/trentino/eventi/festa-del-radicchio-di-bieno,,,,,
SagrafavoritePomaria festa della mela DOP,,11 ottobre - 12 ottobre 2026,2026-10-11,2026-10-12,Denno,Trentino-Alto Adige,trentino-alto-adige,Trentino,trentino,https://sagr.it/trentino-alto-adige/trentino/eventi/pomaria-festa-della-mela-dop,,,,,
SagrafavoriteFesta del marrone,,18 ottobre - 19 ottobre 2026,2026-10-18,2026-10-19,Castione,Trentino-Alto Adige,trentino-alto-adige,Trentino,trentino,https://sagr.it/trentino-alto-adige/trentino/eventi/festa-del-marrone,,,,,
SagrafavoriteFrantoi aperti,,18 ottobre - 16 novembre 2026,2026-10-18,2026-11-16,Riva del Garda,Trentino-Alto Adige,trentino-alto-adige,Trentino,trentino,https://sagr.it/trentino-alto-adige/trentino/eventi/frantoi-aperti,,,,,
SagrafavoriteSimposio top wine 2950,,18 ottobre 2026,2026-10-18,2026-10-18,Canazei,Trentino-Alto Adige,trentino-alto-adige,Trentino,trentino,https://sagr.it/trentino-alto-adige/trentino/eventi/simposio-top-wine-2950,,,,,
SagrafavoriteKeschtnriggl festa della castagna,,19 ottobre - 2 novembre 2026,2026-10-19,2026-11-02,Foiana,Trentino-Alto Adige,trentino-alto-adige,Trentino,trentino,https://sagr.it/trentino-alto-adige/trentino/eventi/keschtnriggl-festa-della-castagna,,,,,
SagrafavoriteFormai dal mont,,25 ottobre - 26 ottobre 2026,2026-10-25,2026-10-26,Tassullo,Trentino-Alto Adige,trentino-alto-adige,Trentino,trentino,https://sagr.it/trentino-alto-adige/trentino/eventi/formai-dal-mont,,,,,
SagrafavoriteSagra della Ciuìga,,31 ottobre - 2 novembre 2026,2026-10-31,2026-11-02,San Lorenzo Dorsino,Trentino-Alto Adige,trentino-alto-adige,Trentino,trentino,https://sagr.it/trentino-alto-adige/trentino/eventi/sagra-della-ciuiga,,,,,
RievocazionefavoriteMatrimonio contadino,,18 gennaio 2027,2027-01-18,2027-01-18,Castelrotto,Trentino-Alto Adige,trentino-alto-adige,Trentino,trentino,https://sagr.it/trentino-alto-adige/trentino/eventi/matrimonio-contadino,,,,,
SagrafavoriteFesta del Broccolo di Torbole,,18 gennaio 2027,2027-01-18,2027-01-18,Torbole,Trentino-Alto Adige,trentino-alto-adige,Trentino,trentino,https://sagr.it/trentino-alto-adige/trentino/eventi/festa-del-broccolo-di-torbole,,,,,
FestivalfavoriteVisioninmusica Terni,,23 gennaio - 14 maggio 2026,2026-01-23,2026-05-14,Terni,Umbria,umbria,Orvieto e Terni,orvieto-e-terni,https://sagr.it/umbria/orvieto-e-terni/eventi/visioninmusica-terni,,,,,
RievocazionefavoriteUmbria Antica,Festival,27 marzo - 29 marzo 2026,2026-03-27,2026-03-29,Todi,Umbria,umbria,Orvieto e Terni,orvieto-e-terni,https://sagr.it/umbria/orvieto-e-terni/eventi/umbria-antica-festival,,,,,
SagrafavoriteDiamante Nero,,10 aprile - 12 aprile 2026,2026-04-10,2026-04-12,Scheggino,Umbria,umbria,Orvieto e Terni,orvieto-e-terni,https://sagr.it/umbria/orvieto-e-terni/eventi/diamante-nero,,,,,
RievocazionefavoriteCorsa all'anello,,23 aprile - 10 maggio 2026,2026-04-23,2026-05-10,Narni,Umbria,umbria,Orvieto e Terni,orvieto-e-terni,https://sagr.it/umbria/orvieto-e-terni/eventi/corsa-all-anello,,,,,
"SagrafavoriteSagra della chianina e del ""suino Umbria""",,24 aprile - 26 aprile 2026,2026-04-24,2026-04-26,Montecastrilli,Umbria,umbria,Orvieto e Terni,orvieto-e-terni,https://sagr.it/umbria/orvieto-e-terni/eventi/sagra-della-chianina-e-del-suino-umbria,,,,,
Evento culturalefavoriteFesta di primavera,,8 maggio - 17 maggio 2026,2026-05-08,2026-05-17,Casteltodino,Umbria,umbria,Orvieto e Terni,orvieto-e-terni,https://sagr.it/umbria/orvieto-e-terni/eventi/festa-di-primavera,,,,,
SagrafavoriteLa Taverna del Curato,,23 maggio - 1 giugno 2026,2026-05-23,2026-06-01,Montecastrilli,Umbria,umbria,Orvieto e Terni,orvieto-e-terni,https://sagr.it/umbria/orvieto-e-terni/eventi/la-taverna-del-curato,,,,,
RievocazionefavoriteOcriculum AD 168,,29 maggio - 31 maggio 2026,2026-05-29,2026-05-31,Otricoli,Umbria,umbria,Orvieto e Terni,orvieto-e-terni,https://sagr.it/umbria/orvieto-e-terni/eventi/ocriculum-ad-168,,,,,
SagrafavoriteSagra dell'Acciaccata,,29 maggio - 7 giugno 2026,2026-05-29,2026-06-07,Amelia,Umbria,umbria,Orvieto e Terni,orvieto-e-terni,https://sagr.it/umbria/orvieto-e-terni/eventi/sagra-dell-acciaccata-mp8uzew9,,,,,
SagrafavoriteSagra delle Manfregole,,4 giugno - 14 giugno 2026,2026-06-04,2026-06-14,Fabro,Umbria,umbria,Orvieto e Terni,orvieto-e-terni,https://sagr.it/umbria/orvieto-e-terni/eventi/sagra-delle-manfregole,,,,,
RievocazionefavoriteLa Festa del Rinascimento,,6 giugno - 21 giugno 2026,2026-06-06,2026-06-21,Acquasparta,Umbria,umbria,Orvieto e Terni,orvieto-e-terni,https://sagr.it/umbria/orvieto-e-terni/eventi/la-festa-del-rinascimento,,,,,
SagrafavoriteSismano in Festa,,11 giugno - 20 giugno 2026,2026-06-11,2026-06-20,Avigliano Umbro,Umbria,umbria,Orvieto e Terni,orvieto-e-terni,https://sagr.it/umbria/orvieto-e-terni/eventi/sismano-in-festa,,,,,
SagrafavoriteSagra del Porchetto di Narni,,12 giugno - 21 giugno 2026,2026-06-12,2026-06-21,Narni,Umbria,umbria,Orvieto e Terni,orvieto-e-terni,https://sagr.it/umbria/orvieto-e-terni/eventi/sagra-del-porchetto-di-narni,,,,,
SagrafavoriteSagra del porchetto di San Liberato,,12 giugno - 21 giugno 2026,2026-06-12,2026-06-21,Narni Scalo,Umbria,umbria,Orvieto e Terni,orvieto-e-terni,https://sagr.it/umbria/orvieto-e-terni/eventi/sagra-del-porchetto-di-san-liberato,,,,,
SagrafavoriteFior di cacio,,13 giugno - 14 giugno 2026,2026-06-13,2026-06-14,Vallo di Nera,Umbria,umbria,Orvieto e Terni,orvieto-e-terni,https://sagr.it/umbria/orvieto-e-terni/eventi/fior-di-cacio,,,,,
SagrafavoriteSagra degli Gnocchi Monteleone d'Orvieto,,15 giugno - 21 giugno 2026,2026-06-15,2026-06-21,Monteleone d'Orvieto,Umbria,umbria,Orvieto e Terni,orvieto-e-terni,https://sagr.it/umbria/orvieto-e-terni/eventi/sagra-degli-gnocchi-monteleone-d-orvieto,,,,,
SagrafavoriteBorgo in Festa,,25 giugno - 28 giugno 2026,2026-06-25,2026-06-28,Porano,Umbria,umbria,Orvieto e Terni,orvieto-e-terni,https://sagr.it/umbria/orvieto-e-terni/eventi/borgo-in-festa,,,,,
SagrafavoriteFestival degli Arrosticini,,25 giugno - 28 giugno 2026,2026-06-25,2026-06-28,Montefranco,Umbria,umbria,Orvieto e Terni,orvieto-e-terni,https://sagr.it/umbria/orvieto-e-terni/eventi/festival-degli-arrosticini,,,,,
SagrafavoriteFesta di Casteltodino,,26 giugno - 5 luglio 2026,2026-06-26,2026-07-05,Montecastrilli,Umbria,umbria,Orvieto e Terni,orvieto-e-terni,https://sagr.it/umbria/orvieto-e-terni/eventi/festa-di-casteltodino,,,,,
SagrafavoriteSagra del fiore di zucca,,26 giugno - 5 luglio 2026,2026-06-26,2026-07-05,Nera Montoro,Umbria,umbria,Orvieto e Terni,orvieto-e-terni,https://sagr.it/umbria/orvieto-e-terni/eventi/sagra-del-fiore-di-zucca,,,,,
SagrafavoriteSagra della Pappardella Finocchietana,,2 luglio - 12 luglio 2026,2026-07-02,2026-07-12,Stroncone,Umbria,umbria,Orvieto e Terni,orvieto-e-terni,https://sagr.it/umbria/orvieto-e-terni/eventi/sagra-della-pappardella-finocchietana,,,,,
SagrafavoriteSagra degli Gnocchi a San Liberato,,3 luglio - 12 luglio 2026,2026-07-03,2026-07-12,Narni,Umbria,umbria,Orvieto e Terni,orvieto-e-terni,https://sagr.it/umbria/orvieto-e-terni/eventi/sagra-degli-gnocchi-a-san-liberato,,,,,
SagrafavoriteSagra della Fregnaccia e delle Erbe Spontanee,,3 luglio - 12 luglio 2026,2026-07-03,2026-07-12,Amelia,Umbria,umbria,Orvieto e Terni,orvieto-e-terni,https://sagr.it/umbria/orvieto-e-terni/eventi/sagra-della-fregnaccia-e-delle-erbe-spontanee,,,,,
SagrafavoriteSagra della fregnaccia montacampese,,3 luglio - 12 luglio 2026,2026-07-03,2026-07-12,Montecampano,Umbria,umbria,Orvieto e Terni,orvieto-e-terni,https://sagr.it/umbria/orvieto-e-terni/eventi/sagra-della-fregnaccia-montacampese,,,,,
SagrafavoriteSagra della Pappardella,,4 luglio - 13 luglio 2026,2026-07-04,2026-07-13,Finocchieto,Umbria,umbria,Orvieto e Terni,orvieto-e-terni,https://sagr.it/umbria/orvieto-e-terni/eventi/sagra-della-pappardella,,,,,
Street FoodfavoriteNotte Bianca - Le Rocche Sbroccano,,11 luglio 2026,2026-07-11,2026-07-11,Ferentillo,Umbria,umbria,Orvieto e Terni,orvieto-e-terni,https://sagr.it/umbria/orvieto-e-terni/eventi/notte-bianca-le-rocche-sbroccano,,,,,
SagrafavoriteSagra del frittello e dei prodotti tipici,,16 luglio - 20 luglio 2026,2026-07-16,2026-07-20,Montoro,Umbria,umbria,Orvieto e Terni,orvieto-e-terni,https://sagr.it/umbria/orvieto-e-terni/eventi/sagra-del-frittello-e-dei-prodotti-tipici,,,,,
SagrafavoriteSagra dell'Umbrichello,,16 luglio - 19 luglio 2026,2026-07-16,2026-07-19,Orvieto,Umbria,umbria,Orvieto e Terni,orvieto-e-terni,https://sagr.it/umbria/orvieto-e-terni/eventi/sagra-dell-umbrichello,,,,,
SagrafavoriteSagra degli Arrosticini,,17 luglio - 26 luglio 2026,2026-07-17,2026-07-26,Guardea,Umbria,umbria,Orvieto e Terni,orvieto-e-terni,https://sagr.it/umbria/orvieto-e-terni/eventi/sagra-degli-arrosticini-moor2ewm,,,,,
SagrafavoriteSagra degli Arrosticini Guardea,,17 luglio - 26 luglio 2026,2026-07-17,2026-07-26,Guardea,Umbria,umbria,Orvieto e Terni,orvieto-e-terni,https://sagr.it/umbria/orvieto-e-terni/eventi/sagra-degli-arrosticini-guardea,,,,,
"SagrafavoriteSagra della fava cottora dell'Amerino, della polenta alla carbonara e del cinghiale al colcellse",,17 luglio - 26 luglio 2026,2026-07-17,2026-07-26,Collicello,Umbria,umbria,Orvieto e Terni,orvieto-e-terni,https://sagr.it/umbria/orvieto-e-terni/eventi/sagra-della-fava-cottora-dell-amerino-della-polenta-alla-carbonara-e-del-cinghiale-al-colcellse,,,,,
RievocazionefavoritePalio dei Colombi,,18 luglio - 9 agosto 2026,2026-07-18,2026-08-09,Amelia,Umbria,umbria,Orvieto e Terni,orvieto-e-terni,https://sagr.it/umbria/orvieto-e-terni/eventi/palio-dei-colombi,,,,,
SagrafavoriteSagra De u Cecu Maritu,,24 luglio - 2 agosto 2026,2026-07-24,2026-08-02,Stroncone,Umbria,umbria,Orvieto e Terni,orvieto-e-terni,https://sagr.it/umbria/orvieto-e-terni/eventi/sagra-de-u-cecu-maritu,,,,,
SagrafavoritePenne e Pinne,,27 luglio - 2 agosto 2026,2026-07-27,2026-08-02,Montegabbione,Umbria,umbria,Orvieto e Terni,orvieto-e-terni,https://sagr.it/umbria/orvieto-e-terni/eventi/penne-e-pinne,,,,,
SagrafavoriteSagra degli Gnocchi Guardea,,31 luglio - 10 agosto 2026,2026-07-31,2026-08-10,Guardea,Umbria,umbria,Orvieto e Terni,orvieto-e-terni,https://sagr.it/umbria/orvieto-e-terni/eventi/sagra-degli-gnocchi-guardea,,,,,
SagrafavoriteSagra della torta al testo,,1 agosto - 10 agosto 2026,2026-08-01,2026-08-10,Acquasparta,Umbria,umbria,Orvieto e Terni,orvieto-e-terni,https://sagr.it/umbria/orvieto-e-terni/eventi/sagra-della-torta-al-testo,,,,,
SagrafavoriteSagra del Manfricolo,,6 agosto - 15 agosto 2026,2026-08-06,2026-08-15,Avigliano Umbro,Umbria,umbria,Orvieto e Terni,orvieto-e-terni,https://sagr.it/umbria/orvieto-e-terni/eventi/sagra-del-manfricolo,,,,,
SagrafavoriteSagra del tartufo,,9 agosto - 14 agosto 2026,2026-08-09,2026-08-14,Arrone,Umbria,umbria,Orvieto e Terni,orvieto-e-terni,https://sagr.it/umbria/orvieto-e-terni/eventi/sagra-del-tartufo-mp7j70j1,,,,,
SagrafavoriteSagra dell'Anatra,,14 agosto - 23 agosto 2026,2026-08-14,2026-08-23,Montecastrilli,Umbria,umbria,Orvieto e Terni,orvieto-e-terni,https://sagr.it/umbria/orvieto-e-terni/eventi/sagra-dell-anatra,,,,,
SagrafavoritePane e olio,,4 ottobre - 26 ottobre 2026,2026-10-04,2026-10-26,Stroncone,Umbria,umbria,Orvieto e Terni,orvieto-e-terni,https://sagr.it/umbria/orvieto-e-terni/eventi/pane-e-olio,,,,,
SagrafavoriteSagra della Salsiccia,,19 ottobre 2026,2026-10-19,2026-10-19,Coltodino,Umbria,umbria,Orvieto e Terni,orvieto-e-terni,https://sagr.it/umbria/orvieto-e-terni/eventi/sagra-della-salsiccia,,,,,
SagrafavoriteOlio & Farro,,25 ottobre - 26 ottobre 2026,2026-10-25,2026-10-26,Alviano,Umbria,umbria,Orvieto e Terni,orvieto-e-terni,https://sagr.it/umbria/orvieto-e-terni/eventi/olio-farro,,,,,
MercatofavoriteFiera Verde Marsciano,,18 aprile - 19 aprile 2026,2026-04-18,2026-04-19,Marsciano,Umbria,umbria,Perugia e Valle Umbra,perugia-e-valle-umbra,https://sagr.it/umbria/perugia-e-valle-umbra/eventi/fiera-verde-marsciano,,,,,
SagrafavoriteSagra degli Asparagi di Bosco a Pietrafitta,,24 aprile - 3 maggio 2026,2026-04-24,2026-05-03,Piegaro,Umbria,umbria,Perugia e Valle Umbra,perugia-e-valle-umbra,https://sagr.it/umbria/perugia-e-valle-umbra/eventi/sagra-degli-asparagi-di-bosco-a-pietrafitta,,,,,
SagrafavoriteSagra degli Strangozzi e Asparagi,,24 aprile - 3 maggio 2026,2026-04-24,2026-05-03,Spoleto,Umbria,umbria,Perugia e Valle Umbra,perugia-e-valle-umbra,https://sagr.it/umbria/perugia-e-valle-umbra/eventi/sagra-degli-strangozzi-e-asparagi,,,,,
SagrafavoriteSagra degli Strangozzi e Asparagi di Eggi,,24 aprile - 3 maggio 2026,2026-04-24,2026-05-03,Eggi,Umbria,umbria,Perugia e Valle Umbra,perugia-e-valle-umbra,https://sagr.it/umbria/perugia-e-valle-umbra/eventi/sagra-degli-strangozzi-e-asparagi-di-eggi,,,,,
SagrafavoriteOnly Wine,Festival,25 aprile - 27 aprile 2026,2026-04-25,2026-04-27,Città di Castello,Umbria,umbria,Perugia e Valle Umbra,perugia-e-valle-umbra,https://sagr.it/umbria/perugia-e-valle-umbra/eventi/only-wine-festival,,,,,
RievocazionefavoriteTodi Città degli Arcieri,,1 maggio - 3 maggio 2026,2026-05-01,2026-05-03,Todi,Umbria,umbria,Perugia e Valle Umbra,perugia-e-valle-umbra,https://sagr.it/umbria/perugia-e-valle-umbra/eventi/todi-citta-degli-arcieri,,,,,
RievocazionefavoriteCalendimaggio,,6 maggio - 9 maggio 2026,2026-05-06,2026-05-09,Assisi,Umbria,umbria,Perugia e Valle Umbra,perugia-e-valle-umbra,https://sagr.it/umbria/perugia-e-valle-umbra/eventi/calendimaggio,,,,,
Festa patronalefavoriteFesta dei ceri,,15 maggio 2026,2026-05-15,2026-05-15,Gubbio,Umbria,umbria,Perugia e Valle Umbra,perugia-e-valle-umbra,https://sagr.it/umbria/perugia-e-valle-umbra/eventi/festa-dei-ceri,,,,,
SagrafavoritePorchettiamo,,22 maggio - 24 maggio 2026,2026-05-22,2026-05-24,San Terenziano,Umbria,umbria,Perugia e Valle Umbra,perugia-e-valle-umbra,https://sagr.it/umbria/perugia-e-valle-umbra/eventi/porchettiamo,,,,,
Evento culturalefavoriteFiori in Città,,23 maggio - 24 maggio 2026,2026-05-23,2026-05-24,Città di Castello,Umbria,umbria,Perugia e Valle Umbra,perugia-e-valle-umbra,https://sagr.it/umbria/perugia-e-valle-umbra/eventi/fiori-in-citta,,,,,
FierafavoritePerugia Flower Show,,23 maggio - 24 maggio 2026,2026-05-23,2026-05-24,Perugia,Umbria,umbria,Perugia e Valle Umbra,perugia-e-valle-umbra,https://sagr.it/umbria/perugia-e-valle-umbra/eventi/perugia-flower-show,,,,,
SagrafavoriteSagra dell'acciaccata,,29 maggio - 7 giugno 2026,2026-05-29,2026-06-07,Fornole,Umbria,umbria,Perugia e Valle Umbra,perugia-e-valle-umbra,https://sagr.it/umbria/perugia-e-valle-umbra/eventi/sagra-dell-acciaccata,,,,,
RievocazionefavoritePalio della Balestra,,31 maggio 2026,2026-05-31,2026-05-31,Gubbio,Umbria,umbria,Perugia e Valle Umbra,perugia-e-valle-umbra,https://sagr.it/umbria/perugia-e-valle-umbra/eventi/palio-della-balestra,,,,,
SagrafavoriteFesta della Primavera 2.0,,1 giugno - 7 giugno 2026,2026-06-01,2026-06-07,Bastia Umbra,Umbria,umbria,Perugia e Valle Umbra,perugia-e-valle-umbra,https://sagr.it/umbria/perugia-e-valle-umbra/eventi/festa-della-primavera-2-0,,,,,
SagrafavoriteSagra della Boscaiola,,5 giugno - 14 giugno 2026,2026-06-05,2026-06-14,Bosco,Umbria,umbria,Perugia e Valle Umbra,perugia-e-valle-umbra,https://sagr.it/umbria/perugia-e-valle-umbra/eventi/sagra-della-boscaiola,,,,,
SagrafavoriteSagra mondiale della gota,,5 giugno - 14 giugno 2026,2026-06-05,2026-06-14,San Giustino,Umbria,umbria,Perugia e Valle Umbra,perugia-e-valle-umbra,https://sagr.it/umbria/perugia-e-valle-umbra/eventi/sagra-mondiale-della-gota,,,,,
Festa patronalefavoriteInfiorata di Città della Pieve,,11 giugno - 21 giugno 2026,2026-06-11,2026-06-21,Città della Pieve,Umbria,umbria,Perugia e Valle Umbra,perugia-e-valle-umbra,https://sagr.it/umbria/perugia-e-valle-umbra/eventi/infiorata-di-citta-della-pieve,,,,,
Street FoodfavoriteTodi Mangiami Street Food,,11 giugno - 14 giugno 2026,2026-06-11,2026-06-14,Todi,Umbria,umbria,Perugia e Valle Umbra,perugia-e-valle-umbra,https://sagr.it/umbria/perugia-e-valle-umbra/eventi/todi-mangiami-street-food,,,,,
FestivalfavoriteGiugno in Festa,,12 giugno - 21 giugno 2026,2026-06-12,2026-06-21,Deruta,Umbria,umbria,Perugia e Valle Umbra,perugia-e-valle-umbra,https://sagr.it/umbria/perugia-e-valle-umbra/eventi/giugno-in-festa,,,,,
RievocazionefavoriteGiostra della Quintana,,12 giugno - 13 settembre 2026,2026-06-12,2026-09-13,Foligno,Umbria,umbria,Perugia e Valle Umbra,perugia-e-valle-umbra,https://sagr.it/umbria/perugia-e-valle-umbra/eventi/giostra-della-quintana,,,,,
SagrafavoriteFesta della Ciliegia,,12 giugno - 21 giugno 2026,2026-06-12,2026-06-21,Assisi,Umbria,umbria,Perugia e Valle Umbra,perugia-e-valle-umbra,https://sagr.it/umbria/perugia-e-valle-umbra/eventi/festa-della-ciliegia-mq9mb83o,,,,,
SagrafavoriteSagra del piccione in carrozza,,12 giugno - 21 giugno 2026,2026-06-12,2026-06-21,Perugia,Umbria,umbria,Perugia e Valle Umbra,perugia-e-valle-umbra,https://sagr.it/umbria/perugia-e-valle-umbra/eventi/sagra-del-piccione-in-carrozza,,,,,
SagrafavoriteSagra dell'Ortolano,,12 giugno - 21 giugno 2026,2026-06-12,2026-06-21,Perugia,Umbria,umbria,Perugia e Valle Umbra,perugia-e-valle-umbra,https://sagr.it/umbria/perugia-e-valle-umbra/eventi/sagra-dell-ortolano,,,,,
RievocazionefavoritePalio Arnense,,15 giugno - 21 giugno 2026,2026-06-15,2026-06-21,Ripa,Umbria,umbria,Perugia e Valle Umbra,perugia-e-valle-umbra,https://sagr.it/umbria/perugia-e-valle-umbra/eventi/palio-arnense,,,,,
RievocazionefavoriteIl Mercato delle Gaite,,17 giugno - 28 giugno 2026,2026-06-17,2026-06-28,Bevagna,Umbria,umbria,Perugia e Valle Umbra,perugia-e-valle-umbra,https://sagr.it/umbria/perugia-e-valle-umbra/eventi/il-mercato-delle-gaite,,,,,
FestivalfavoriteHumus Music Fest,,19 giugno - 21 giugno 2026,2026-06-19,2026-06-21,San Feliciano,Umbria,umbria,Perugia e Valle Umbra,perugia-e-valle-umbra,https://sagr.it/umbria/perugia-e-valle-umbra/eventi/humus-music-fest,,,,,
"SagrafavoriteSagra degli Gnocchi, Suino e del Buon Vino",,19 giugno - 28 giugno 2026,2026-06-19,2026-06-28,San Brizio di Spoleto,Umbria,umbria,Perugia e Valle Umbra,perugia-e-valle-umbra,https://sagr.it/umbria/perugia-e-valle-umbra/eventi/sagra-degli-gnocchi-suino-e-del-buon-vino,,,,,
"SagrafavoriteSagra degli Gnocchi, Suino e del Buon Vino",,19 giugno - 28 giugno 2026,2026-06-19,2026-06-28,Spoleto,Umbria,umbria,Perugia e Valle Umbra,perugia-e-valle-umbra,https://sagr.it/umbria/perugia-e-valle-umbra/eventi/sagra-degli-gnocchi-suino-e-del-buon-vino-mqn2drs8,,,,,
SagrafavoriteRaduno Nazionale Polentari d'Italia,,20 giugno 2026,2026-06-20,2026-06-20,Gubbio,Umbria,umbria,Perugia e Valle Umbra,perugia-e-valle-umbra,https://sagr.it/umbria/perugia-e-valle-umbra/eventi/raduno-nazionale-polentari-d-italia,,,,,
SagrafavoriteSagra degli gnocchi,,20 giugno - 29 giugno 2026,2026-06-20,2026-06-29,Perugia,Umbria,umbria,Perugia e Valle Umbra,perugia-e-valle-umbra,https://sagr.it/umbria/perugia-e-valle-umbra/eventi/sagra-degli-gnocchi,,,,,
FestivalfavoriteUmbria che spacca,,24 giugno - 28 giugno 2026,2026-06-24,2026-06-28,Perugia,Umbria,umbria,Perugia e Valle Umbra,perugia-e-valle-umbra,https://sagr.it/umbria/perugia-e-valle-umbra/eventi/umbria-che-spacca,,,,,
SagrafavoriteRiosecco in Festa,,24 giugno - 28 giugno 2026,2026-06-24,2026-06-28,Città di Castello,Umbria,umbria,Perugia e Valle Umbra,perugia-e-valle-umbra,https://sagr.it/umbria/perugia-e-valle-umbra/eventi/riosecco-in-festa,,,,,
SagrafavoriteFesta del Grano,,25 giugno - 5 luglio 2026,2026-06-25,2026-07-05,Deruta,Umbria,umbria,Perugia e Valle Umbra,perugia-e-valle-umbra,https://sagr.it/umbria/perugia-e-valle-umbra/eventi/festa-del-grano-mqn2ds2c,,,,,
SagrafavoriteChiugiana Ti Aspetta,,26 giugno - 5 luglio 2026,2026-06-26,2026-07-05,Corciano,Umbria,umbria,Perugia e Valle Umbra,perugia-e-valle-umbra,https://sagr.it/umbria/perugia-e-valle-umbra/eventi/chiugiana-ti-aspetta,,,,,
SagrafavoriteEstate Borghigiana,,26 giugno - 28 giugno 2026,2026-06-26,2026-06-28,Cerreto di Spoleto,Umbria,umbria,Perugia e Valle Umbra,perugia-e-valle-umbra,https://sagr.it/umbria/perugia-e-valle-umbra/eventi/estate-borghigiana,,,,,
SagrafavoriteFesta della Torta al Testo,,26 giugno - 5 luglio 2026,2026-06-26,2026-07-05,Perugia,Umbria,umbria,Perugia e Valle Umbra,perugia-e-valle-umbra,https://sagr.it/umbria/perugia-e-valle-umbra/eventi/festa-della-torta-al-testo,,,,,
SagrafavoriteFesta della Torta al Testo e dei vini Doc dei Colli Perugini,,26 giugno - 5 luglio 2026,2026-06-26,2026-07-05,Pila,Umbria,umbria,Perugia e Valle Umbra,perugia-e-valle-umbra,https://sagr.it/umbria/perugia-e-valle-umbra/eventi/festa-della-torta-al-testo-e-dei-vini-doc-dei-colli-perugini,,,,,
SagrafavoriteFesta di Inizio Estate a Resina,,26 giugno - 5 luglio 2026,2026-06-26,2026-07-05,Perugia,Umbria,umbria,Perugia e Valle Umbra,perugia-e-valle-umbra,https://sagr.it/umbria/perugia-e-valle-umbra/eventi/festa-di-inizio-estate-a-resina,,,,,
SagrafavoriteMarcellano VinCanta,,26 giugno - 5 luglio 2026,2026-06-26,2026-07-05,Marcellano,Umbria,umbria,Perugia e Valle Umbra,perugia-e-valle-umbra,https://sagr.it/umbria/perugia-e-valle-umbra/eventi/marcellano-vincanta,,,,,
SagrafavoriteSagra dell'Agnello Scottadito e dei Prodotti Tipici Umbri,,26 giugno - 5 luglio 2026,2026-06-26,2026-07-05,Monte Castello di Vibio,Umbria,umbria,Perugia e Valle Umbra,perugia-e-valle-umbra,https://sagr.it/umbria/perugia-e-valle-umbra/eventi/sagra-dell-agnello-scottadito-e-dei-prodotti-tipici-umbri,,,,,
SagrafavoriteSagra della Gastronomia Castelnovese,,26 giugno - 5 luglio 2026,2026-06-26,2026-07-05,Castelnuovo di Assisi,Umbria,umbria,Perugia e Valle Umbra,perugia-e-valle-umbra,https://sagr.it/umbria/perugia-e-valle-umbra/eventi/sagra-della-gastronomia-castelnovese,,,,,
SagrafavoriteSagra della barbozza e delle carni alla brace,,26 giugno - 5 luglio 2026,2026-06-26,2026-07-05,Cerqueto,Umbria,umbria,Perugia e Valle Umbra,perugia-e-valle-umbra,https://sagr.it/umbria/perugia-e-valle-umbra/eventi/sagra-della-barbozza-e-delle-carni-alla-brace,,,,,
SagrafavoriteUna Sana Festa Paesana,,26 giugno - 5 luglio 2026,2026-06-26,2026-07-05,Città di Castello,Umbria,umbria,Perugia e Valle Umbra,perugia-e-valle-umbra,https://sagr.it/umbria/perugia-e-valle-umbra/eventi/una-sana-festa-paesana,,,,,
SagrafavoriteSagra del Bico,,27 giugno - 6 luglio 2026,2026-06-27,2026-07-06,Piazze,Umbria,umbria,Perugia e Valle Umbra,perugia-e-valle-umbra,https://sagr.it/umbria/perugia-e-valle-umbra/eventi/sagra-del-bico,,,,,
SagrafavoritePierantonio e S. Orfeto in Festa,,1 luglio - 5 luglio 2026,2026-07-01,2026-07-05,Umbertide,Umbria,umbria,Perugia e Valle Umbra,perugia-e-valle-umbra,https://sagr.it/umbria/perugia-e-valle-umbra/eventi/pierantonio-e-s-orfeto-in-festa,,,,,
SagrafavoriteSagra della Lumaca,,2 luglio - 5 luglio 2026,2026-07-02,2026-07-05,Città della Pieve,Umbria,umbria,Perugia e Valle Umbra,perugia-e-valle-umbra,https://sagr.it/umbria/perugia-e-valle-umbra/eventi/sagra-della-lumaca-mqn2ds3l,,,,,
SagrafavoriteBadiola nel Verde - Sagra del Baccalà alla Perugina,,3 luglio - 12 luglio 2026,2026-07-03,2026-07-12,Perugia,Umbria,umbria,Perugia e Valle Umbra,perugia-e-valle-umbra,https://sagr.it/umbria/perugia-e-valle-umbra/eventi/badiola-nel-verde-sagra-del-baccala-alla-perugina,,,,,
SagrafavoriteSagra dei Frutti del Bosco e dei Prodotti Tipici dell'Umbria,,3 luglio - 12 luglio 2026,2026-07-03,2026-07-12,Marsciano,Umbria,umbria,Perugia e Valle Umbra,perugia-e-valle-umbra,https://sagr.it/umbria/perugia-e-valle-umbra/eventi/sagra-dei-frutti-del-bosco-e-dei-prodotti-tipici-dell-umbria,,,,,
SagrafavoriteSagra dei Frutti del bosco e dei Prodotti Tipici dell'Umbria,,3 luglio - 12 luglio 2026,2026-07-03,2026-07-12,Papiano,Umbria,umbria,Perugia e Valle Umbra,perugia-e-valle-umbra,https://sagr.it/umbria/perugia-e-valle-umbra/eventi/sagra-dei-frutti-del-bosco-e-dei-prodotti-tipici-dell-umbria-mqt9i3i9,,,,,
SagrafavoriteSagra del Tartufo,,3 luglio - 12 luglio 2026,2026-07-03,2026-07-12,Ripa di Perugia,Umbria,umbria,Perugia e Valle Umbra,perugia-e-valle-umbra,https://sagr.it/umbria/perugia-e-valle-umbra/eventi/sagra-del-tartufo-mqt9i3kn,,,,,
SagrafavoriteSagra del Tartufo a Ripa,,3 luglio - 12 luglio 2026,2026-07-03,2026-07-12,Perugia,Umbria,umbria,Perugia e Valle Umbra,perugia-e-valle-umbra,https://sagr.it/umbria/perugia-e-valle-umbra/eventi/sagra-del-tartufo-a-ripa,,,,,
SagrafavoriteSagra della Granocchia,,3 luglio - 12 luglio 2026,2026-07-03,2026-07-12,Capanne,Umbria,umbria,Perugia e Valle Umbra,perugia-e-valle-umbra,https://sagr.it/umbria/perugia-e-valle-umbra/eventi/sagra-della-granocchia,,,,,
SagrafavoriteSagra dei frutti di bosco,,4 luglio - 13 luglio 2026,2026-07-04,2026-07-13,Papiano,Umbria,umbria,Perugia e Valle Umbra,perugia-e-valle-umbra,https://sagr.it/umbria/perugia-e-valle-umbra/eventi/sagra-dei-frutti-di-bosco,,,,,
SagrafavoriteSagra del baccalà alla Perugina di Badiola,,4 luglio - 13 luglio 2026,2026-07-04,2026-07-13,Badiola,Umbria,umbria,Perugia e Valle Umbra,perugia-e-valle-umbra,https://sagr.it/umbria/perugia-e-valle-umbra/eventi/sagra-del-baccala-alla-perugina-di-badiola,,,,,
SagrafavoriteSagra del pesce sfilettato,,4 luglio - 13 luglio 2026,2026-07-04,2026-07-13,Sant'Arcangelo,Umbria,umbria,Perugia e Valle Umbra,perugia-e-valle-umbra,https://sagr.it/umbria/perugia-e-valle-umbra/eventi/sagra-del-pesce-sfilettato,,,,,
SagrafavoriteSagra del mazzafegato con fiore di zucca,,8 luglio - 12 luglio 2026,2026-07-08,2026-07-12,Città di Castello,Umbria,umbria,Perugia e Valle Umbra,perugia-e-valle-umbra,https://sagr.it/umbria/perugia-e-valle-umbra/eventi/sagra-del-mazzafegato-con-fiore-di-zucca,,,,,
SagrafavoriteCollesanto Antria in Gastronomia,,10 luglio - 19 luglio 2026,2026-07-10,2026-07-19,Magione,Umbria,umbria,Perugia e Valle Umbra,perugia-e-valle-umbra,https://sagr.it/umbria/perugia-e-valle-umbra/eventi/collesanto-antria-in-gastronomia,,,,,
SagrafavoritePontePattolissima - Sagra dei Fiori di Zucca,,10 luglio - 19 luglio 2026,2026-07-10,2026-07-19,Ponte Pattoli,Umbria,umbria,Perugia e Valle Umbra,perugia-e-valle-umbra,https://sagr.it/umbria/perugia-e-valle-umbra/eventi/pontepattolissima-sagra-dei-fiori-di-zucca,,,,,
SagrafavoriteSagra Tuttosuino,,10 luglio - 19 luglio 2026,2026-07-10,2026-07-19,Sant'Enea di Perugia,Umbria,umbria,Perugia e Valle Umbra,perugia-e-valle-umbra,https://sagr.it/umbria/perugia-e-valle-umbra/eventi/sagra-tuttosuino,,,,,
SagrafavoriteSagra dei Fiori di Zucca,,10 luglio - 19 luglio 2026,2026-07-10,2026-07-19,Perugia,Umbria,umbria,Perugia e Valle Umbra,perugia-e-valle-umbra,https://sagr.it/umbria/perugia-e-valle-umbra/eventi/sagra-dei-fiori-di-zucca,,,,,
SagrafavoriteSagra del Cinghiale e dell'Arvoltolo,,10 luglio - 19 luglio 2026,2026-07-10,2026-07-19,Marsciano,Umbria,umbria,Perugia e Valle Umbra,perugia-e-valle-umbra,https://sagr.it/umbria/perugia-e-valle-umbra/eventi/sagra-del-cinghiale-e-dell-arvoltolo,,,,,
SagrafavoriteSagra dei bringoli,,11 luglio - 20 luglio 2026,2026-07-11,2026-07-20,Lisciano Niccone,Umbria,umbria,Perugia e Valle Umbra,perugia-e-valle-umbra,https://sagr.it/umbria/perugia-e-valle-umbra/eventi/sagra-dei-bringoli,,,,,
SagrafavoriteFontignano a Tavola,,17 luglio - 26 luglio 2026,2026-07-17,2026-07-26,Fontignano,Umbria,umbria,Perugia e Valle Umbra,perugia-e-valle-umbra,https://sagr.it/umbria/perugia-e-valle-umbra/eventi/fontignano-a-tavola,,,,,
RievocazionefavoriteFesta del Giacchio,,25 luglio - 3 agosto 2026,2026-07-25,2026-08-03,San Feliciano,Umbria,umbria,Perugia e Valle Umbra,perugia-e-valle-umbra,https://sagr.it/umbria/perugia-e-valle-umbra/eventi/festa-del-giacchio,,,,,
SagrafavoriteSagra della rocciata e gnocchi fatti a mano,,31 luglio - 16 agosto 2026,2026-07-31,2026-08-16,Foligno,Umbria,umbria,Perugia e Valle Umbra,perugia-e-valle-umbra,https://sagr.it/umbria/perugia-e-valle-umbra/eventi/sagra-della-rocciata-e-gnocchi-fatti-a-mano,,,,,
SagrafavoriteSagra della porchetta e dei fagioli con le Cotiche,,7 agosto - 10 agosto 2026,2026-08-07,2026-08-10,Monte Santa Maria Tiberina,Umbria,umbria,Perugia e Valle Umbra,perugia-e-valle-umbra,https://sagr.it/umbria/perugia-e-valle-umbra/eventi/sagra-della-porchetta-e-dei-fagioli-con-le-cotiche,,,,,
SagrafavoriteMostra mercato e sagra della patata rossa,,8 agosto - 17 agosto 2026,2026-08-08,2026-08-17,Colfiorito,Umbria,umbria,Perugia e Valle Umbra,perugia-e-valle-umbra,https://sagr.it/umbria/perugia-e-valle-umbra/eventi/mostra-mercato-e-sagra-della-patata-rossa,,,,,
SagrafavoriteSagra del fungo e dei prodotti tipici,,8 agosto - 17 agosto 2026,2026-08-08,2026-08-17,Pianello,Umbria,umbria,Perugia e Valle Umbra,perugia-e-valle-umbra,https://sagr.it/umbria/perugia-e-valle-umbra/eventi/sagra-del-fungo-e-dei-prodotti-tipici,,,,,
RievocazionefavoritePalio dei Terzieri,,10 agosto - 23 agosto 2026,2026-08-10,2026-08-23,Città della Pieve,Umbria,umbria,Perugia e Valle Umbra,perugia-e-valle-umbra,https://sagr.it/umbria/perugia-e-valle-umbra/eventi/palio-dei-terzieri,,,,,
SagrafavoriteSagra della Fojata e della Attorta,,10 agosto - 14 agosto 2026,2026-08-10,2026-08-14,Sellano,Umbria,umbria,Perugia e Valle Umbra,perugia-e-valle-umbra,https://sagr.it/umbria/perugia-e-valle-umbra/eventi/sagra-della-fojata-e-della-attorta,,,,,
SagrafavoriteSagra dei bigoli,,16 agosto - 18 agosto 2026,2026-08-16,2026-08-18,Costacciaro,Umbria,umbria,Perugia e Valle Umbra,perugia-e-valle-umbra,https://sagr.it/umbria/perugia-e-valle-umbra/eventi/sagra-dei-bigoli,,,,,
SagrafavoriteSagra del gambero e del pesce del lago Trasimeno,,16 agosto - 24 agosto 2026,2026-08-16,2026-08-24,San Savino,Umbria,umbria,Perugia e Valle Umbra,perugia-e-valle-umbra,https://sagr.it/umbria/perugia-e-valle-umbra/eventi/sagra-del-gambero-e-del-pesce-del-lago-trasimeno,,,,,
SagrafavoriteSagra della Porchetta,,22 agosto - 31 agosto 2026,2026-08-22,2026-08-31,Costano,Umbria,umbria,Perugia e Valle Umbra,perugia-e-valle-umbra,https://sagr.it/umbria/perugia-e-valle-umbra/eventi/sagra-della-porchetta-mphn2oko,,,,,
SagrafavoriteFesta dell’Uva e dei prodotti tipici,,11 settembre - 14 settembre 2026,2026-09-11,2026-09-14,Panicale,Umbria,umbria,Perugia e Valle Umbra,perugia-e-valle-umbra,https://sagr.it/umbria/perugia-e-valle-umbra/eventi/festa-dell-uva-e-dei-prodotti-tipici,,,,,
SagrafavoriteMostra mercato del tartufo bianco e della patata,,10 ottobre - 19 ottobre 2026,2026-10-10,2026-10-19,Pietralunga,Umbria,umbria,Perugia e Valle Umbra,perugia-e-valle-umbra,https://sagr.it/umbria/perugia-e-valle-umbra/eventi/mostra-mercato-del-tartufo-bianco-e-della-patata,,,,,
RievocazionefavoriteCorsa delle Botti,,16 ottobre - 18 ottobre 2026,2026-10-16,2026-10-18,Costacciaro,Umbria,umbria,Perugia e Valle Umbra,perugia-e-valle-umbra,https://sagr.it/umbria/perugia-e-valle-umbra/eventi/corsa-delle-botti,,,,,
SagrafavoriteFestival della Salsiccia Italiana,,16 ottobre - 18 ottobre 2026,2026-10-16,2026-10-18,Gubbio,Umbria,umbria,Perugia e Valle Umbra,perugia-e-valle-umbra,https://sagr.it/umbria/perugia-e-valle-umbra/eventi/festival-della-salsiccia-italiana,,,,,
SagrafavoriteMostra mercato del sedano nero e sagra della salsiccia,,18 ottobre - 19 ottobre 2026,2026-10-18,2026-10-19,Trevi,Umbria,umbria,Perugia e Valle Umbra,perugia-e-valle-umbra,https://sagr.it/umbria/perugia-e-valle-umbra/eventi/mostra-mercato-del-sedano-nero-e-sagra-della-salsiccia,,,,,
SagrafavoriteL’Umbria in un bicchiere,,25 ottobre 2026,2026-10-25,2026-10-25,Foligno,Umbria,umbria,Perugia e Valle Umbra,perugia-e-valle-umbra,https://sagr.it/umbria/perugia-e-valle-umbra/eventi/l-umbria-in-un-bicchiere,,,,,
SagrafavoriteLa Mangiaunta,,31 ottobre - 2 novembre 2026,2026-10-31,2026-11-02,Giano dell'Umbria,Umbria,umbria,Perugia e Valle Umbra,perugia-e-valle-umbra,https://sagr.it/umbria/perugia-e-valle-umbra/eventi/la-mangiaunta,,,,,
SagrafavoriteMostra mercato del Tartufo Bianco,,31 ottobre - 9 novembre 2026,2026-10-31,2026-11-09,Gubbio,Umbria,umbria,Perugia e Valle Umbra,perugia-e-valle-umbra,https://sagr.it/umbria/perugia-e-valle-umbra/eventi/mostra-mercato-del-tartufo-bianco,,,,,
SagrafavoriteMostra mercato nazionale del tartufo bianco,,31 ottobre - 2 novembre 2026,2026-10-31,2026-11-02,Città di Castello,Umbria,umbria,Perugia e Valle Umbra,perugia-e-valle-umbra,https://sagr.it/umbria/perugia-e-valle-umbra/eventi/mostra-mercato-nazionale-del-tartufo-bianco,,,,,
SagrafavoriteZafferiamo,,31 ottobre - 2 novembre 2026,2026-10-31,2026-11-02,Città della Pieve,Umbria,umbria,Perugia e Valle Umbra,perugia-e-valle-umbra,https://sagr.it/umbria/perugia-e-valle-umbra/eventi/zafferiamo,,,,,
SagrafavoriteSagra dell'oca,,7 novembre - 23 novembre 2026,2026-11-07,2026-11-23,Bettona,Umbria,umbria,Perugia e Valle Umbra,perugia-e-valle-umbra,https://sagr.it/umbria/perugia-e-valle-umbra/eventi/sagra-dell-oca,,,,,
SagrafavoriteL’oro di Spello – Festa dell’olivo e sagra della bruschetta,,14 novembre - 16 novembre 2026,2026-11-14,2026-11-16,Spello,Umbria,umbria,Perugia e Valle Umbra,perugia-e-valle-umbra,https://sagr.it/umbria/perugia-e-valle-umbra/eventi/l-oro-di-spello-festa-dell-olivo-e-sagra-della-bruschetta,,,,,
SagrafavoriteMostra mercato del farro DOP,,5 dicembre - 8 dicembre 2026,2026-12-05,2026-12-08,Monteleone di Spoleto,Umbria,umbria,Perugia e Valle Umbra,perugia-e-valle-umbra,https://sagr.it/umbria/perugia-e-valle-umbra/eventi/mostra-mercato-del-farro-dop,,,,,
SagrafavoriteSagra della Lumaca in Inverno,,19 febbraio - 22 febbraio 2027,2027-02-19,2027-02-22,Bevagna,Umbria,umbria,Perugia e Valle Umbra,perugia-e-valle-umbra,https://sagr.it/umbria/perugia-e-valle-umbra/eventi/sagra-della-lumaca-in-inverno,,,,,
SagrafavoriteNero Norcia – Mostra mercato nazionale del tartufo nero pregiato e dei prodotti tipici,,20 febbraio - 1 marzo 2027,2027-02-20,2027-03-01,Norcia,Umbria,umbria,Perugia e Valle Umbra,perugia-e-valle-umbra,https://sagr.it/umbria/perugia-e-valle-umbra/eventi/nero-norcia-mostra-mercato-nazionale-del-tartufo-nero-pregiato-e-dei-prodotti-tipici,,,,,
FestivalfavoriteCarezza on Fire,Festival,28 marzo - 29 marzo 2026,2026-03-28,2026-03-29,Carezza,Valle d'Aosta,valle-d-aosta,Valle d Aosta,valle-d-aosta,https://sagr.it/valle-d-aosta/valle-d-aosta/eventi/carezza-on-fire-festival,,,,,
Evento culturalefavoriteBattaglia delle Regine,,29 marzo 2026,2026-03-29,2026-03-29,Aosta,Valle d'Aosta,valle-d-aosta,Valle d Aosta,valle-d-aosta,https://sagr.it/valle-d-aosta/valle-d-aosta/eventi/battaglia-delle-regine,,,,,
RievocazionefavoriteCastello in,Fiera,11 aprile - 12 aprile 2026,2026-04-11,2026-04-12,Fénis,Valle d'Aosta,valle-d-aosta,Valle d Aosta,valle-d-aosta,https://sagr.it/valle-d-aosta/valle-d-aosta/eventi/castello-in-fiera,,,,,
FierafavoriteFoire de la Paquerette,,20 aprile 2026,2026-04-20,2026-04-20,Courmayeur,Valle d'Aosta,valle-d-aosta,Valle d Aosta,valle-d-aosta,https://sagr.it/valle-d-aosta/valle-d-aosta/eventi/foire-de-la-paquerette,,,,,
EventofavoriteRally della Valle d&rsquo;Aosta,,9 maggio - 10 maggio 2026,2026-05-09,2026-05-10,Aosta,Valle d'Aosta,valle-d-aosta,Valle d Aosta,valle-d-aosta,https://sagr.it/valle-d-aosta/valle-d-aosta/eventi/rally-della-valle-d-aosta,,,,,
Festa patronalefavoriteFesta Patronale La Thuile,,9 maggio 2026,2026-05-09,2026-05-09,La Thuile,Valle d'Aosta,valle-d-aosta,Valle d Aosta,valle-d-aosta,https://sagr.it/valle-d-aosta/valle-d-aosta/eventi/festa-patronale-la-thuile,,,,,
SagrafavoriteFesta delle Cascine,,13 maggio - 23 maggio 2026,2026-05-13,2026-05-23,Pont-Saint-Martin,Valle d'Aosta,valle-d-aosta,Valle d Aosta,valle-d-aosta,https://sagr.it/valle-d-aosta/valle-d-aosta/eventi/festa-delle-cascine,,,,,
SagrafavoriteSagra della Sarieula,,15 maggio - 17 maggio 2026,2026-05-15,2026-05-17,Verrayes,Valle d'Aosta,valle-d-aosta,Valle d Aosta,valle-d-aosta,https://sagr.it/valle-d-aosta/valle-d-aosta/eventi/sagra-della-sarieula,,,,,
MercatofavoriteMarché aux Fleurs,,30 maggio - 31 maggio 2026,2026-05-30,2026-05-31,Aymavilles,Valle d'Aosta,valle-d-aosta,Valle d Aosta,valle-d-aosta,https://sagr.it/valle-d-aosta/valle-d-aosta/eventi/marche-aux-fleurs,,,,,
SagrafavoriteCantine Gourmet a Cogne,,5 giugno - 7 giugno 2026,2026-06-05,2026-06-07,Cogne,Valle d'Aosta,valle-d-aosta,Valle d Aosta,valle-d-aosta,https://sagr.it/valle-d-aosta/valle-d-aosta/eventi/cantine-gourmet-a-cogne,,,,,
Festa patronalefavoriteFesta di San Bernardo,,15 giugno 2026,2026-06-15,2026-06-15,Aosta,Valle d'Aosta,valle-d-aosta,Valle d Aosta,valle-d-aosta,https://sagr.it/valle-d-aosta/valle-d-aosta/eventi/festa-di-san-bernardo,,,,,
SagrafavoriteProsciuttiamo,,19 giugno - 21 giugno 2026,2026-06-19,2026-06-21,Saint-Marcel,Valle d'Aosta,valle-d-aosta,Valle d Aosta,valle-d-aosta,https://sagr.it/valle-d-aosta/valle-d-aosta/eventi/prosciuttiamo,,,,,
SagrafavoriteBierfest Gressoney,,24 giugno - 28 giugno 2026,2026-06-24,2026-06-28,Gressoney,Valle d'Aosta,valle-d-aosta,Valle d Aosta,valle-d-aosta,https://sagr.it/valle-d-aosta/valle-d-aosta/eventi/bierfest-gressoney,,,,,
Festa patronalefavoriteSagra della fiocca,,28 giugno 2026,2026-06-28,2026-06-28,Avise,Valle d'Aosta,valle-d-aosta,Valle d Aosta,valle-d-aosta,https://sagr.it/valle-d-aosta/valle-d-aosta/eventi/sagra-della-fiocca,,,,,
Evento culturalefavoriteCeltica Valle d&rsquo;Aosta,,2 luglio - 5 luglio 2026,2026-07-02,2026-07-05,Aosta,Valle d'Aosta,valle-d-aosta,Valle d Aosta,valle-d-aosta,https://sagr.it/valle-d-aosta/valle-d-aosta/eventi/celtica-valle-d-aosta,,,,,
SagrafavoriteSagra della Polenta,,4 luglio - 5 luglio 2026,2026-07-04,2026-07-05,Doues,Valle d'Aosta,valle-d-aosta,Valle d Aosta,valle-d-aosta,https://sagr.it/valle-d-aosta/valle-d-aosta/eventi/sagra-della-polenta-doues,,,,,
SagrafavoriteJambon Day,,13 luglio 2026,2026-07-13,2026-07-13,Saint-Rhémy-en-Bosses,Valle d'Aosta,valle-d-aosta,Valle d Aosta,valle-d-aosta,https://sagr.it/valle-d-aosta/valle-d-aosta/eventi/jambon-day,,,,,
FierafavoriteMostra-Concorso dell’artigianato di tradizione,,18 luglio - 26 luglio 2026,2026-07-18,2026-07-26,Aosta,Valle d'Aosta,valle-d-aosta,Valle d Aosta,valle-d-aosta,https://sagr.it/valle-d-aosta/valle-d-aosta/eventi/mostra-concorso-dell-artigianato-di-tradizione,,,,,
SagrafavoriteSagra della fontina,,19 luglio - 20 luglio 2026,2026-07-19,2026-07-20,Oyace,Valle d'Aosta,valle-d-aosta,Valle d Aosta,valle-d-aosta,https://sagr.it/valle-d-aosta/valle-d-aosta/eventi/sagra-della-fontina,,,,,
SagrafavoriteSagra della Seupa à la Vapelenentse,,25 luglio - 30 luglio 2026,2026-07-25,2026-07-30,Valpelline,Valle d'Aosta,valle-d-aosta,Valle d Aosta,valle-d-aosta,https://sagr.it/valle-d-aosta/valle-d-aosta/eventi/sagra-della-seupa-a-la-vapelenentse,,,,,
SagrafavoriteSagra della Favò,,26 luglio - 27 luglio 2026,2026-07-26,2026-07-27,Aymavilles,Valle d'Aosta,valle-d-aosta,Valle d Aosta,valle-d-aosta,https://sagr.it/valle-d-aosta/valle-d-aosta/eventi/sagra-della-favo,,,,,
SagrafavoriteSagra del jambon alla brace,,2 agosto 2026,2026-08-02,2026-08-02,Saint-Oyen,Valle d'Aosta,valle-d-aosta,Valle d Aosta,valle-d-aosta,https://sagr.it/valle-d-aosta/valle-d-aosta/eventi/sagra-del-jambon-alla-brace,,,,,
SagrafavoriteFesta del Valle d&rsquo;Aosta Lard d&rsquo;Arnad DOP,,27 agosto - 30 agosto 2026,2026-08-27,2026-08-30,Arnad,Valle d'Aosta,valle-d-aosta,Valle d Aosta,valle-d-aosta,https://sagr.it/valle-d-aosta/valle-d-aosta/eventi/festa-del-valle-d-aosta-lard-d-arnad-dop,,,,,
SagrafavoriteFéta di Resèn – Festa dell’uva,,24 settembre - 28 settembre 2026,2026-09-24,2026-09-28,Chambave,Valle d'Aosta,valle-d-aosta,Valle d Aosta,valle-d-aosta,https://sagr.it/valle-d-aosta/valle-d-aosta/eventi/feta-di-resen-festa-dell-uva,,,,,
SagrafavoriteFita di pomme,,5 ottobre 2026,2026-10-05,2026-10-05,Gressan,Valle d'Aosta,valle-d-aosta,Valle d Aosta,valle-d-aosta,https://sagr.it/valle-d-aosta/valle-d-aosta/eventi/fita-di-pomme,,,,,
SagrafavoriteMarchè au fort,,11 ottobre - 12 ottobre 2026,2026-10-11,2026-10-12,Bard,Valle d'Aosta,valle-d-aosta,Valle d Aosta,valle-d-aosta,https://sagr.it/valle-d-aosta/valle-d-aosta/eventi/marche-au-fort,,,,,
"SagrafavoriteLo pan ner, i pani delle Alpi",,18 ottobre - 19 ottobre 2026,2026-10-18,2026-10-19,Valle d'Aosta,Valle d'Aosta,valle-d-aosta,Valle d Aosta,valle-d-aosta,https://sagr.it/valle-d-aosta/valle-d-aosta/eventi/lo-pan-ner-i-pani-delle-alpi,,,,,
SagrafavoriteCastagnata di Lillianes,,24 ottobre - 26 ottobre 2026,2026-10-24,2026-10-26,Lillianes,Valle d'Aosta,valle-d-aosta,Valle d Aosta,valle-d-aosta,https://sagr.it/valle-d-aosta/valle-d-aosta/eventi/castagnata-di-lillianes,,,,,
SagrafavoriteSagra del miele di Châtillon,,24 ottobre - 26 ottobre 2026,2026-10-24,2026-10-26,Châtillon,Valle d'Aosta,valle-d-aosta,Valle d Aosta,valle-d-aosta,https://sagr.it/valle-d-aosta/valle-d-aosta/eventi/sagra-del-miele-di-chatillon,,,,,
SagrafavoriteFesta della micòòula,,5 dicembre - 8 dicembre 2026,2026-12-05,2026-12-08,Hône,Valle d'Aosta,valle-d-aosta,Valle d Aosta,valle-d-aosta,https://sagr.it/valle-d-aosta/valle-d-aosta/eventi/festa-della-micooula,,,,,
FierafavoriteFiera di Sant&rsquo;Orso,,30 gennaio - 31 gennaio 2027,2027-01-30,2027-01-31,Aosta,Valle d'Aosta,valle-d-aosta,Valle d Aosta,valle-d-aosta,https://sagr.it/valle-d-aosta/valle-d-aosta/eventi/fiera-di-sant-orso,,,,,
SagrafavoritePolentada,,1 febbraio 2027,2027-02-01,2027-02-01,Pont-Saint-Martin,Valle d'Aosta,valle-d-aosta,Valle d Aosta,valle-d-aosta,https://sagr.it/valle-d-aosta/valle-d-aosta/eventi/polentada,,,,,
SagrafavoriteSagra del Brocolo,,27 marzo - 29 marzo 2026,2026-03-27,2026-03-29,Novaglie,Veneto,veneto,Padova e Colli Euganei,padova-e-colli-euganei,https://sagr.it/veneto/padova-e-colli-euganei/eventi/sagra-del-brocolo,,,,,
Evento culturalefavoriteFior di Pasqua,,4 aprile - 5 aprile 2026,2026-04-04,2026-04-05,Cittadella,Veneto,veneto,Padova e Colli Euganei,padova-e-colli-euganei,https://sagr.it/veneto/padova-e-colli-euganei/eventi/fior-di-pasqua,,,,,
Festa patronalefavoriteSagra di Primavera a Megliadino San Fidenzio,,5 aprile - 7 aprile 2026,2026-04-05,2026-04-07,Megliadino San Fidenzio,Veneto,veneto,Padova e Colli Euganei,padova-e-colli-euganei,https://sagr.it/veneto/padova-e-colli-euganei/eventi/sagra-di-primavera-a-megliadino-san-fidenzio,,,,,
FierafavoriteFiera di Primavera a Montagnana,,12 aprile 2026,2026-04-12,2026-04-12,Montagnana,Veneto,veneto,Padova e Colli Euganei,padova-e-colli-euganei,https://sagr.it/veneto/padova-e-colli-euganei/eventi/fiera-di-primavera-a-montagnana,,,,,
SagrafavoriteSagra del gnocco,,12 aprile - 25 aprile 2026,2026-04-12,2026-04-25,Teolo,Veneto,veneto,Padova e Colli Euganei,padova-e-colli-euganei,https://sagr.it/veneto/padova-e-colli-euganei/eventi/sagra-del-gnocco,,,,,
SagrafavoriteFesta del Bruscandolo,,16 aprile - 3 maggio 2026,2026-04-16,2026-05-03,San Marco,Veneto,veneto,Padova e Colli Euganei,padova-e-colli-euganei,https://sagr.it/veneto/padova-e-colli-euganei/eventi/festa-del-bruscandolo,,,,,
SagrafavoriteFormaggio in Villa,,17 aprile - 19 aprile 2026,2026-04-17,2026-04-19,Cittadella,Veneto,veneto,Padova e Colli Euganei,padova-e-colli-euganei,https://sagr.it/veneto/padova-e-colli-euganei/eventi/formaggio-in-villa,,,,,
FierafavoriteFesta delle rose di carta,,19 aprile 2026,2026-04-19,2026-04-19,Monticello Conte Otto,Veneto,veneto,Padova e Colli Euganei,padova-e-colli-euganei,https://sagr.it/veneto/padova-e-colli-euganei/eventi/festa-delle-rose-di-carta,,,,,
SagrafavoriteMostra dei vini di Basalghelle - Sagra di San Giorgio,,23 aprile - 10 maggio 2026,2026-04-23,2026-05-10,Basalghelle,Veneto,veneto,Padova e Colli Euganei,padova-e-colli-euganei,https://sagr.it/veneto/padova-e-colli-euganei/eventi/mostra-dei-vini-di-basalghelle-sagra-di-san-giorgio,,,,,
SagrafavoriteFesta dei bigoi al torcio,,24 aprile - 28 aprile 2026,2026-04-24,2026-04-28,Limena,Veneto,veneto,Padova e Colli Euganei,padova-e-colli-euganei,https://sagr.it/veneto/padova-e-colli-euganei/eventi/festa-dei-bigoi-al-torcio,,,,,
SagrafavoriteFesta dell'Asparago,,24 aprile - 10 maggio 2026,2026-04-24,2026-05-10,Codevigo,Veneto,veneto,Padova e Colli Euganei,padova-e-colli-euganei,https://sagr.it/veneto/padova-e-colli-euganei/eventi/festa-dell-asparago-moor2dwa,,,,,
SagrafavoriteMostra dell'asparago di Badoere IGP,,24 aprile - 3 maggio 2026,2026-04-24,2026-05-03,Badoere,Veneto,veneto,Padova e Colli Euganei,padova-e-colli-euganei,https://sagr.it/veneto/padova-e-colli-euganei/eventi/mostra-dell-asparago-di-badoere-igp,,,,,
SagrafavoriteFesta della quaglia,,25 aprile - 3 maggio 2026,2026-04-25,2026-05-03,Villaganzerla,Veneto,veneto,Padova e Colli Euganei,padova-e-colli-euganei,https://sagr.it/veneto/padova-e-colli-euganei/eventi/festa-della-quaglia,,,,,
SagrafavoriteFesta della soppressa,,25 aprile - 27 aprile 2026,2026-04-25,2026-04-27,San Luca,Veneto,veneto,Padova e Colli Euganei,padova-e-colli-euganei,https://sagr.it/veneto/padova-e-colli-euganei/eventi/festa-della-soppressa,,,,,
MercatofavoritePiove di Sacco in fiore,,26 aprile 2026,2026-04-26,2026-04-26,Piove di Sacco,Veneto,veneto,Padova e Colli Euganei,padova-e-colli-euganei,https://sagr.it/veneto/padova-e-colli-euganei/eventi/piove-di-sacco-in-fiore,,,,,
SagrafavoriteFesta della Fragola Bonavigo,,30 aprile - 4 maggio 2026,2026-04-30,2026-05-04,Bonavigo,Veneto,veneto,Padova e Colli Euganei,padova-e-colli-euganei,https://sagr.it/veneto/padova-e-colli-euganei/eventi/festa-della-fragola-bonavigo,,,,,
Evento culturalefavoriteMejaniga in Fiore,,1 maggio - 10 maggio 2026,2026-05-01,2026-05-10,Cadoneghe,Veneto,veneto,Padova e Colli Euganei,padova-e-colli-euganei,https://sagr.it/veneto/padova-e-colli-euganei/eventi/mejaniga-in-fiore,,,,,
SagrafavoriteFesta dell'asparago,,1 maggio - 17 maggio 2026,2026-05-01,2026-05-17,Pernumia,Veneto,veneto,Padova e Colli Euganei,padova-e-colli-euganei,https://sagr.it/veneto/padova-e-colli-euganei/eventi/festa-dell-asparago,,,,,
SagrafavoriteFesta dei bigoli,,3 maggio - 25 maggio 2026,2026-05-03,2026-05-25,Carbonara,Veneto,veneto,Padova e Colli Euganei,padova-e-colli-euganei,https://sagr.it/veneto/padova-e-colli-euganei/eventi/festa-dei-bigoli,,,,,
"SagrafavoriteFesta della fragola, dell'ortofrutta e dei fiori",,8 maggio - 17 maggio 2026,2026-05-08,2026-05-17,Camposampiero,Veneto,veneto,Padova e Colli Euganei,padova-e-colli-euganei,https://sagr.it/veneto/padova-e-colli-euganei/eventi/festa-della-fragola-dell-ortofrutta-e-dei-fiori,,,,,
SagrafavoriteSagra della Bondola,,8 maggio - 17 maggio 2026,2026-05-08,2026-05-17,Torrebelvicino,Veneto,veneto,Padova e Colli Euganei,padova-e-colli-euganei,https://sagr.it/veneto/padova-e-colli-euganei/eventi/sagra-della-bondola,,,,,
SagrafavoriteFesta del pesce azzurro,,9 maggio - 24 maggio 2026,2026-05-09,2026-05-24,Meduna di Livenza,Veneto,veneto,Padova e Colli Euganei,padova-e-colli-euganei,https://sagr.it/veneto/padova-e-colli-euganei/eventi/festa-del-pesce-azzurro,,,,,
SagrafavoriteFesta dell'asparago di Badoere IGP e della fragola,,9 maggio - 18 maggio 2026,2026-05-09,2026-05-18,Gardigiano,Veneto,veneto,Padova e Colli Euganei,padova-e-colli-euganei,https://sagr.it/veneto/padova-e-colli-euganei/eventi/festa-dell-asparago-di-badoere-igp-e-della-fragola,,,,,
SagrafavoriteProsciutto Veneto DOP &ndash; Esperienze di Gusto,,14 maggio - 24 maggio 2026,2026-05-14,2026-05-24,Montagnana,Veneto,veneto,Padova e Colli Euganei,padova-e-colli-euganei,https://sagr.it/veneto/padova-e-colli-euganei/eventi/prosciutto-veneto-dop-esperienze-di-gusto,,,,,
SagrafavoriteFesta dei Bisi de Pozzolo,,15 maggio - 17 maggio 2026,2026-05-15,2026-05-17,Villaga,Veneto,veneto,Padova e Colli Euganei,padova-e-colli-euganei,https://sagr.it/veneto/padova-e-colli-euganei/eventi/festa-dei-bisi-de-pozzolo,,,,,
SagrafavoriteFesta dei Bisi di Baone,,15 maggio - 19 maggio 2026,2026-05-15,2026-05-19,Baone,Veneto,veneto,Padova e Colli Euganei,padova-e-colli-euganei,https://sagr.it/veneto/padova-e-colli-euganei/eventi/festa-dei-bisi-di-baone,,,,,
Festa patronalefavoriteFesta di Primavera Albignasego,,17 maggio 2026,2026-05-17,2026-05-17,Albignasego,Veneto,veneto,Padova e Colli Euganei,padova-e-colli-euganei,https://sagr.it/veneto/padova-e-colli-euganei/eventi/festa-di-primavera-albignasego,,,,,
SagrafavoriteSagra di San Giuseppe Festa delle erbe spontanee,,17 maggio - 18 maggio 2026,2026-05-17,2026-05-18,Monte di Malo,Veneto,veneto,Padova e Colli Euganei,padova-e-colli-euganei,https://sagr.it/veneto/padova-e-colli-euganei/eventi/sagra-di-san-giuseppe-festa-delle-erbe-spontanee,,,,,
SagrafavoriteFesta delle ciliegie,,20 maggio - 2 giugno 2026,2026-05-20,2026-06-02,Marostica,Veneto,veneto,Padova e Colli Euganei,padova-e-colli-euganei,https://sagr.it/veneto/padova-e-colli-euganei/eventi/festa-delle-ciliegie-mnab6ssr,,,,,
SagrafavoriteFesta delle rane,,21 maggio - 31 maggio 2026,2026-05-21,2026-05-31,Santa Lucia di Piave,Veneto,veneto,Padova e Colli Euganei,padova-e-colli-euganei,https://sagr.it/veneto/padova-e-colli-euganei/eventi/festa-delle-rane,,,,,
SagrafavoriteSagra della tagliata,,22 maggio - 26 maggio 2026,2026-05-22,2026-05-26,Setteca',Veneto,veneto,Padova e Colli Euganei,padova-e-colli-euganei,https://sagr.it/veneto/padova-e-colli-euganei/eventi/sagra-della-tagliata,,,,,
Evento culturalefavoriteFesta di Maggio Breganze,,23 maggio - 24 maggio 2026,2026-05-23,2026-05-24,Breganze,Veneto,veneto,Padova e Colli Euganei,padova-e-colli-euganei,https://sagr.it/veneto/padova-e-colli-euganei/eventi/festa-di-maggio-breganze,,,,,
SagrafavoriteFesta dei Bisi,,23 maggio - 2 giugno 2026,2026-05-23,2026-06-02,Peseggia,Veneto,veneto,Padova e Colli Euganei,padova-e-colli-euganei,https://sagr.it/veneto/padova-e-colli-euganei/eventi/festa-dei-bisi-mnab6t2c,,,,,
SagrafavoriteFesta della ciliegia Sandra,,23 maggio - 24 maggio 2026,2026-05-23,2026-05-24,Pianezze,Veneto,veneto,Padova e Colli Euganei,padova-e-colli-euganei,https://sagr.it/veneto/padova-e-colli-euganei/eventi/festa-della-ciliegia-sandra,,,,,
SagrafavoriteFestival dei Bigoi,,23 maggio - 31 maggio 2026,2026-05-23,2026-05-31,Torreglia,Veneto,veneto,Padova e Colli Euganei,padova-e-colli-euganei,https://sagr.it/veneto/padova-e-colli-euganei/eventi/festival-dei-bigoi,,,,,
SagrafavoriteFestival dei Bigoli,,23 maggio - 31 maggio 2026,2026-05-23,2026-05-31,Torreglia,Veneto,veneto,Padova e Colli Euganei,padova-e-colli-euganei,https://sagr.it/veneto/padova-e-colli-euganei/eventi/festival-dei-bigoli,,,,,
SagrafavoriteFesta del Pescegatto,,24 maggio - 1 giugno 2026,2026-05-24,2026-06-01,Mossano,Veneto,veneto,Padova e Colli Euganei,padova-e-colli-euganei,https://sagr.it/veneto/padova-e-colli-euganei/eventi/festa-del-pescegatto,,,,,
SagrafavoriteFesta del Gnocco Fritto,,28 maggio - 7 giugno 2026,2026-05-28,2026-06-07,Campodoro,Veneto,veneto,Padova e Colli Euganei,padova-e-colli-euganei,https://sagr.it/veneto/padova-e-colli-euganei/eventi/festa-del-gnocco-fritto,,,,,
SagrafavoriteFesta dea siaresa,,29 maggio - 7 giugno 2026,2026-05-29,2026-06-07,Castegnero,Veneto,veneto,Padova e Colli Euganei,padova-e-colli-euganei,https://sagr.it/veneto/padova-e-colli-euganei/eventi/festa-dea-siaresa,,,,,
SagrafavoriteFesta dei Bisi,,29 maggio - 8 giugno 2026,2026-05-29,2026-06-08,Baone,Veneto,veneto,Padova e Colli Euganei,padova-e-colli-euganei,https://sagr.it/veneto/padova-e-colli-euganei/eventi/festa-dei-bisi,,,,,
SagrafavoriteFesta del cavallo,,29 maggio - 8 giugno 2026,2026-05-29,2026-06-08,Legnaro,Veneto,veneto,Padova e Colli Euganei,padova-e-colli-euganei,https://sagr.it/veneto/padova-e-colli-euganei/eventi/festa-del-cavallo,,,,,
SagrafavoriteSagra di Giugno,,30 maggio - 14 giugno 2026,2026-05-30,2026-06-14,Albignasego,Veneto,veneto,Padova e Colli Euganei,padova-e-colli-euganei,https://sagr.it/veneto/padova-e-colli-euganei/eventi/sagra-di-giugno,,,,,
SagrafavoriteSagra dell'Ortica a Marola,,1 giugno - 30 giugno 2026,2026-06-01,2026-06-30,Marola,Veneto,veneto,Padova e Colli Euganei,padova-e-colli-euganei,https://sagr.it/veneto/padova-e-colli-euganei/eventi/sagra-dell-ortica-a-marola,,,,,
Festa patronalefavoriteFesta di Sant'Antonio,,2 giugno - 21 giugno 2026,2026-06-02,2026-06-21,Sasso di Asiago,Veneto,veneto,Padova e Colli Euganei,padova-e-colli-euganei,https://sagr.it/veneto/padova-e-colli-euganei/eventi/festa-di-sant-antonio,,,,,
SagrafavoriteSagra del bisateo,,4 giugno - 21 giugno 2026,2026-06-04,2026-06-21,Piove di Sacco,Veneto,veneto,Padova e Colli Euganei,padova-e-colli-euganei,https://sagr.it/veneto/padova-e-colli-euganei/eventi/sagra-del-bisateo,,,,,
SagrafavoriteFesta del Melone,,5 giugno - 8 giugno 2026,2026-06-05,2026-06-08,Minerbe,Veneto,veneto,Padova e Colli Euganei,padova-e-colli-euganei,https://sagr.it/veneto/padova-e-colli-euganei/eventi/festa-del-melone,,,,,
Festa patronalefavoriteFeste San Paoline,,9 giugno - 29 giugno 2026,2026-06-09,2026-06-29,Padova,Veneto,veneto,Padova e Colli Euganei,padova-e-colli-euganei,https://sagr.it/veneto/padova-e-colli-euganei/eventi/feste-san-paoline,,,,,
SagrafavoriteSagra del Portello,,11 giugno - 14 giugno 2026,2026-06-11,2026-06-14,Padova,Veneto,veneto,Padova e Colli Euganei,padova-e-colli-euganei,https://sagr.it/veneto/padova-e-colli-euganei/eventi/sagra-del-portello,,,,,
Festa patronalefavoriteSagra di Giarre,,12 giugno - 28 giugno 2026,2026-06-12,2026-06-28,Abano Terme,Veneto,veneto,Padova e Colli Euganei,padova-e-colli-euganei,https://sagr.it/veneto/padova-e-colli-euganei/eventi/sagra-di-giarre,,,,,
SagrafavoriteBelvedere in Festa,,12 giugno - 17 giugno 2026,2026-06-12,2026-06-17,Tezze sul Brenta,Veneto,veneto,Padova e Colli Euganei,padova-e-colli-euganei,https://sagr.it/veneto/padova-e-colli-euganei/eventi/belvedere-in-festa,,,,,
"SagrafavoriteBigoli, Schissoto e Vin S-Ciaveto",,12 giugno - 21 giugno 2026,2026-06-12,2026-06-21,Lozzo Atestino,Veneto,veneto,Padova e Colli Euganei,padova-e-colli-euganei,https://sagr.it/veneto/padova-e-colli-euganei/eventi/bigoli-schissoto-e-vin-s-ciaveto,,,,,
Evento culturalefavoriteNote di Colori,,13 giugno 2026,2026-06-13,2026-06-13,Cittadella,Veneto,veneto,Padova e Colli Euganei,padova-e-colli-euganei,https://sagr.it/veneto/padova-e-colli-euganei/eventi/note-di-colori,,,,,
RievocazionefavoriteFesta della Trebbiatura,,19 giugno - 21 giugno 2026,2026-06-19,2026-06-21,Campodarsego,Veneto,veneto,Padova e Colli Euganei,padova-e-colli-euganei,https://sagr.it/veneto/padova-e-colli-euganei/eventi/festa-della-trebbiatura-mq9mb8e9,,,,,
"SagrafavoriteFesta dei Bigoli, Schissotto e vin s-ciaveto",,19 giugno - 21 giugno 2026,2026-06-19,2026-06-21,Lozzo Atestino,Veneto,veneto,Padova e Colli Euganei,padova-e-colli-euganei,https://sagr.it/veneto/padova-e-colli-euganei/eventi/festa-dei-bigoli-schissotto-e-vin-s-ciaveto,,,,,
SagrafavoriteSagra dell'Ortica,,19 giugno - 23 giugno 2026,2026-06-19,2026-06-23,Torri di Quartesolo,Veneto,veneto,Padova e Colli Euganei,padova-e-colli-euganei,https://sagr.it/veneto/padova-e-colli-euganei/eventi/sagra-dell-ortica-mq9mb8h6,,,,,
SagrafavoriteSagra di Bigul al Torc,,19 giugno - 28 giugno 2026,2026-06-19,2026-06-28,Canaro,Veneto,veneto,Padova e Colli Euganei,padova-e-colli-euganei,https://sagr.it/veneto/padova-e-colli-euganei/eventi/sagra-di-bigul-al-torc,,,,,
SagrafavoriteSagra di San Lorenzo,,20 giugno - 5 luglio 2026,2026-06-20,2026-07-05,Padova,Veneto,veneto,Padova e Colli Euganei,padova-e-colli-euganei,https://sagr.it/veneto/padova-e-colli-euganei/eventi/sagra-di-san-lorenzo,,,,,
Evento culturalefavoriteAperitivo del Giovedì,,25 giugno - 24 settembre 2026,2026-06-25,2026-09-24,Rovigo,Veneto,veneto,Padova e Colli Euganei,padova-e-colli-euganei,https://sagr.it/veneto/padova-e-colli-euganei/eventi/aperitivo-del-giovedi,,,,,
SagrafavoriteBufala Fest Padova,,25 giugno - 28 giugno 2026,2026-06-25,2026-06-28,Padova,Veneto,veneto,Padova e Colli Euganei,padova-e-colli-euganei,https://sagr.it/veneto/padova-e-colli-euganei/eventi/bufala-fest-padova,,,,,
SagrafavoriteSagra di S.S. Pietro e Paolo - Festa del Pescatore,,25 giugno - 29 giugno 2026,2026-06-25,2026-06-29,Porto Tolle,Veneto,veneto,Padova e Colli Euganei,padova-e-colli-euganei,https://sagr.it/veneto/padova-e-colli-euganei/eventi/sagra-di-s-s-pietro-e-paolo-festa-del-pescatore,,,,,
Festa patronalefavoriteSagra di San Luigi a Treschè Conca,,26 giugno - 28 giugno 2026,2026-06-26,2026-06-28,Roana,Veneto,veneto,Padova e Colli Euganei,padova-e-colli-euganei,https://sagr.it/veneto/padova-e-colli-euganei/eventi/sagra-di-san-luigi-a-tresche-conca,,,,,
SagrafavoriteFesta della Bontà di Bufala,,26 giugno - 5 luglio 2026,2026-06-26,2026-07-05,Terrassa Padovana,Veneto,veneto,Padova e Colli Euganei,padova-e-colli-euganei,https://sagr.it/veneto/padova-e-colli-euganei/eventi/festa-della-bonta-di-bufala,,,,,
SagrafavoriteMolvena Hills - Sagra del Prezioso,,26 giugno - 29 giugno 2026,2026-06-26,2026-06-29,Molvena,Veneto,veneto,Padova e Colli Euganei,padova-e-colli-euganei,https://sagr.it/veneto/padova-e-colli-euganei/eventi/molvena-hills-sagra-del-prezioso,,,,,
"SagrafavoriteSagra dei SS. Pietro e Paolo, Festa delle Rane - Gazzo",,26 giugno - 29 giugno 2026,2026-06-26,2026-06-29,Gazzo,Veneto,veneto,Padova e Colli Euganei,padova-e-colli-euganei,https://sagr.it/veneto/padova-e-colli-euganei/eventi/sagra-dei-ss-pietro-e-paolo-festa-delle-rane-gazzo,,,,,
SagrafavoriteSagra di Rozzampia,,26 giugno - 5 luglio 2026,2026-06-26,2026-07-05,Thiene,Veneto,veneto,Padova e Colli Euganei,padova-e-colli-euganei,https://sagr.it/veneto/padova-e-colli-euganei/eventi/sagra-di-rozzampia,,,,,
RievocazionefavoritePalio dell'Asino,,27 giugno - 28 giugno 2026,2026-06-27,2026-06-28,Mestrino,Veneto,veneto,Padova e Colli Euganei,padova-e-colli-euganei,https://sagr.it/veneto/padova-e-colli-euganei/eventi/palio-dell-asino,,,,,
SagrafavoriteFesta della Birra,,2 luglio - 11 luglio 2026,2026-07-02,2026-07-11,Rovigo,Veneto,veneto,Padova e Colli Euganei,padova-e-colli-euganei,https://sagr.it/veneto/padova-e-colli-euganei/eventi/festa-della-birra-mqxvgk48,,,,,
FestivalfavoriteOnara Beer,Festival,3 luglio - 12 luglio 2026,2026-07-03,2026-07-12,Tombolo,Veneto,veneto,Padova e Colli Euganei,padova-e-colli-euganei,https://sagr.it/veneto/padova-e-colli-euganei/eventi/onara-beer-festival,,,,,
SagrafavoriteFesta della Pinza alla Munara,,3 luglio - 4 luglio 2026,2026-07-03,2026-07-04,Stienta,Veneto,veneto,Padova e Colli Euganei,padova-e-colli-euganei,https://sagr.it/veneto/padova-e-colli-euganei/eventi/festa-della-pinza-alla-munara,,,,,
SagrafavoriteFesta della Tosella a Gazzo,,3 luglio - 7 luglio 2026,2026-07-03,2026-07-07,Gazzo,Veneto,veneto,Padova e Colli Euganei,padova-e-colli-euganei,https://sagr.it/veneto/padova-e-colli-euganei/eventi/festa-della-tosella-a-gazzo,,,,,
SagrafavoriteValnogaredo in Festa - Paninando,,3 luglio - 19 luglio 2026,2026-07-03,2026-07-19,Cinto Euganeo,Veneto,veneto,Padova e Colli Euganei,padova-e-colli-euganei,https://sagr.it/veneto/padova-e-colli-euganei/eventi/valnogaredo-in-festa-paninando,,,,,
Evento culturalefavoriteNotte Bianca Montegrotto Terme,,4 luglio 2026,2026-07-04,2026-07-04,Montegrotto Terme,Veneto,veneto,Padova e Colli Euganei,padova-e-colli-euganei,https://sagr.it/veneto/padova-e-colli-euganei/eventi/notte-bianca-montegrotto-terme,,,,,
Evento culturalefavoriteNotte Bianca a Ponte San Nicolò,,10 luglio 2026,2026-07-10,2026-07-10,Ponte San Nicolò,Veneto,veneto,Padova e Colli Euganei,padova-e-colli-euganei,https://sagr.it/veneto/padova-e-colli-euganei/eventi/notte-bianca-a-ponte-san-nicolo,,,,,
Festa patronalefavoriteSagra del Carmine Villatora,,10 luglio - 14 luglio 2026,2026-07-10,2026-07-14,Saonara,Veneto,veneto,Padova e Colli Euganei,padova-e-colli-euganei,https://sagr.it/veneto/padova-e-colli-euganei/eventi/sagra-del-carmine-villatora,,,,,
SagrafavoriteSagra del Pomodoro,,10 luglio - 15 luglio 2026,2026-07-10,2026-07-15,Borgoricco,Veneto,veneto,Padova e Colli Euganei,padova-e-colli-euganei,https://sagr.it/veneto/padova-e-colli-euganei/eventi/sagra-del-pomodoro-mqt9i3om,,,,,
SagrafavoriteSagra di S.Maria Maddalena e S.Giacomo,,10 luglio - 14 luglio 2026,2026-07-10,2026-07-14,Galliera Veneta,Veneto,veneto,Padova e Colli Euganei,padova-e-colli-euganei,https://sagr.it/veneto/padova-e-colli-euganei/eventi/sagra-di-s-maria-maddalena-e-s-giacomo,,,,,
Festa patronalefavoriteAntica Sagra Madonna del Carmine,,15 luglio - 21 luglio 2026,2026-07-15,2026-07-21,Pieve di Curtarolo,Veneto,veneto,Padova e Colli Euganei,padova-e-colli-euganei,https://sagr.it/veneto/padova-e-colli-euganei/eventi/antica-sagra-madonna-del-carmine,,,,,
SagrafavoriteSagra del Carmine,,16 luglio - 21 luglio 2026,2026-07-16,2026-07-21,Vigonza,Veneto,veneto,Padova e Colli Euganei,padova-e-colli-euganei,https://sagr.it/veneto/padova-e-colli-euganei/eventi/sagra-del-carmine,,,,,
SagrafavoriteSagra del Melone,,17 luglio - 22 luglio 2026,2026-07-17,2026-07-22,Massanzago,Veneto,veneto,Padova e Colli Euganei,padova-e-colli-euganei,https://sagr.it/veneto/padova-e-colli-euganei/eventi/sagra-del-melone-mqt9i3pz,,,,,
SagrafavoriteSagra di Piane,,17 luglio - 19 luglio 2026,2026-07-17,2026-07-19,Schio,Veneto,veneto,Padova e Colli Euganei,padova-e-colli-euganei,https://sagr.it/veneto/padova-e-colli-euganei/eventi/sagra-di-piane,,,,,
SagrafavoriteSagra di Sant'Anna,,17 luglio - 27 luglio 2026,2026-07-17,2026-07-27,Casoni di Mussolente,Veneto,veneto,Padova e Colli Euganei,padova-e-colli-euganei,https://sagr.it/veneto/padova-e-colli-euganei/eventi/sagra-di-sant-anna,,,,,
Evento culturalefavoriteSapori – Saperi – Serenità,,18 luglio 2026,2026-07-18,2026-07-18,Cittadella,Veneto,veneto,Padova e Colli Euganei,padova-e-colli-euganei,https://sagr.it/veneto/padova-e-colli-euganei/eventi/sapori-saperi-serenita,,,,,
SagrafavoriteAntica Sagra San Giacomo e Festa del Riso al Pisto e Anitra al Forno,,24 luglio - 29 luglio 2026,2026-07-24,2026-07-29,Villafranca Padovana,Veneto,veneto,Padova e Colli Euganei,padova-e-colli-euganei,https://sagr.it/veneto/padova-e-colli-euganei/eventi/antica-sagra-san-giacomo-e-festa-del-riso-al-pisto-e-anitra-al-forno,,,,,
SagrafavoriteAntica Sagra di San Giacomo,,24 luglio - 29 luglio 2026,2026-07-24,2026-07-29,Ronchi di Campanile,Veneto,veneto,Padova e Colli Euganei,padova-e-colli-euganei,https://sagr.it/veneto/padova-e-colli-euganei/eventi/antica-sagra-di-san-giacomo,,,,,
SagrafavoriteFesta del vin,,24 luglio - 30 luglio 2026,2026-07-24,2026-07-30,Campodarsego,Veneto,veneto,Padova e Colli Euganei,padova-e-colli-euganei,https://sagr.it/veneto/padova-e-colli-euganei/eventi/festa-del-vin,,,,,
SagrafavoriteSagra del pomodoro,,29 luglio - 2 agosto 2026,2026-07-29,2026-08-02,Borgoricco,Veneto,veneto,Padova e Colli Euganei,padova-e-colli-euganei,https://sagr.it/veneto/padova-e-colli-euganei/eventi/sagra-del-pomodoro,,,,,
SagrafavoriteAgosto Donadese,,12 agosto - 15 agosto 2026,2026-08-12,2026-08-15,Porto Viro,Veneto,veneto,Padova e Colli Euganei,padova-e-colli-euganei,https://sagr.it/veneto/padova-e-colli-euganei/eventi/agosto-donadese,,,,,
SagrafavoriteSagra del melone,,16 agosto - 17 agosto 2026,2026-08-16,2026-08-17,Massanzago-ca' Baglioni,Veneto,veneto,Padova e Colli Euganei,padova-e-colli-euganei,https://sagr.it/veneto/padova-e-colli-euganei/eventi/sagra-del-melone,,,,,
SagrafavoriteSagra dell'avannotto,,22 agosto - 24 agosto 2026,2026-08-22,2026-08-24,Lanzè,Veneto,veneto,Padova e Colli Euganei,padova-e-colli-euganei,https://sagr.it/veneto/padova-e-colli-euganei/eventi/sagra-dell-avannotto,,,,,
SagrafavoriteFesta dei sapori e delle tradizioni,,19 settembre - 21 settembre 2026,2026-09-19,2026-09-21,Terrassa Padovana,Veneto,veneto,Padova e Colli Euganei,padova-e-colli-euganei,https://sagr.it/veneto/padova-e-colli-euganei/eventi/festa-dei-sapori-e-delle-tradizioni,,,,,
SagrafavoriteFesta della patata americana,,19 settembre - 28 settembre 2026,2026-09-19,2026-09-28,Anguillara Veneta,Veneto,veneto,Padova e Colli Euganei,padova-e-colli-euganei,https://sagr.it/veneto/padova-e-colli-euganei/eventi/festa-della-patata-americana,,,,,
SagrafavoriteFesta dea Panocia,,20 settembre - 21 settembre 2026,2026-09-20,2026-09-21,Vigonza,Veneto,veneto,Padova e Colli Euganei,padova-e-colli-euganei,https://sagr.it/veneto/padova-e-colli-euganei/eventi/festa-dea-panocia,,,,,
SagrafavoriteFesta del Radicchio di Conche,,25 settembre - 11 ottobre 2026,2026-09-25,2026-10-11,Conche,Veneto,veneto,Padova e Colli Euganei,padova-e-colli-euganei,https://sagr.it/veneto/padova-e-colli-euganei/eventi/festa-del-radicchio-di-conche,,,,,
SagrafavoriteFesta dei funghi Pioppini,,3 ottobre - 6 ottobre 2026,2026-10-03,2026-10-06,Costozza,Veneto,veneto,Padova e Colli Euganei,padova-e-colli-euganei,https://sagr.it/veneto/padova-e-colli-euganei/eventi/festa-dei-funghi-pioppini,,,,,
SagrafavoriteFesta dea Suca,,4 ottobre - 5 ottobre 2026,2026-10-04,2026-10-05,Cittadella,Veneto,veneto,Padova e Colli Euganei,padova-e-colli-euganei,https://sagr.it/veneto/padova-e-colli-euganei/eventi/festa-dea-suca,,,,,
SagrafavoriteFesta delle Giuggiole,,5 ottobre - 12 ottobre 2026,2026-10-05,2026-10-12,Arquà Petrarca,Veneto,veneto,Padova e Colli Euganei,padova-e-colli-euganei,https://sagr.it/veneto/padova-e-colli-euganei/eventi/festa-delle-giuggiole,,,,,
SagrafavoriteFesta della zucca e dei fiori d’autunno,,19 ottobre 2026,2026-10-19,2026-10-19,Montagnana,Veneto,veneto,Padova e Colli Euganei,padova-e-colli-euganei,https://sagr.it/veneto/padova-e-colli-euganei/eventi/festa-della-zucca-e-dei-fiori-d-autunno,,,,,
SagrafavoriteFiera del Folpo,,23 ottobre - 28 ottobre 2026,2026-10-23,2026-10-28,Noventa Padovana,Veneto,veneto,Padova e Colli Euganei,padova-e-colli-euganei,https://sagr.it/veneto/padova-e-colli-euganei/eventi/fiera-del-folpo,,,,,
SagrafavoriteFesta della zucca,,25 ottobre - 26 ottobre 2026,2026-10-25,2026-10-26,Montegaldella - Ghizzole,Veneto,veneto,Padova e Colli Euganei,padova-e-colli-euganei,https://sagr.it/veneto/padova-e-colli-euganei/eventi/festa-della-zucca,,,,,
SagrafavoriteMostra dei vini dei colli Euganei,,26 ottobre - 9 novembre 2026,2026-10-26,2026-11-09,Torreglia,Veneto,veneto,Padova e Colli Euganei,padova-e-colli-euganei,https://sagr.it/veneto/padova-e-colli-euganei/eventi/mostra-dei-vini-dei-colli-euganei,,,,,
SagrafavoriteFiera della gallina di Polverara,,28 novembre - 8 dicembre 2026,2026-11-28,2026-12-08,Polverara,Veneto,veneto,Padova e Colli Euganei,padova-e-colli-euganei,https://sagr.it/veneto/padova-e-colli-euganei/eventi/fiera-della-gallina-di-polverara,,,,,
SagrafavoriteFesta della verza e del bollito,,5 febbraio - 15 febbraio 2027,2027-02-05,2027-02-15,Campodoro,Veneto,veneto,Padova e Colli Euganei,padova-e-colli-euganei,https://sagr.it/veneto/padova-e-colli-euganei/eventi/festa-della-verza-e-del-bollito,,,,,
SagrafavoriteFesta della renga,,18 febbraio 2027,2027-02-18,2027-02-18,Tamai,Veneto,veneto,Padova e Colli Euganei,padova-e-colli-euganei,https://sagr.it/veneto/padova-e-colli-euganei/eventi/festa-della-renga,,,,,
SagrafavoriteFesta del Vino San Cassiano,,27 marzo - 12 aprile 2026,2026-03-27,2026-04-12,San Cassiano di Livenza,Veneto,veneto,Prosecco e Asolo,prosecco-e-asolo,https://sagr.it/veneto/prosecco-e-asolo/eventi/festa-del-vino-san-cassiano,,,,,
MercatofavoriteColori e Sapori di Primavera,,29 marzo 2026,2026-03-29,2026-03-29,Quinto di Treviso,Veneto,veneto,Prosecco e Asolo,prosecco-e-asolo,https://sagr.it/veneto/prosecco-e-asolo/eventi/colori-e-sapori-di-primavera,,,,,
SagrafavoriteTarz... Eggiando,,29 marzo - 9 maggio 2026,2026-03-29,2026-05-09,Tarzo,Veneto,veneto,Prosecco e Asolo,prosecco-e-asolo,https://sagr.it/veneto/prosecco-e-asolo/eventi/tarz-eggiando,,,,,
SagrafavoriteMostra del Valdobbiadene DOCG,,8 aprile - 26 aprile 2026,2026-04-08,2026-04-26,Valdobbiadene,Veneto,veneto,Prosecco e Asolo,prosecco-e-asolo,https://sagr.it/veneto/prosecco-e-asolo/eventi/mostra-del-valdobbiadene-docg,,,,,
Evento culturalefavoriteDi Rara Pianta,,11 aprile - 12 aprile 2026,2026-04-11,2026-04-12,Bassano del Grappa,Veneto,veneto,Prosecco e Asolo,prosecco-e-asolo,https://sagr.it/veneto/prosecco-e-asolo/eventi/di-rara-pianta,,,,,
SagrafavoriteMostra del Cartizze e Valdobbiadene DOCG,,23 aprile - 3 maggio 2026,2026-04-23,2026-05-03,Valdobbiadene,Veneto,veneto,Prosecco e Asolo,prosecco-e-asolo,https://sagr.it/veneto/prosecco-e-asolo/eventi/mostra-del-cartizze-e-valdobbiadene-docg,,,,,
SagrafavoriteMostra dell'Asparago di Badoere IGP,,24 aprile - 3 maggio 2026,2026-04-24,2026-05-03,Morgano,Veneto,veneto,Prosecco e Asolo,prosecco-e-asolo,https://sagr.it/veneto/prosecco-e-asolo/eventi/mostra-dell-asparago-di-badoere-igp-moor2czp,,,,,
SagrafavoriteMostra interprovinciale dell'asparago bianco di Cimadolmo IGP,,24 aprile - 3 maggio 2026,2026-04-24,2026-05-03,Cimadolmo,Veneto,veneto,Prosecco e Asolo,prosecco-e-asolo,https://sagr.it/veneto/prosecco-e-asolo/eventi/mostra-interprovinciale-dell-asparago-bianco-di-cimadolmo-igp,,,,,
RievocazionefavoriteOmbra delle Mura,,9 maggio 2026,2026-05-09,2026-05-09,Castelfranco Veneto,Veneto,veneto,Prosecco e Asolo,prosecco-e-asolo,https://sagr.it/veneto/prosecco-e-asolo/eventi/ombra-delle-mura,,,,,
Evento culturalefavoriteSagra delle Rose,,27 maggio - 8 giugno 2026,2026-05-27,2026-06-08,Treviso,Veneto,veneto,Prosecco e Asolo,prosecco-e-asolo,https://sagr.it/veneto/prosecco-e-asolo/eventi/sagra-delle-rose,,,,,
SagrafavoriteSagra di San Luigi in Alvisopoli,,29 maggio - 14 giugno 2026,2026-05-29,2026-06-14,Alvisopoli,Veneto,veneto,Prosecco e Asolo,prosecco-e-asolo,https://sagr.it/veneto/prosecco-e-asolo/eventi/sagra-di-san-luigi-in-alvisopoli,,,,,
SagrafavoriteMostra della ciliegia di Maser De.Co.,,31 maggio 2026,2026-05-31,2026-05-31,Maser,Veneto,veneto,Prosecco e Asolo,prosecco-e-asolo,https://sagr.it/veneto/prosecco-e-asolo/eventi/mostra-della-ciliegia-di-maser-de-co,,,,,
Street FoodfavoriteFish'n'Fest,,4 giugno - 14 giugno 2026,2026-06-04,2026-06-14,Treviso,Veneto,veneto,Prosecco e Asolo,prosecco-e-asolo,https://sagr.it/veneto/prosecco-e-asolo/eventi/fish-n-fest,,,,,
RievocazionefavoriteCastello in festa,,5 giugno - 14 giugno 2026,2026-06-05,2026-06-14,Caneva,Veneto,veneto,Prosecco e Asolo,prosecco-e-asolo,https://sagr.it/veneto/prosecco-e-asolo/eventi/castello-in-festa,,,,,
Festa patronalefavoriteFesteggiamenti S.S. Pietro e Paolo,,19 giugno - 29 giugno 2026,2026-06-19,2026-06-29,Soligo,Veneto,veneto,Prosecco e Asolo,prosecco-e-asolo,https://sagr.it/veneto/prosecco-e-asolo/eventi/festeggiamenti-s-s-pietro-e-paolo,,,,,
Festa patronalefavoriteFesteggiamenti di San Pierin a Scomigo,,19 giugno - 29 giugno 2026,2026-06-19,2026-06-29,Scomigo di Conegliano,Veneto,veneto,Prosecco e Asolo,prosecco-e-asolo,https://sagr.it/veneto/prosecco-e-asolo/eventi/festeggiamenti-di-san-pierin-a-scomigo,,,,,
Festa patronalefavoriteSagra di San Giovanni,,19 giugno - 24 giugno 2026,2026-06-19,2026-06-24,Canale d'Agordo,Veneto,veneto,Prosecco e Asolo,prosecco-e-asolo,https://sagr.it/veneto/prosecco-e-asolo/eventi/sagra-di-san-giovanni-mq9mb7pe,,,,,
SagrafavoriteSagra Dee Teghe,,19 giugno - 28 giugno 2026,2026-06-19,2026-06-28,Gaiarine,Veneto,veneto,Prosecco e Asolo,prosecco-e-asolo,https://sagr.it/veneto/prosecco-e-asolo/eventi/sagra-dee-teghe,,,,,
RievocazionefavoritePalio del Batar Panoce,,20 giugno - 29 giugno 2026,2026-06-20,2026-06-29,Trevignano,Veneto,veneto,Prosecco e Asolo,prosecco-e-asolo,https://sagr.it/veneto/prosecco-e-asolo/eventi/palio-del-batar-panoce,,,,,
Festa patronalefavoriteSagra di San Pietro,,25 giugno - 29 giugno 2026,2026-06-25,2026-06-29,Fonte Alto,Veneto,veneto,Prosecco e Asolo,prosecco-e-asolo,https://sagr.it/veneto/prosecco-e-asolo/eventi/sagra-di-san-pietro,,,,,
SagrafavoriteSagra dei S'cios,,9 luglio - 19 luglio 2026,2026-07-09,2026-07-19,Quero Vas,Veneto,veneto,Prosecco e Asolo,prosecco-e-asolo,https://sagr.it/veneto/prosecco-e-asolo/eventi/sagra-dei-s-cios-mqt9i3eh,,,,,
FierafavoriteFiera del Piave,,10 luglio - 14 luglio 2026,2026-07-10,2026-07-14,Pieve di Maserada sul Piave,Veneto,veneto,Prosecco e Asolo,prosecco-e-asolo,https://sagr.it/veneto/prosecco-e-asolo/eventi/fiera-del-piave,,,,,
SagrafavoriteSagra dei Per,,10 luglio - 26 luglio 2026,2026-07-10,2026-07-26,Bribano,Veneto,veneto,Prosecco e Asolo,prosecco-e-asolo,https://sagr.it/veneto/prosecco-e-asolo/eventi/sagra-dei-per,,,,,
SagrafavoriteSagra dei S'cios,,10 luglio - 20 luglio 2026,2026-07-10,2026-07-20,Quero,Veneto,veneto,Prosecco e Asolo,prosecco-e-asolo,https://sagr.it/veneto/prosecco-e-asolo/eventi/sagra-dei-s-cios,,,,,
SagrafavoriteSagra dei peri di Conscio,,12 luglio - 22 luglio 2026,2026-07-12,2026-07-22,Conscio,Veneto,veneto,Prosecco e Asolo,prosecco-e-asolo,https://sagr.it/veneto/prosecco-e-asolo/eventi/sagra-dei-peri-di-conscio,,,,,
SagrafavoriteMostra del Vino Vallonto di Fontanelle,,16 luglio - 3 agosto 2026,2026-07-16,2026-08-03,Fontanelle,Veneto,veneto,Prosecco e Asolo,prosecco-e-asolo,https://sagr.it/veneto/prosecco-e-asolo/eventi/mostra-del-vino-vallonto-di-fontanelle,,,,,
SagrafavoriteFesta del Melere,,1 agosto - 15 agosto 2026,2026-08-01,2026-08-15,Trichiana,Veneto,veneto,Prosecco e Asolo,prosecco-e-asolo,https://sagr.it/veneto/prosecco-e-asolo/eventi/festa-del-melere,,,,,
SagrafavoriteSagra Poenta e Osei,,12 settembre - 28 settembre 2026,2026-09-12,2026-09-28,Pramaggiore,Veneto,veneto,Prosecco e Asolo,prosecco-e-asolo,https://sagr.it/veneto/prosecco-e-asolo/eventi/sagra-poenta-e-osei,,,,,
SagrafavoriteFesta dell’uva,,26 settembre - 27 settembre 2026,2026-09-26,2026-09-27,Fonzaso,Veneto,veneto,Prosecco e Asolo,prosecco-e-asolo,https://sagr.it/veneto/prosecco-e-asolo/eventi/festa-dell-uva-mqbexu2q,,,,,
SagrafavoriteFesta della Castagna,,3 ottobre - 19 ottobre 2026,2026-10-03,2026-10-19,Colmaggiore,Veneto,veneto,Prosecco e Asolo,prosecco-e-asolo,https://sagr.it/veneto/prosecco-e-asolo/eventi/festa-della-castagna-mqljoj5k,,,,,
SagrafavoriteGnoche ‘n festa,,4 ottobre - 5 ottobre 2026,2026-10-04,2026-10-05,Auronzo di Cadore,Veneto,veneto,Prosecco e Asolo,prosecco-e-asolo,https://sagr.it/veneto/prosecco-e-asolo/eventi/gnoche-n-festa,,,,,
SagrafavoriteFesta dei marroni di Combai,,10 ottobre - 2 novembre 2026,2026-10-10,2026-11-02,Combai,Veneto,veneto,Prosecco e Asolo,prosecco-e-asolo,https://sagr.it/veneto/prosecco-e-asolo/eventi/festa-dei-marroni-di-combai,,,,,
SagrafavoriteSagra del riso,,10 ottobre - 11 ottobre 2026,2026-10-10,2026-10-11,Merlengo,Veneto,veneto,Prosecco e Asolo,prosecco-e-asolo,https://sagr.it/veneto/prosecco-e-asolo/eventi/sagra-del-riso,,,,,
RievocazionefavoriteIl mulino e il suo tempo,,12 ottobre - 19 ottobre 2026,2026-10-12,2026-10-19,Refrontolo,Veneto,veneto,Prosecco e Asolo,prosecco-e-asolo,https://sagr.it/veneto/prosecco-e-asolo/eventi/il-mulino-e-il-suo-tempo,,,,,
SagrafavoriteFesta d’autunno per le vie di Salgareda,,7 novembre - 15 novembre 2026,2026-11-07,2026-11-15,Salgareda,Veneto,veneto,Prosecco e Asolo,prosecco-e-asolo,https://sagr.it/veneto/prosecco-e-asolo/eventi/festa-d-autunno-per-le-vie-di-salgareda,,,,,
SagrafavoriteSagra de San Martin,,7 novembre - 11 novembre 2026,2026-11-07,2026-11-11,San Fior,Veneto,veneto,Prosecco e Asolo,prosecco-e-asolo,https://sagr.it/veneto/prosecco-e-asolo/eventi/sagra-de-san-martin,,,,,
SagrafavoriteSagra di San Martino,,7 novembre - 11 novembre 2026,2026-11-07,2026-11-11,Chies d'Alpago,Veneto,veneto,Prosecco e Asolo,prosecco-e-asolo,https://sagr.it/veneto/prosecco-e-asolo/eventi/sagra-di-san-martino,,,,,
SagrafavoriteFesta del Radicchio variegato di Castelfranco IGP,,13 dicembre - 14 dicembre 2026,2026-12-13,2026-12-14,Castelfranco Veneto,Veneto,veneto,Prosecco e Asolo,prosecco-e-asolo,https://sagr.it/veneto/prosecco-e-asolo/eventi/festa-del-radicchio-variegato-di-castelfranco-igp,,,,,
Festa patronalefavoriteUltracentenaria Sagra di San Giuseppe,,14 marzo - 22 marzo 2027,2027-03-14,2027-03-22,Vidor,Veneto,veneto,Prosecco e Asolo,prosecco-e-asolo,https://sagr.it/veneto/prosecco-e-asolo/eventi/ultracentenaria-sagra-di-san-giuseppe,,,,,
SagrafavoriteSagra di Valcasoni,,27 marzo - 12 aprile 2026,2026-03-27,2026-04-12,Sette Casoni I,Veneto,veneto,Venezia e Laguna,venezia-e-laguna,https://sagr.it/veneto/venezia-e-laguna/eventi/sagra-di-valcasoni,,,,,
FierafavoriteFiera di Maggio,,13 maggio - 3 giugno 2026,2026-05-13,2026-06-03,Favaro Veneto,Veneto,veneto,Venezia e Laguna,venezia-e-laguna,https://sagr.it/veneto/venezia-e-laguna/eventi/fiera-di-maggio,,,,,
SagrafavoriteSagra delle Rane,,15 maggio - 24 maggio 2026,2026-05-15,2026-05-24,Pramaggiore,Veneto,veneto,Venezia e Laguna,venezia-e-laguna,https://sagr.it/veneto/venezia-e-laguna/eventi/sagra-delle-rane-moor2eky,,,,,
RievocazionefavoriteFesta della Sensa,,17 maggio 2026,2026-05-17,2026-05-17,Venezia,Veneto,veneto,Venezia e Laguna,venezia-e-laguna,https://sagr.it/veneto/venezia-e-laguna/eventi/festa-della-sensa,,,,,
SagrafavoriteSagra dea rana,,22 maggio - 2 giugno 2026,2026-05-22,2026-06-02,Cona,Veneto,veneto,Venezia e Laguna,venezia-e-laguna,https://sagr.it/veneto/venezia-e-laguna/eventi/sagra-dea-rana,,,,,
SagrafavoriteFesta dei Bisi,,29 maggio - 8 giugno 2026,2026-05-29,2026-06-08,Scorzè,Veneto,veneto,Venezia e Laguna,venezia-e-laguna,https://sagr.it/veneto/venezia-e-laguna/eventi/festa-dei-bisi-mp8uzey7,,,,,
SagrafavoriteFesta della bosga,,29 maggio - 7 giugno 2026,2026-05-29,2026-06-07,Corbola,Veneto,veneto,Venezia e Laguna,venezia-e-laguna,https://sagr.it/veneto/venezia-e-laguna/eventi/festa-della-bosga,,,,,
SagrafavoriteFesta della trota,,30 maggio - 7 giugno 2026,2026-05-30,2026-06-07,Molino-mozzi-bittarelli,Veneto,veneto,Venezia e Laguna,venezia-e-laguna,https://sagr.it/veneto/venezia-e-laguna/eventi/festa-della-trota,,,,,
SagrafavoriteSagra di San Vigilio - Zelarino,,1 giugno - 30 giugno 2026,2026-06-01,2026-06-30,Zelarino,Veneto,veneto,Venezia e Laguna,venezia-e-laguna,https://sagr.it/veneto/venezia-e-laguna/eventi/sagra-di-san-vigilio-zelarino,,,,,
Festa patronalefavoriteSagra Parrocchiale,,5 giugno - 14 giugno 2026,2026-06-05,2026-06-14,Galta,Veneto,veneto,Venezia e Laguna,venezia-e-laguna,https://sagr.it/veneto/venezia-e-laguna/eventi/sagra-parrocchiale,,,,,
Festa patronalefavoriteSagra di San Giovanni Battista - Festa del Vino,,5 giugno - 21 giugno 2026,2026-06-05,2026-06-21,Camponogara,Veneto,veneto,Venezia e Laguna,venezia-e-laguna,https://sagr.it/veneto/venezia-e-laguna/eventi/sagra-di-san-giovanni-battista-festa-del-vino,,,,,
MercatofavoriteAntica Fiera del Biso,,5 giugno - 14 giugno 2026,2026-06-05,2026-06-14,Pianiga,Veneto,veneto,Venezia e Laguna,venezia-e-laguna,https://sagr.it/veneto/venezia-e-laguna/eventi/antica-fiera-del-biso,,,,,
FestivalfavoriteSindacountry,,12 giugno - 21 giugno 2026,2026-06-12,2026-06-21,Concordia Sagittaria,Veneto,veneto,Venezia e Laguna,venezia-e-laguna,https://sagr.it/veneto/venezia-e-laguna/eventi/sindacountry,,,,,
SagrafavoriteCaltana in Festa,,19 giugno - 24 giugno 2026,2026-06-19,2026-06-24,Caltana,Veneto,veneto,Venezia e Laguna,venezia-e-laguna,https://sagr.it/veneto/venezia-e-laguna/eventi/caltana-in-festa,,,,,
SagrafavoriteFesta del Pesce Azzurro,,19 giugno - 30 giugno 2026,2026-06-19,2026-06-30,Chioggia,Veneto,veneto,Venezia e Laguna,venezia-e-laguna,https://sagr.it/veneto/venezia-e-laguna/eventi/festa-del-pesce-azzurro-moor2evc,,,,,
Festa patronalefavoriteSagra dei SS. Pietro e Paolo - Festa del Pescatore,,25 giugno - 29 giugno 2026,2026-06-25,2026-06-29,Porto Tolle (Scardovari),Veneto,veneto,Venezia e Laguna,venezia-e-laguna,https://sagr.it/veneto/venezia-e-laguna/eventi/sagra-dei-ss-pietro-e-paolo-festa-del-pescatore,,,,,
Evento culturalefavoriteSunset Run,,27 giugno 2026,2026-06-27,2026-06-27,Cavallino Treporti,Veneto,veneto,Venezia e Laguna,venezia-e-laguna,https://sagr.it/veneto/venezia-e-laguna/eventi/sunset-run,,,,,
SagrafavoriteSagra del Pesce a Chioggia,,10 luglio - 19 luglio 2026,2026-07-10,2026-07-19,Chioggia,Veneto,veneto,Venezia e Laguna,venezia-e-laguna,https://sagr.it/veneto/venezia-e-laguna/eventi/sagra-del-pesce-a-chioggia,,,,,
SagrafavoriteFesta del pomodoro,,18 luglio - 28 luglio 2026,2026-07-18,2026-07-28,Cappella,Veneto,veneto,Venezia e Laguna,venezia-e-laguna,https://sagr.it/veneto/venezia-e-laguna/eventi/festa-del-pomodoro,,,,,
FestivalfavoriteBirraRock,,22 luglio - 28 luglio 2026,2026-07-22,2026-07-28,Santa Maria di Sala,Veneto,veneto,Venezia e Laguna,venezia-e-laguna,https://sagr.it/veneto/venezia-e-laguna/eventi/birrarock,,,,,
SagrafavoriteSagra della sopressa,,8 agosto - 15 agosto 2026,2026-08-08,2026-08-15,Belfiore,Veneto,veneto,Venezia e Laguna,venezia-e-laguna,https://sagr.it/veneto/venezia-e-laguna/eventi/sagra-della-sopressa,,,,,
SagrafavoriteSagra di Eraclea,,8 agosto - 18 agosto 2026,2026-08-08,2026-08-18,Eraclea,Veneto,veneto,Venezia e Laguna,venezia-e-laguna,https://sagr.it/veneto/venezia-e-laguna/eventi/sagra-di-eraclea,,,,,
FestivalfavoriteMercatini del Sea Music,Festival,13 agosto - 23 agosto 2026,2026-08-13,2026-08-23,Chioggia,Veneto,veneto,Venezia e Laguna,venezia-e-laguna,https://sagr.it/veneto/venezia-e-laguna/eventi/mercatini-del-sea-music-festival,,,,,
SagrafavoriteSagra del somarino di Runzi,,5 settembre - 15 settembre 2026,2026-09-05,2026-09-15,Runzi,Veneto,veneto,Venezia e Laguna,venezia-e-laguna,https://sagr.it/veneto/venezia-e-laguna/eventi/sagra-del-somarino-di-runzi,,,,,
SagrafavoriteAntica fiera franca,,12 settembre - 16 settembre 2026,2026-09-12,2026-09-16,Venezia,Veneto,veneto,Venezia e Laguna,venezia-e-laguna,https://sagr.it/veneto/venezia-e-laguna/eventi/antica-fiera-franca,,,,,
SagrafavoriteFesta dea poenta,,12 settembre - 28 settembre 2026,2026-09-12,2026-09-28,Castelminio,Veneto,veneto,Venezia e Laguna,venezia-e-laguna,https://sagr.it/veneto/venezia-e-laguna/eventi/festa-dea-poenta,,,,,
SagrafavoriteSagra dea sbrisa,,12 settembre - 23 settembre 2026,2026-09-12,2026-09-23,Venezia,Veneto,veneto,Venezia e Laguna,venezia-e-laguna,https://sagr.it/veneto/venezia-e-laguna/eventi/sagra-dea-sbrisa,,,,,
SagrafavoriteFesta del pesce,,19 settembre - 28 settembre 2026,2026-09-19,2026-09-28,Caorle,Veneto,veneto,Venezia e Laguna,venezia-e-laguna,https://sagr.it/veneto/venezia-e-laguna/eventi/festa-del-pesce-mqbexp94,,,,,
SagrafavoriteFesta di San Michele,,19 settembre - 29 settembre 2026,2026-09-19,2026-09-29,Quarto d'Altino,Veneto,veneto,Venezia e Laguna,venezia-e-laguna,https://sagr.it/veneto/venezia-e-laguna/eventi/festa-di-san-michele,,,,,
SagrafavoriteFesta del fungo e dei sapori tipici,,3 ottobre - 12 ottobre 2026,2026-10-03,2026-10-12,Cona,Veneto,veneto,Venezia e Laguna,venezia-e-laguna,https://sagr.it/veneto/venezia-e-laguna/eventi/festa-del-fungo-e-dei-sapori-tipici,,,,,
SagrafavoriteSagra di Vallio dell’oca,,3 ottobre - 18 ottobre 2026,2026-10-03,2026-10-18,Roncade,Veneto,veneto,Venezia e Laguna,venezia-e-laguna,https://sagr.it/veneto/venezia-e-laguna/eventi/sagra-di-vallio-dell-oca,,,,,
SagrafavoriteFesta del baccalà a Borgoricco,,7 novembre - 16 novembre 2026,2026-11-07,2026-11-16,Marcon,Veneto,veneto,Venezia e Laguna,venezia-e-laguna,https://sagr.it/veneto/venezia-e-laguna/eventi/festa-del-baccala-a-borgoricco,,,,,
SagrafavoriteFesta del radicchio rosso di Treviso IGP,,7 novembre - 23 novembre 2026,2026-11-07,2026-11-23,Scorzè,Veneto,veneto,Venezia e Laguna,venezia-e-laguna,https://sagr.it/veneto/venezia-e-laguna/eventi/festa-del-radicchio-rosso-di-treviso-igp,,,,,
SagrafavoriteMostra del radicchio,,16 gennaio - 25 gennaio 2027,2027-01-16,2027-01-25,Martellago,Veneto,veneto,Venezia e Laguna,venezia-e-laguna,https://sagr.it/veneto/venezia-e-laguna/eventi/mostra-del-radicchio,,,,,
SagrafavoriteA Tavola con il Tarassaco di Conco De.Co.,,27 marzo - 31 maggio 2026,2026-03-27,2026-05-31,Lusiana Conco,Veneto,veneto,Verona e Lago di Garda,verona-e-lago-di-garda,https://sagr.it/veneto/verona-e-lago-di-garda/eventi/a-tavola-con-il-tarassaco-di-conco-de-co,,,,,
SagrafavoriteViniVeri Cerea,,10 aprile - 12 aprile 2026,2026-04-10,2026-04-12,Cerea,Veneto,veneto,Verona e Lago di Garda,verona-e-lago-di-garda,https://sagr.it/veneto/verona-e-lago-di-garda/eventi/viniveri-cerea,,,,,
FierafavoriteVinitaly,,12 aprile - 15 aprile 2026,2026-04-12,2026-04-15,Verona,Veneto,veneto,Verona e Lago di Garda,verona-e-lago-di-garda,https://sagr.it/veneto/verona-e-lago-di-garda/eventi/vinitaly,,,,,
"FierafavoriteCaccia, pesca, natura",,17 aprile - 19 aprile 2026,2026-04-17,2026-04-19,Longarone,Veneto,veneto,Verona e Lago di Garda,verona-e-lago-di-garda,https://sagr.it/veneto/verona-e-lago-di-garda/eventi/caccia-pesca-natura,,,,,
SagrafavoriteFesta della Sparasina,,19 aprile - 1 maggio 2026,2026-04-19,2026-05-01,Pigozzo,Veneto,veneto,Verona e Lago di Garda,verona-e-lago-di-garda,https://sagr.it/veneto/verona-e-lago-di-garda/eventi/festa-della-sparasina,,,,,
SagrafavoriteSagra dei Sparasi di Mambrotta,,22 aprile - 3 maggio 2026,2026-04-22,2026-05-03,San Martino Buon Albergo,Veneto,veneto,Verona e Lago di Garda,verona-e-lago-di-garda,https://sagr.it/veneto/verona-e-lago-di-garda/eventi/sagra-dei-sparasi-di-mambrotta,,,,,
SagrafavoriteBorgo diVino a Bard,,24 aprile - 26 aprile 2026,2026-04-24,2026-04-26,Bard,Veneto,veneto,Verona e Lago di Garda,verona-e-lago-di-garda,https://sagr.it/veneto/verona-e-lago-di-garda/eventi/borgo-divino-a-bard,,,,,
SagrafavoriteSagra de li strangozzi co’ li sparaci,,24 aprile - 3 maggio 2026,2026-04-24,2026-05-03,Eggi,Veneto,veneto,Verona e Lago di Garda,verona-e-lago-di-garda,https://sagr.it/veneto/verona-e-lago-di-garda/eventi/sagra-de-li-strangozzi-co-li-sparaci,,,,,
SagrafavoriteL'Asparago e Dintorni,,30 aprile - 10 maggio 2026,2026-04-30,2026-05-10,Cassola,Veneto,veneto,Verona e Lago di Garda,verona-e-lago-di-garda,https://sagr.it/veneto/verona-e-lago-di-garda/eventi/l-asparago-e-dintorni,,,,,
SagrafavoriteFragolosa - Festa della fragola di Buttapietra,,1 maggio - 3 maggio 2026,2026-05-01,2026-05-03,Buttapietra,Veneto,veneto,Verona e Lago di Garda,verona-e-lago-di-garda,https://sagr.it/veneto/verona-e-lago-di-garda/eventi/fragolosa-festa-della-fragola-di-buttapietra,,,,,
SagrafavoriteFragolosa Buttapietra,,3 maggio 2026,2026-05-03,2026-05-03,Buttapietra,Veneto,veneto,Verona e Lago di Garda,verona-e-lago-di-garda,https://sagr.it/veneto/verona-e-lago-di-garda/eventi/fragolosa-buttapietra,,,,,
SagrafavoriteFesta degli Asparagi,,8 maggio - 17 maggio 2026,2026-05-08,2026-05-17,Cavaion Veronese,Veneto,veneto,Verona e Lago di Garda,verona-e-lago-di-garda,https://sagr.it/veneto/verona-e-lago-di-garda/eventi/festa-degli-asparagi-moor2e6k,,,,,
SagrafavoriteFesta del vino Doc,,15 maggio - 25 maggio 2026,2026-05-15,2026-05-25,Roncà,Veneto,veneto,Verona e Lago di Garda,verona-e-lago-di-garda,https://sagr.it/veneto/verona-e-lago-di-garda/eventi/festa-del-vino-doc,,,,,
SagrafavoriteSagra dei Bisi,,16 maggio - 26 maggio 2026,2026-05-16,2026-05-26,Colognola ai Colli,Veneto,veneto,Verona e Lago di Garda,verona-e-lago-di-garda,https://sagr.it/veneto/verona-e-lago-di-garda/eventi/sagra-dei-bisi,,,,,
Festa patronalefavoriteSagra di San Zeno,,21 maggio - 25 maggio 2026,2026-05-21,2026-05-25,Minerbe,Veneto,veneto,Verona e Lago di Garda,verona-e-lago-di-garda,https://sagr.it/veneto/verona-e-lago-di-garda/eventi/sagra-di-san-zeno,,,,,
SagrafavoriteFesta del Vino Monteforte d’Alpone,,22 maggio - 24 maggio 2026,2026-05-22,2026-05-24,Monteforte d'Alpone,Veneto,veneto,Verona e Lago di Garda,verona-e-lago-di-garda,https://sagr.it/veneto/verona-e-lago-di-garda/eventi/festa-del-vino-monteforte-d-alpone,,,,,
SagrafavoriteFesta del Formaggio Monte Veronese,,31 maggio 2026,2026-05-31,2026-05-31,Erbezzo,Veneto,veneto,Verona e Lago di Garda,verona-e-lago-di-garda,https://sagr.it/veneto/verona-e-lago-di-garda/eventi/festa-del-formaggio-monte-veronese,,,,,
SagrafavoriteFesta della Trota - Sagra di Molino di Altissimo,,1 giugno - 30 giugno 2026,2026-06-01,2026-06-30,Altissimo,Veneto,veneto,Verona e Lago di Garda,verona-e-lago-di-garda,https://sagr.it/veneto/verona-e-lago-di-garda/eventi/festa-della-trota-sagra-di-molino-di-altissimo,,,,,
Festa patronalefavoriteFesta di Sant'Antonio - Sasso di Asiago,,2 giugno - 21 giugno 2026,2026-06-02,2026-06-21,Asiago,Veneto,veneto,Verona e Lago di Garda,verona-e-lago-di-garda,https://sagr.it/veneto/verona-e-lago-di-garda/eventi/festa-di-sant-antonio-sasso-di-asiago,,,,,
SagrafavoriteTour del Palato,,2 giugno 2026,2026-06-02,2026-06-02,Mozzecane,Veneto,veneto,Verona e Lago di Garda,verona-e-lago-di-garda,https://sagr.it/veneto/verona-e-lago-di-garda/eventi/tour-del-palato,,,,,
SagrafavoriteFesta delle ciliegie,,5 giugno - 7 giugno 2026,2026-06-05,2026-06-07,Marcellise,Veneto,veneto,Verona e Lago di Garda,verona-e-lago-di-garda,https://sagr.it/veneto/verona-e-lago-di-garda/eventi/festa-delle-ciliegie-moxezids,,,,,
Festa patronalefavoriteSagra di Sant'Antonio a Coalonga di San Bonifacio,,6 giugno - 14 giugno 2026,2026-06-06,2026-06-14,San Bonifacio,Veneto,veneto,Verona e Lago di Garda,verona-e-lago-di-garda,https://sagr.it/veneto/verona-e-lago-di-garda/eventi/sagra-di-sant-antonio-a-coalonga-di-san-bonifacio,,,,,
SagrafavoriteFesta del Giglio ai Ferrovieri - Vicenza,,6 giugno - 14 giugno 2026,2026-06-06,2026-06-14,Vicenza,Veneto,veneto,Verona e Lago di Garda,verona-e-lago-di-garda,https://sagr.it/veneto/verona-e-lago-di-garda/eventi/festa-del-giglio-ai-ferrovieri-vicenza,,,,,
SagrafavoriteSagra delle Ciliegie,,11 giugno - 15 giugno 2026,2026-06-11,2026-06-15,Montecchia di Crosara,Veneto,veneto,Verona e Lago di Garda,verona-e-lago-di-garda,https://sagr.it/veneto/verona-e-lago-di-garda/eventi/sagra-delle-ciliegie-mpiwc4kw,,,,,
Festa patronalefavoriteFesta di San Giovanni a Lugo di Vicenza,,12 giugno - 24 giugno 2026,2026-06-12,2026-06-24,Lugo di Vicenza,Veneto,veneto,Verona e Lago di Garda,verona-e-lago-di-garda,https://sagr.it/veneto/verona-e-lago-di-garda/eventi/festa-di-san-giovanni-a-lugo-di-vicenza,,,,,
Festa patronalefavoriteSagra a S. Vito di Bassano del Grappa,,12 giugno - 20 giugno 2026,2026-06-12,2026-06-20,Bassano del Grappa,Veneto,veneto,Verona e Lago di Garda,verona-e-lago-di-garda,https://sagr.it/veneto/verona-e-lago-di-garda/eventi/sagra-a-s-vito-di-bassano-del-grappa,,,,,
Festa patronalefavoriteSagra di Sant'Antonio - Pedescala,,12 giugno - 14 giugno 2026,2026-06-12,2026-06-14,Valdastico,Veneto,veneto,Verona e Lago di Garda,verona-e-lago-di-garda,https://sagr.it/veneto/verona-e-lago-di-garda/eventi/sagra-di-sant-antonio-pedescala,,,,,
RievocazionefavoriteFesta Medievale di Affi,,13 giugno - 14 giugno 2026,2026-06-13,2026-06-14,Affi,Veneto,veneto,Verona e Lago di Garda,verona-e-lago-di-garda,https://sagr.it/veneto/verona-e-lago-di-garda/eventi/festa-medievale-di-affi,,,,,
SagrafavoriteBBQ,Festival,18 giugno - 21 giugno 2026,2026-06-18,2026-06-21,Peschiera del Garda,Veneto,veneto,Verona e Lago di Garda,verona-e-lago-di-garda,https://sagr.it/veneto/verona-e-lago-di-garda/eventi/bbq-festival,,,,,
SagrafavoriteFesta del Barbecue,,18 giugno - 21 giugno 2026,2026-06-18,2026-06-21,Peschiera del Garda,Veneto,veneto,Verona e Lago di Garda,verona-e-lago-di-garda,https://sagr.it/veneto/verona-e-lago-di-garda/eventi/festa-del-barbecue,,,,,
SagrafavoriteSagra Croxe del Galo,,19 giugno - 28 giugno 2026,2026-06-19,2026-06-28,Valdagno,Veneto,veneto,Verona e Lago di Garda,verona-e-lago-di-garda,https://sagr.it/veneto/verona-e-lago-di-garda/eventi/sagra-croxe-del-galo,,,,,
SagrafavoriteSagra a Montecchio Precalcino,,19 giugno - 22 giugno 2026,2026-06-19,2026-06-22,Montecchio Precalcino,Veneto,veneto,Verona e Lago di Garda,verona-e-lago-di-garda,https://sagr.it/veneto/verona-e-lago-di-garda/eventi/sagra-a-montecchio-precalcino,,,,,
SagrafavoriteSagra di Vivaro,,19 giugno - 23 giugno 2026,2026-06-19,2026-06-23,Dueville,Veneto,veneto,Verona e Lago di Garda,verona-e-lago-di-garda,https://sagr.it/veneto/verona-e-lago-di-garda/eventi/sagra-di-vivaro,,,,,
Festa patronalefavoriteFesta del Patrono - San Pietro in Cariano,,20 giugno - 28 giugno 2026,2026-06-20,2026-06-28,San Pietro in Cariano,Veneto,veneto,Verona e Lago di Garda,verona-e-lago-di-garda,https://sagr.it/veneto/verona-e-lago-di-garda/eventi/festa-del-patrono-san-pietro-in-cariano,,,,,
RievocazionefavoriteFesta del Fuoco,,23 giugno 2026,2026-06-23,2026-06-23,Giazza,Veneto,veneto,Verona e Lago di Garda,verona-e-lago-di-garda,https://sagr.it/veneto/verona-e-lago-di-garda/eventi/festa-del-fuoco,,,,,
SagrafavoriteAntica Sagra del Susino - San Pierino,,26 giugno - 30 giugno 2026,2026-06-26,2026-06-30,Bovolone,Veneto,veneto,Verona e Lago di Garda,verona-e-lago-di-garda,https://sagr.it/veneto/verona-e-lago-di-garda/eventi/antica-sagra-del-susino-san-pierino,,,,,
SagrafavoriteSagra di Nanto - L'Olivo e il Tartufo dei Colli Berici,,26 giugno - 5 luglio 2026,2026-06-26,2026-07-05,Nanto,Veneto,veneto,Verona e Lago di Garda,verona-e-lago-di-garda,https://sagr.it/veneto/verona-e-lago-di-garda/eventi/sagra-di-nanto-l-olivo-e-il-tartufo-dei-colli-berici,,,,,
Festa patronalefavoriteSagra di San Pietro,,1 luglio - 7 luglio 2026,2026-07-01,2026-07-07,Roveredo di Guà,Veneto,veneto,Verona e Lago di Garda,verona-e-lago-di-garda,https://sagr.it/veneto/verona-e-lago-di-garda/eventi/sagra-di-san-pietro-roveredo-di-gua,,,,,
Festa patronalefavoriteFesta del SS.Redentore,,2 luglio - 12 luglio 2026,2026-07-02,2026-07-12,Fellette,Veneto,veneto,Verona e Lago di Garda,verona-e-lago-di-garda,https://sagr.it/veneto/verona-e-lago-di-garda/eventi/festa-del-ss-redentore,,,,,
SagrafavoriteMotta in Festa,,2 luglio - 6 luglio 2026,2026-07-02,2026-07-06,Costabissara,Veneto,veneto,Verona e Lago di Garda,verona-e-lago-di-garda,https://sagr.it/veneto/verona-e-lago-di-garda/eventi/motta-in-festa,,,,,
SagrafavoriteFesta della Tagliata,,3 luglio - 8 luglio 2026,2026-07-03,2026-07-08,Grumolo delle Abbadesse,Veneto,veneto,Verona e Lago di Garda,verona-e-lago-di-garda,https://sagr.it/veneto/verona-e-lago-di-garda/eventi/festa-della-tagliata,,,,,
SagrafavoriteSagra di Cerea,,3 luglio - 7 luglio 2026,2026-07-03,2026-07-07,Cerea,Veneto,veneto,Verona e Lago di Garda,verona-e-lago-di-garda,https://sagr.it/veneto/verona-e-lago-di-garda/eventi/sagra-di-cerea,,,,,
FierafavoriteFiera di Valeggio sul Mincio,,4 luglio - 6 luglio 2026,2026-07-04,2026-07-06,Valeggio sul Mincio,Veneto,veneto,Verona e Lago di Garda,verona-e-lago-di-garda,https://sagr.it/veneto/verona-e-lago-di-garda/eventi/fiera-di-valeggio-sul-mincio,,,,,
SagrafavoriteFesta della tagliata di Sarmego,,4 luglio - 9 luglio 2026,2026-07-04,2026-07-09,Sarmego,Veneto,veneto,Verona e Lago di Garda,verona-e-lago-di-garda,https://sagr.it/veneto/verona-e-lago-di-garda/eventi/festa-della-tagliata-di-sarmego,,,,,
Festa patronalefavoriteSagra di San Barnaba a Laghi,,9 luglio - 12 luglio 2026,2026-07-09,2026-07-12,Laghi,Veneto,veneto,Verona e Lago di Garda,verona-e-lago-di-garda,https://sagr.it/veneto/verona-e-lago-di-garda/eventi/sagra-di-san-barnaba-a-laghi,,,,,
SagrafavoriteFesta dei Bigoli - Mazzano,,9 luglio - 13 luglio 2026,2026-07-09,2026-07-13,Negrar di Valpolicella,Veneto,veneto,Verona e Lago di Garda,verona-e-lago-di-garda,https://sagr.it/veneto/verona-e-lago-di-garda/eventi/festa-dei-bigoli-mazzano,,,,,
"Evento culturalefavoriteHoga Zait, il festival Cimbro",,10 luglio - 19 luglio 2026,2026-07-10,2026-07-19,Roana,Veneto,veneto,Verona e Lago di Garda,verona-e-lago-di-garda,https://sagr.it/veneto/verona-e-lago-di-garda/eventi/hoga-zait-il-festival-cimbro,,,,,
Festa patronalefavoriteFesta dell'Agola e della Madonna della Salute,,10 luglio 2026,2026-07-10,2026-07-10,Brenzone sul Garda,Veneto,veneto,Verona e Lago di Garda,verona-e-lago-di-garda,https://sagr.it/veneto/verona-e-lago-di-garda/eventi/festa-dell-agola-e-della-madonna-della-salute,,,,,
RievocazionefavoriteSagra del Redentore a Ponte di Barbarano,,17 luglio - 21 luglio 2026,2026-07-17,2026-07-21,Ponte di Barbarano,Veneto,veneto,Verona e Lago di Garda,verona-e-lago-di-garda,https://sagr.it/veneto/verona-e-lago-di-garda/eventi/sagra-del-redentore-a-ponte-di-barbarano,,,,,
SagrafavoriteFesta dell'antica pieve ex trebbiatura,,17 luglio - 21 luglio 2026,2026-07-17,2026-07-21,Cologna Veneta,Veneto,veneto,Verona e Lago di Garda,verona-e-lago-di-garda,https://sagr.it/veneto/verona-e-lago-di-garda/eventi/festa-dell-antica-pieve-ex-trebbiatura,,,,,
SagrafavoriteAntica sagra del Carmine,,18 luglio - 21 luglio 2026,2026-07-18,2026-07-21,Gambellara,Veneto,veneto,Verona e Lago di Garda,verona-e-lago-di-garda,https://sagr.it/veneto/verona-e-lago-di-garda/eventi/antica-sagra-del-carmine,,,,,
SagrafavoriteFesta degli Gnocchi di Malga,,24 luglio - 26 luglio 2026,2026-07-24,2026-07-26,Valdiporro,Veneto,veneto,Verona e Lago di Garda,verona-e-lago-di-garda,https://sagr.it/veneto/verona-e-lago-di-garda/eventi/festa-degli-gnocchi-di-malga,,,,,
SagrafavoriteSagra a Malunga,,1 agosto - 2 agosto 2026,2026-08-01,2026-08-02,Valli del Pasubio,Veneto,veneto,Verona e Lago di Garda,verona-e-lago-di-garda,https://sagr.it/veneto/verona-e-lago-di-garda/eventi/sagra-a-malunga,,,,,
SagrafavoriteGalzega del Riso,,1 settembre - 6 settembre 2026,2026-09-01,2026-09-06,Minerbe,Veneto,veneto,Verona e Lago di Garda,verona-e-lago-di-garda,https://sagr.it/veneto/verona-e-lago-di-garda/eventi/galzega-del-riso,,,,,
SagrafavoriteSagra dei ossi de mas-cio,,5 settembre - 7 settembre 2026,2026-09-05,2026-09-07,Longare,Veneto,veneto,Verona e Lago di Garda,verona-e-lago-di-garda,https://sagr.it/veneto/verona-e-lago-di-garda/eventi/sagra-dei-ossi-de-mas-cio,,,,,
SagrafavoriteMagnalonga Settembrina,,6 settembre 2026,2026-09-06,2026-09-06,Negrar di Valpolicella,Veneto,veneto,Verona e Lago di Garda,verona-e-lago-di-garda,https://sagr.it/veneto/verona-e-lago-di-garda/eventi/magnalonga-settembrina,,,,,
SagrafavoriteSagra de l’Anara Pitanara,,10 settembre - 16 settembre 2026,2026-09-10,2026-09-16,Isola della Scala,Veneto,veneto,Verona e Lago di Garda,verona-e-lago-di-garda,https://sagr.it/veneto/verona-e-lago-di-garda/eventi/sagra-de-l-anara-pitanara,,,,,
SagrafavoriteFestival del bacalà alla vincentina,,18 settembre - 29 settembre 2026,2026-09-18,2026-09-29,Sandrigo,Veneto,veneto,Verona e Lago di Garda,verona-e-lago-di-garda,https://sagr.it/veneto/verona-e-lago-di-garda/eventi/festival-del-bacala-alla-vincentina,,,,,
SagrafavoriteSagra dell’Anara e Festa di San Michele,,18 settembre - 28 settembre 2026,2026-09-18,2026-09-28,Arcè di Pescantina,Veneto,veneto,Verona e Lago di Garda,verona-e-lago-di-garda,https://sagr.it/veneto/verona-e-lago-di-garda/eventi/sagra-dell-anara-e-festa-di-san-michele,,,,,
SagrafavoriteFesta del riso,,19 settembre - 23 settembre 2026,2026-09-19,2026-09-23,Grumolo delle Abbadesse,Veneto,veneto,Verona e Lago di Garda,verona-e-lago-di-garda,https://sagr.it/veneto/verona-e-lago-di-garda/eventi/festa-del-riso-mqbexpoh,,,,,
SagrafavoriteFesta dell’uva Soave,,19 settembre - 21 settembre 2026,2026-09-19,2026-09-21,Soave,Veneto,veneto,Verona e Lago di Garda,verona-e-lago-di-garda,https://sagr.it/veneto/verona-e-lago-di-garda/eventi/festa-dell-uva-soave,,,,,
SagrafavoriteFesta dell’Uva e del Recioto,,26 settembre - 29 settembre 2026,2026-09-26,2026-09-29,Gambellara,Veneto,veneto,Verona e Lago di Garda,verona-e-lago-di-garda,https://sagr.it/veneto/verona-e-lago-di-garda/eventi/festa-dell-uva-e-del-recioto,,,,,
SagrafavoriteFesta dell’uva e del vino,,26 settembre - 28 settembre 2026,2026-09-26,2026-09-28,Bardolino,Veneto,veneto,Verona e Lago di Garda,verona-e-lago-di-garda,https://sagr.it/veneto/verona-e-lago-di-garda/eventi/festa-dell-uva-e-del-vino,,,,,
SagrafavoriteSagra del Tortellone d’autunno,,1 ottobre - 11 ottobre 2026,2026-10-01,2026-10-11,Bevilacqua,Veneto,veneto,Verona e Lago di Garda,verona-e-lago-di-garda,https://sagr.it/veneto/verona-e-lago-di-garda/eventi/sagra-del-tortellone-d-autunno,,,,,
SagrafavoriteI Giorni del Miele,,2 ottobre - 4 ottobre 2026,2026-10-02,2026-10-04,Lazise,Veneto,veneto,Verona e Lago di Garda,verona-e-lago-di-garda,https://sagr.it/veneto/verona-e-lago-di-garda/eventi/i-giorni-del-miele,,,,,
SagrafavoriteSagra dei bigoli co’l’arna,,3 ottobre - 5 ottobre 2026,2026-10-03,2026-10-05,Zanè,Veneto,veneto,Verona e Lago di Garda,verona-e-lago-di-garda,https://sagr.it/veneto/verona-e-lago-di-garda/eventi/sagra-dei-bigoli-co-l-arna,,,,,
SagrafavoriteSagra dei Panocini,,9 ottobre - 14 ottobre 2026,2026-10-09,2026-10-14,Legnago,Veneto,veneto,Verona e Lago di Garda,verona-e-lago-di-garda,https://sagr.it/veneto/verona-e-lago-di-garda/eventi/sagra-dei-panocini,,,,,
SagrafavoriteFiera della Polenta,,16 ottobre - 9 novembre 2026,2026-10-16,2026-11-09,Vigasio,Veneto,veneto,Verona e Lago di Garda,verona-e-lago-di-garda,https://sagr.it/veneto/verona-e-lago-di-garda/eventi/fiera-della-polenta,,,,,
SagrafavoriteSagra del pan-zal,,16 ottobre - 26 ottobre 2026,2026-10-16,2026-10-26,Rosà,Veneto,veneto,Verona e Lago di Garda,verona-e-lago-di-garda,https://sagr.it/veneto/verona-e-lago-di-garda/eventi/sagra-del-pan-zal,,,,,
SagrafavoriteFesta Regionale Cavolo dell’Adige,,17 ottobre - 20 ottobre 2026,2026-10-17,2026-10-20,Castagnaro,Veneto,veneto,Verona e Lago di Garda,verona-e-lago-di-garda,https://sagr.it/veneto/verona-e-lago-di-garda/eventi/festa-regionale-cavolo-dell-adige,,,,,
SagrafavoriteFiera del bollito con la pearà e sapori d’autunno,,7 novembre - 23 novembre 2026,2026-11-07,2026-11-23,Isola della Scala,Veneto,veneto,Verona e Lago di Garda,verona-e-lago-di-garda,https://sagr.it/veneto/verona-e-lago-di-garda/eventi/fiera-del-bollito-con-la-peara-e-sapori-d-autunno,,,,,
SagrafavoriteFesta dei sapori di San Martino,,8 novembre - 11 novembre 2026,2026-11-08,2026-11-11,Legnago,Veneto,veneto,Verona e Lago di Garda,verona-e-lago-di-garda,https://sagr.it/veneto/verona-e-lago-di-garda/eventi/festa-dei-sapori-di-san-martino,,,,,
SagrafavoriteFesta dell’Olio e del Vino,,22 novembre - 30 novembre 2026,2026-11-22,2026-11-30,Mezzane di Sotto,Veneto,veneto,Verona e Lago di Garda,verona-e-lago-di-garda,https://sagr.it/veneto/verona-e-lago-di-garda/eventi/festa-dell-olio-e-del-vino,,,,,
SagrafavoriteFesta del radicchio,,4 dicembre - 8 dicembre 2026,2026-12-04,2026-12-08,Asigliano Veneto,Veneto,veneto,Verona e Lago di Garda,verona-e-lago-di-garda,https://sagr.it/veneto/verona-e-lago-di-garda/eventi/festa-del-radicchio,,,,,
SagrafavoriteFesta del mandorlato,,6 dicembre - 8 dicembre 2026,2026-12-06,2026-12-08,Cologna Veneta,Veneto,veneto,Verona e Lago di Garda,verona-e-lago-di-garda,https://sagr.it/veneto/verona-e-lago-di-garda/eventi/festa-del-mandorlato,,,,,
Festa patronalefavoriteAntica Sagra dei Rufioi,,16 gennaio - 18 gennaio 2027,2027-01-16,2027-01-18,Costeggiola,Veneto,veneto,Verona e Lago di Garda,verona-e-lago-di-garda,https://sagr.it/veneto/verona-e-lago-di-garda/eventi/antica-sagra-dei-rufioi,,,,,
Festa patronalefavoriteFiera di San Biagio Bovolone,,31 gennaio - 3 febbraio 2027,2027-01-31,2027-02-03,Bovolone,Veneto,veneto,Verona e Lago di Garda,verona-e-lago-di-garda,https://sagr.it/veneto/verona-e-lago-di-garda/eventi/fiera-di-san-biagio-bovolone,,,,,
SagrafavoritePalio della stortina veronese,,5 marzo 2027,2027-03-05,2027-03-05,Cerea,Veneto,veneto,Verona e Lago di Garda,verona-e-lago-di-garda,https://sagr.it/veneto/verona-e-lago-di-garda/eventi/palio-della-stortina-veronese,,,,,
SagrafavoriteSapori berici,,20 marzo - 23 marzo 2027,2027-03-20,2027-03-23,Lonigo,Veneto,veneto,Verona e Lago di Garda,verona-e-lago-di-garda,https://sagr.it/veneto/verona-e-lago-di-garda/eventi/sapori-berici,,,,,
